ID,Game ID,Season,Display Season,Session,Team,Franchise,Opponent,HR,3B,2B,1B,BB,IBB,Auto BB,FO,SO,PO,RGO,LGO,DP,SB,CS,H,BF,IP,ER,RE24,WAR,WPA,300+ Pitches,400+ Pitches,Location
13,6006,6,S6,3,GT,GT,OSU,1,0,0,0,0,0,0,0,3,0,2,2,0,0,0,1,8,2.333333333333333,1,0.1721812434141203,0.0314292128809852,-0.0111999999999999,4,2,Home
13,6008,6,S6,4,GT,GT,NEB,0,0,1,1,0,0,0,0,1,0,1,0,0,0,0,2,4,0.6666666666666666,2,0.8610567514677104,-0.0617820065355724,-0.3452999999999999,1,0,Away
60,3003,3,S3,1,NEB,NEB,RIC,1,0,1,1,1,0,0,2,4,0,3,0,0,0,0,3,13,3.0,2,0.0169491525423726,0.1247902125947184,-0.0374,4,3,Home
60,3006,3,S3,2,NEB,NEB,HOF,0,0,0,0,0,0,0,0,1,0,0,0,0,0,0,0,1,0.3333333333333333,0,-0.3125,0.0409796252191504,0.0023,0,0,Away
129,3007,3,S3,2,WSU,WSU,TCU,0,0,4,1,1,1,0,3,3,1,1,1,0,0,0,5,15,3.0,2,1.2312348668280872,0.0228208916044477,-0.2008,6,3,Home
130,3009,3,S3,2,UOM,UOM,VT,0,0,0,0,0,0,0,2,3,1,1,2,0,0,0,0,9,3.0,0,-1.9830508474576272,0.2858717117181166,0.1823,5,2,Home
131,3005,3,S3,1,WSU,WSU,VT,1,0,0,2,1,0,0,3,3,0,2,0,1,0,0,3,12,3.0,2,0.0169491525423728,0.1150605873755679,-0.148,3,2,Home
150,3001,3,S3,1,HOF,HOF,CSUF,1,0,0,2,1,0,1,0,2,2,0,1,0,0,0,3,9,1.6666666666666667,3,1.9904661016949157,-0.1114799831971377,-0.3225,4,2,Away
183,3003,3,S3,1,RIC,RIC,NEB,1,1,1,2,0,0,0,2,4,0,1,1,0,0,0,5,13,2.6666666666666665,3,1.438377723970944,-0.0173526445481387,-0.5378000000000001,4,1,Away
183,3010,3,S3,2,RIC,RIC,CSUF,0,0,2,0,2,0,0,2,2,0,0,0,0,0,0,2,8,1.3333333333333333,1,0.0264830508474576,0.0751886966684576,-0.1488999999999999,2,0,Away
219,3007,3,S3,2,TCU,TCU,WSU,0,0,0,0,2,0,0,1,1,0,1,0,0,0,0,0,5,1.0,0,-0.6610169491525424,0.1147498210110063,0.1062999999999999,2,1,Away
220,3002,3,S3,1,TCU,TCU,TOL,1,0,2,1,2,0,1,4,1,2,2,0,0,0,0,4,15,3.0,2,0.0169491525423729,0.1442494630330192,0.0525999999999999,4,2,Home
220,3007,3,S3,2,TCU,TCU,WSU,0,0,0,0,0,0,0,2,1,1,0,2,0,0,0,0,6,2.0,0,-1.3220338983050848,0.190581141145411,0.1924999999999999,4,3,Away
220,10003,10,S10,1,BSU,BSU,UNA,0,0,1,2,2,0,0,1,4,1,0,0,0,0,0,3,11,2.0,2,0.9896907216494846,-0.0483163173785537,-0.02,5,0,Away
220,10007,10,S10,3,BSU,BSU,TXS,1,0,0,2,0,0,0,4,1,1,0,1,0,1,0,3,10,2.333333333333333,1,-0.0154639175257731,0.052199146538972,-0.0676,2,2,Home
220,10014,10,S10,5,BSU,BSU,TOL,0,0,0,1,1,0,0,2,3,3,1,0,0,0,0,1,11,3.0,0,-1.5154639175257731,0.202199146538972,0.3662999999999999,6,2,Away
249,9001,9,S9,1,TEN,TEN,HVD,0,0,0,0,0,0,0,1,1,1,2,1,0,0,0,0,6,2.0,0,-0.861244019138756,0.11057603799311,0.1111,4,2,Home
249,9004,9,S9,2,TEN,TEN,UCC,0,0,0,1,2,0,0,0,1,2,1,3,0,0,0,1,10,2.333333333333333,0,-1.3596100322106517,0.1767137300197893,0.0235,7,3,Away
249,9012,9,S9,4,TEN,TEN,TOL,1,0,0,0,0,0,0,2,1,1,1,1,0,0,0,1,7,2.0,1,0.1387559808612439,0.0146513106729824,0.0482,4,2,Home
249,9016,9,S9,6,TEN,TEN,TOL,0,0,1,2,0,0,0,1,0,0,0,1,1,0,0,3,5,1.0,1,0.5693779904306221,-0.0365614356437001,-0.0348,1,1,Home
251,3005,3,S3,1,VT,VT,WSU,2,0,2,1,0,0,0,1,0,2,3,1,0,0,0,5,12,2.333333333333333,4,2.3647752394988943,-0.1197220213200843,-0.6484000000000001,4,1,Away
252,3001,3,S3,1,CSUF,CSUF,HOF,0,0,0,0,1,0,0,4,5,0,0,0,0,0,0,0,10,3.0,0,-1.9830508474576272,0.295601336937267,0.1823,5,0,Home
256,7001,7,S7,1,UVA,UVA,USF,0,2,0,0,0,0,0,0,1,0,2,0,0,0,0,2,5,1.0,2,1.5223880597014927,-0.1193562845108763,-0.4885,2,0,Away
256,7004,7,S7,2,UVA,UVA,MICH,2,1,1,2,1,0,0,0,1,1,3,3,0,0,0,6,15,2.6666666666666665,4,2.698116560056859,-0.171164091627867,-0.449,7,4,Away
256,7011,7,S7,4,UVA,UVA,UCLA,1,0,0,1,1,0,0,0,1,0,4,2,1,0,1,2,10,3.0,1,-0.4328358208955222,0.1156251292999526,-0.0282999999999999,7,4,Away
258,4001,4,S4,1,UWO,UWO,MIC,0,0,0,0,0,0,0,1,2,0,0,0,0,0,0,0,3,1.0,0,-0.5102040816326531,0.0720732121386428,0.0951999999999999,1,0,Home
265,6004,6,S6,2,OSU,OSU,GEO,0,0,0,0,0,0,0,1,1,0,1,3,0,0,0,0,6,2.0,0,-0.8493150684931505,0.1214170097661129,0.0071,4,3,Home
265,6006,6,S6,3,OSU,OSU,GT,0,0,0,1,0,0,0,1,0,0,2,0,0,0,0,1,4,1.0,0,-0.4246575342465752,0.0667894220358561,0.0484,2,0,Away
265,6007,6,S6,4,OSU,OSU,GEO,0,0,1,1,3,0,0,2,1,0,2,0,1,0,2,2,10,2.6666666666666665,1,0.0117416829745597,0.0717968375361399,-0.0585,4,2,Away
275,4006,4,S4,1,UNC,UNC,VAN,1,1,1,1,3,0,0,2,6,0,1,2,0,1,0,4,18,4.333333333333333,1,-0.1741496598639456,0.1507493911637859,0.1827,6,3,Away
275,6002,6,S6,1,GEO,GEO,GT,0,0,0,2,1,0,0,2,4,1,0,4,1,1,0,2,14,4.0,0,-1.6986301369863015,0.261076770990625,0.4475,6,4,Home
275,6007,6,S6,4,GEO,GEO,OSU,0,0,0,0,2,0,0,0,5,0,2,0,0,0,0,0,9,2.333333333333333,0,-0.8278187565858797,0.1375101300337848,0.2191,4,3,Home
321,3002,3,S3,1,TOL,TOL,TCU,1,0,0,3,0,0,0,1,5,0,0,0,0,0,0,4,10,2.0,3,1.6779661016949152,-0.0705003579779872,-0.4477999999999999,3,0,Away
326,6003,6,S6,2,GT,GT,NEB,0,1,1,0,1,0,0,2,1,1,4,4,0,0,0,2,15,4.0,1,-0.6986301369863012,0.1610767709906249,0.3251999999999999,8,5,Home
326,6008,6,S6,4,GT,GT,NEB,0,0,2,1,0,0,0,0,3,0,1,0,0,0,0,3,7,1.3333333333333333,0,0.289628180039139,0.0136036020656837,0.6543,2,0,Away
345,4006,4,S4,1,VAN,VAN,UNC,0,0,0,0,0,0,0,3,1,1,1,0,0,0,0,0,6,2.0,0,-1.6435374149659865,0.2064593494473538,0.5703,3,1,Home
345,4010,4,S4,2,VAN,VAN,ULA,2,0,0,0,0,0,0,8,1,1,1,1,0,0,0,2,14,4.0,2,-0.0408163265306122,0.1023280512048232,-0.0341999999999999,3,2,Home
352,3004,3,S3,1,IND,IND,UOM,1,0,0,0,1,0,1,4,5,0,0,0,0,0,0,1,11,3.0,1,-0.9830508474576272,0.2053309621564175,-0.0031,1,0,Home
361,4003,4,S4,1,GT,GT,CLM,0,1,1,0,1,0,0,0,1,1,2,1,1,0,0,2,8,2.0,1,-0.0204081632653061,0.0581816269275375,-0.0486,4,1,Away
371,11016,11,S11,6,KSU,KSU,ZOO,1,0,1,0,1,0,0,1,0,1,0,0,0,0,0,2,5,0.6666666666666666,1,0.6066210155760235,-0.0393867029626669,-0.1388,1,1,Away
372,3004,3,S3,1,UOM,UOM,IND,0,0,0,0,3,0,0,1,4,0,1,2,1,0,0,0,11,3.0,0,-1.9830508474576272,0.3053309621564175,0.4965,4,3,Away
428,3001,3,S3,1,HOF,HOF,CSUF,0,0,0,0,0,0,0,0,0,1,0,0,0,0,0,0,1,0.3333333333333333,0,-0.7,0.0797296252191504,0.0081,1,0,Away
451,3010,3,S3,2,CSUF,CSUF,RIC,0,0,0,0,0,0,0,1,6,0,0,2,0,0,0,0,9,3.0,0,-1.9830508474576272,0.2858717117181166,0.3909999999999999,5,2,Home
474,4001,4,S4,1,UWO,UWO,MIC,1,0,0,0,0,0,0,1,2,1,1,1,0,0,0,1,7,2.0,1,-0.0204081632653061,0.0511640256024116,-0.1188999999999999,5,2,Home
474,4009,4,S4,2,UWO,UWO,VT,0,0,1,2,0,0,0,0,1,0,0,1,0,0,0,3,5,0.6666666666666666,2,2.0,-0.1649119933743706,-0.0319999999999999,2,1,Home
478,4011,4,S4,2,WSU,WSU,GT,1,1,1,0,0,0,0,3,2,6,0,1,0,0,0,3,15,4.0,1,-1.0408163265306123,0.2093456525299491,0.0776999999999999,6,1,Home
481,4004,4,S4,1,WSU,WSU,SBU,0,0,0,2,0,0,0,2,4,4,0,1,0,1,1,2,13,4.0,1,-1.0408163265306123,0.2093456525299491,0.1500999999999999,10,2,Home
495,4001,4,S4,1,UWO,UWO,MIC,0,0,1,0,0,0,0,0,2,0,0,1,0,0,0,1,4,1.0,0,-0.5102040816326531,0.0790908134637687,0.0808,2,1,Home
496,4009,4,S4,2,UWO,UWO,VT,2,1,0,3,2,0,1,0,2,1,4,3,0,1,0,6,18,3.333333333333333,7,4.959183673469388,-0.3625839421695473,-0.4295,8,3,Home
517,4003,4,S4,1,CLM,CLM,GT,0,2,3,3,2,1,0,3,3,0,1,3,1,0,1,8,20,4.0,6,3.959183673469388,-0.2485487395192956,-0.7315,6,3,Home
517,4008,4,S4,2,CLM,CLM,SBU,0,1,1,1,1,0,0,4,5,2,0,1,0,0,0,3,16,4.0,1,-1.0408163265306123,0.216363253855075,0.3671,3,3,Home
520,4010,4,S4,2,ULA,ULA,VAN,1,0,1,2,5,0,1,3,3,3,0,0,0,0,0,4,18,3.0,4,2.4693877551020407,-0.1206219516579385,-0.5343,3,0,Away
524,4002,4,S4,1,WWU,WWU,VT,0,1,0,1,2,0,0,5,3,0,3,1,0,0,0,2,16,4.0,1,-1.0408163265306123,0.216363253855075,0.1953,7,4,Home
535,4009,4,S4,2,VT,VT,UWO,0,1,2,2,1,0,0,2,6,1,1,2,0,0,0,5,18,4.0,3,0.9591836734693876,0.0303984565053267,0.0384,9,2,Away
553,5003,5,S5,1,WSU,WSU,NEB,0,0,0,1,1,0,0,2,6,0,2,2,0,0,0,1,14,4.0,0,-2.30188679245283,0.3022049146673317,0.3096,8,4,Home
553,5012,5,S5,3,WSU,WSU,SLC,0,0,0,1,0,0,0,2,1,0,0,0,0,0,0,1,4,1.0,0,-0.5754716981132075,0.0781232370747632,0.0483,0,0,Home
553,5022,5,S5,6,WSU,WSU,CCU,1,0,2,3,5,0,0,4,6,1,1,0,0,0,0,6,23,4.0,5,3.2489904005296264,-0.2065866532881682,-0.0688,5,0,Home
562,4004,4,S4,1,SBU,SBU,WSU,2,0,0,4,0,0,0,2,2,0,0,5,0,0,0,6,15,3.0,4,2.4693877551020407,-0.1416747556333161,-0.3500000000000001,6,4,Away
585,4005,4,S4,1,ULA,ULA,NU,1,0,0,2,3,0,0,3,3,4,0,1,0,1,1,3,17,4.0,1,-1.0408163265306123,0.2374160578304526,0.4432,6,4,Away
600,4003,4,S4,1,GT,GT,CLM,0,0,1,1,0,0,0,3,3,0,0,0,0,0,0,2,8,2.0,1,-0.020408163265306,0.0581816269275375,-0.183,2,0,Away
600,4011,4,S4,2,GT,GT,WSU,0,0,0,0,0,0,0,3,3,2,2,2,0,0,0,0,12,4.0,0,-2.0408163265306123,0.2882928485545715,0.5776,7,4,Away
604,4001,4,S4,1,MIC,MIC,UWO,0,0,1,1,0,0,0,2,6,1,3,0,0,0,0,2,14,4.0,0,-2.0408163265306123,0.3023280512048233,0.5569999999999999,9,3,Away
605,4012,4,S4,2,MIC,MIC,WWU,2,1,1,2,0,0,0,4,5,2,2,1,1,0,0,6,20,5.0,3,-0.1741496598639454,0.1577669924889118,0.4175,5,3,Away
610,4005,4,S4,1,NU,NU,ULA,1,0,2,1,2,0,0,4,3,1,1,2,0,0,1,4,17,4.0,2,0.810465724751439,0.0452702513771216,-0.0566999999999999,7,3,Home
610,4007,4,S4,2,NU,NU,UNC,0,0,0,0,2,0,0,2,1,1,1,2,1,0,0,0,9,2.6666666666666665,0,-1.4485609628466771,0.2080145082108004,0.2899,5,4,Home
611,4007,4,S4,2,NU,NU,UNC,0,0,0,0,0,0,0,0,0,1,0,0,0,0,0,0,1,0.3333333333333333,0,-0.2435374149659864,0.0313713428217245,0.0302999999999999,1,0,Home
620,4007,4,S4,2,NU,NU,UNC,0,0,0,0,0,0,0,0,1,0,0,0,0,0,0,0,1,0.3333333333333333,0,-0.082051282051282,0.015222729530254,0.0274,0,0,Home
624,4008,4,S4,2,SBU,SBU,CLM,0,1,0,1,0,0,0,3,1,0,4,1,0,0,0,2,11,3.0,2,0.4693877551020406,0.0302548390661803,-0.133,5,1,Away
636,4002,4,S4,1,VT,VT,WWU,1,0,1,1,3,0,0,2,5,1,1,1,1,0,0,3,16,3.6666666666666665,2,0.2925170068027209,0.0830299205217416,-0.3048,3,3,Away
653,4012,4,S4,2,WWU,WWU,MIC,1,1,0,0,3,0,0,4,6,1,1,1,0,1,1,2,19,5.0,3,0.8258503401360543,0.0647845938140376,-0.0824,8,3,Home
656,4007,4,S4,2,UNC,UNC,NU,0,0,0,1,1,0,0,0,2,0,1,4,2,0,0,1,9,3.0,0,-1.530612244897959,0.2162196364159286,0.2927,4,4,Away
669,4006,4,S4,1,VAN,VAN,UNC,0,0,0,1,4,0,0,2,3,3,0,1,0,1,0,1,14,3.0,1,-0.5306122448979592,0.1583252443666838,0.1124999999999999,6,1,Home
702,5004,5,S5,1,UNC,UNC,GT,0,2,2,2,4,0,0,1,4,1,0,3,0,0,0,6,19,3.0,6,4.273584905660377,-0.3296221710646859,-0.3817,7,3,Away
702,5009,5,S5,3,UNC,UNC,CCU,1,0,0,0,0,0,0,0,7,1,0,1,0,0,0,1,10,3.0,1,-0.7264150943396226,0.1240816775925684,-0.0105,4,2,Away
702,5019,5,S5,5,UNC,UNC,NEB,0,0,0,0,0,0,0,0,1,1,0,1,0,0,0,0,3,1.0,0,-0.5754716981132075,0.0729792202589026,0.0808,3,2,Home
702,5023,5,S5,6,UNC,UNC,NCS,0,0,0,1,0,0,0,2,5,0,0,2,0,1,0,1,10,3.0,0,-1.7264150943396226,0.2292256944084291,0.1409,6,2,Away
775,6003,6,S6,2,NEB,NEB,GT,2,0,0,0,1,0,0,0,6,1,1,1,0,0,0,2,12,3.0,2,0.7260273972602741,0.0003682661075684,-0.1749,7,2,Away
775,6008,6,S6,4,NEB,NEB,GT,1,0,0,2,0,0,0,0,0,0,1,0,0,0,0,3,4,0.3333333333333333,2,1.9753424657534244,-0.1732105779641438,0.0169,1,1,Home
786,5002,5,S5,1,LOU,LOU,SLC,0,0,0,0,0,0,0,0,1,0,0,2,0,0,0,0,3,1.0,0,-0.5754716981132075,0.0729792202589026,0.0107,3,2,Home
786,5005,5,S5,2,LOU,LOU,CCU,0,0,0,0,0,0,0,0,3,0,1,2,0,0,0,0,6,2.0,0,-1.150943396226415,0.1459584405178052,0.208,3,2,Away
786,5014,5,S5,4,LOU,LOU,WSU,0,0,0,0,1,0,0,0,4,1,3,4,0,0,0,0,13,4.0,0,-2.30188679245283,0.2970608978514711,0.4474,11,6,Away
786,5018,5,S5,5,LOU,LOU,NCS,0,0,0,0,0,0,0,1,1,0,1,0,0,0,0,0,3,1.0,0,-0.5754716981132075,0.0729792202589026,0.0808,1,1,Home
786,5024,5,S5,6,LOU,LOU,NEB,1,0,0,0,0,0,0,1,6,0,1,2,0,0,0,1,11,3.333333333333333,1,-1.3958819956290038,0.1961723845373672,0.6281,7,3,Away
786,6005,6,S6,3,NEB,NEB,GEO,0,0,0,0,1,0,0,2,0,0,1,0,0,1,0,0,4,1.0,0,-0.4246575342465752,0.0728703391886558,0.0482999999999999,1,1,Home
786,6008,6,S6,4,NEB,NEB,GT,0,0,0,0,1,0,1,1,1,0,0,0,0,0,0,0,3,0.6666666666666666,0,-0.4,0.0582427514583989,0.1374,1,0,Home
1686,5001,5,S5,1,CCU,CCU,NCS,0,0,1,3,1,0,0,3,1,0,0,3,2,0,0,4,12,3.0,0,-1.7264150943396226,0.2343697112242897,0.2738,4,3,Away
1686,5013,5,S5,4,CCU,CCU,GT,0,0,0,0,1,0,1,0,0,0,0,1,0,0,0,0,2,0.3333333333333333,0,0.1445283018867924,-0.0041647965569579,0.0036999999999999,1,1,Away
1686,5022,5,S5,6,CCU,CCU,WSU,0,0,2,0,2,0,1,2,3,0,2,0,0,0,0,2,11,2.333333333333333,1,-0.4202926453600308,0.0986134495104699,0.0342,3,1,Away
1687,5006,5,S5,2,GT,GT,NEB,0,0,2,0,0,0,0,5,3,0,2,2,0,0,0,2,14,4.0,0,-2.30188679245283,0.3022049146673317,0.2274,7,4,Away
1687,5013,5,S5,4,GT,GT,CCU,0,0,0,2,1,0,0,3,2,1,2,3,1,0,0,2,14,4.0,0,-2.30188679245283,0.3022049146673317,0.4718,6,4,Home
1687,5021,5,S5,6,GT,GT,SLC,1,0,0,0,1,0,0,3,1,1,0,1,0,0,0,1,8,2.0,2,0.8490566037735849,-0.0437535258504735,-0.2247,3,1,Home
1692,5002,5,S5,1,LOU,LOU,SLC,1,0,1,3,4,0,0,0,0,3,3,3,0,0,0,5,18,3.0,6,4.273584905660377,-0.3347661878805465,-0.6395,8,5,Home
1692,5010,5,S5,3,LOU,LOU,NEB,3,0,2,2,2,0,0,1,1,3,2,2,0,0,0,7,18,3.0,6,4.273584905660377,-0.3347661878805466,-0.4681,7,3,Home
1692,5018,5,S5,5,LOU,LOU,NCS,2,0,2,1,2,0,0,5,3,0,1,0,0,0,0,5,16,3.0,4,2.2735849056603774,-0.1450542215122678,-0.5034000000000001,4,2,Home
1692,5024,5,S5,6,LOU,LOU,NEB,1,0,0,1,2,0,0,1,9,1,0,0,0,0,0,2,15,3.6666666666666665,2,-0.1873829756589369,0.095898549803803,-0.4108,5,1,Away
1695,5001,5,S5,1,CCU,CCU,NCS,0,0,0,0,1,0,0,1,0,2,0,0,0,0,0,0,4,1.0,0,-0.5754716981132075,0.0781232370747632,0.0211,2,0,Away
1695,5005,5,S5,2,CCU,CCU,LOU,0,0,1,1,0,0,0,2,1,5,0,4,0,0,0,2,14,4.0,1,-1.30188679245283,0.2022049146673317,0.0893,7,5,Home
1695,5013,5,S5,4,CCU,CCU,GT,1,0,0,1,0,0,0,2,2,4,0,0,0,0,0,2,10,2.6666666666666665,1,-0.870943396226415,0.1385345077812477,-0.0319999999999999,4,1,Away
1695,5022,5,S5,6,CCU,CCU,WSU,0,1,4,1,0,0,0,3,4,3,1,0,0,0,0,6,17,3.6666666666666665,3,0.9674624566807856,-0.0092979597984479,0.0105,3,2,Away
1703,5007,5,S5,2,NCS,NCS,SLC,1,1,1,1,0,0,0,3,3,0,1,1,0,0,1,4,12,3.0,2,0.2735849056603774,0.0395137280401503,-0.2829,5,3,Away
1703,5023,5,S5,6,NCS,NCS,UNC,3,0,0,2,1,0,0,0,3,1,1,2,0,0,0,5,13,2.333333333333333,5,3.5797073546399694,-0.2910985168578088,-0.3550999999999999,5,3,Home
1705,5004,5,S5,1,GT,GT,UNC,0,0,0,2,1,0,0,3,1,3,1,3,1,0,0,2,14,4.0,0,-2.30188679245283,0.3022049146673317,0.1184,7,4,Home
1705,5011,5,S5,3,GT,GT,NCS,1,1,1,2,0,0,0,3,3,2,2,2,0,0,0,5,17,4.0,2,-0.3018867924528301,0.1176369651149135,-0.0429,8,4,Home
1705,5021,5,S5,6,GT,GT,SLC,0,0,0,1,1,1,0,2,1,0,1,1,1,1,0,1,7,2.0,0,-1.150943396226415,0.1562464741495264,0.3077,2,1,Home
1718,5003,5,S5,1,NEB,NEB,WSU,1,0,2,3,2,0,0,1,0,0,1,2,1,2,0,6,12,2.333333333333333,4,2.993584905660377,-0.227342255143989,-0.1941,3,3,Away
1718,5006,5,S5,2,NEB,NEB,GT,1,0,1,2,1,0,0,3,1,0,1,1,0,1,0,4,11,2.0,3,1.8490566037735852,-0.123177458587031,-0.2759,3,2,Home
1718,5010,5,S5,3,NEB,NEB,LOU,0,0,1,0,0,0,0,2,1,0,0,0,0,0,0,1,4,1.0,0,-0.5754716981132075,0.0781232370747632,0.0092,1,0,Away
1718,5015,5,S5,4,NEB,NEB,SLC,0,0,1,0,2,0,0,0,2,1,1,1,1,0,0,1,8,2.0,0,-1.3481989708404802,0.175972031610933,0.2492,4,3,Home
1718,5024,5,S5,6,NEB,NEB,LOU,1,0,0,2,0,0,0,1,5,3,2,1,0,0,0,3,15,4.0,1,-1.30188679245283,0.2073489314831923,0.0893,10,4,Home
1719,5002,5,S5,1,SLC,SLC,LOU,0,0,3,0,1,0,0,0,2,2,2,0,0,0,0,3,10,2.0,3,1.849056603773585,-0.1334654922187522,-0.2381999999999999,4,2,Away
1719,5012,5,S5,3,SLC,SLC,WSU,0,0,0,2,0,0,0,0,0,3,3,0,0,1,0,2,8,2.0,1,-0.1509433962264151,0.0613904909653871,-0.0545,6,4,Away
1719,5021,5,S5,6,SLC,SLC,GT,0,0,0,1,1,1,0,1,2,3,0,0,0,1,0,1,8,2.0,0,-1.1205790237567794,0.1583540537184235,0.0945,3,1,Away
1739,5007,5,S5,2,SLC,SLC,NCS,0,1,0,0,0,0,0,0,0,0,0,0,0,0,0,1,1,0.0,0,1.350877192982456,-0.129943702482385,-0.2398,0,0,Home
1739,5012,5,S5,3,SLC,SLC,WSU,0,0,0,0,1,0,1,0,0,0,0,0,0,0,0,0,1,0.0,0,0.1972555746140651,-0.0145815406455458,-0.0123,0,0,Away
1739,5021,5,S5,6,SLC,SLC,GT,0,0,2,0,0,0,0,0,0,0,1,1,0,0,0,2,4,0.6666666666666666,1,0.740317775571003,-0.0534557102936578,-0.1411,2,1,Away
1743,5001,5,S5,1,NCS,NCS,CCU,1,0,0,8,2,0,0,5,4,0,2,1,0,0,0,9,23,4.0,4,1.6981132075471703,-0.0514989339899226,-0.205,6,3,Home
1743,5018,5,S5,5,NCS,NCS,LOU,0,0,0,1,0,0,0,2,2,1,1,0,0,0,0,1,7,2.0,0,-1.150943396226415,0.1511024573336658,0.1963999999999999,2,1,Away
1743,5023,5,S5,6,NCS,NCS,UNC,1,0,0,0,1,0,0,2,2,1,0,0,0,0,0,1,7,1.6666666666666667,1,0.1184058529072006,0.0241675324203042,-0.0002,2,0,Home
1759,5008,5,S5,2,UNC,UNC,WSU,1,1,0,4,1,1,0,4,1,4,1,1,1,1,0,6,18,4.0,2,-0.3018867924528302,0.1279249987466348,0.1805,4,2,Home
1759,5016,5,S5,4,UNC,UNC,NCS,1,0,0,4,2,0,0,2,2,2,2,1,0,0,0,5,16,3.0,3,1.2735849056603774,-0.0450542215122678,-0.2369999999999999,5,5,Away
1759,5023,5,S5,6,UNC,UNC,NCS,0,0,1,3,1,0,0,0,2,6,1,0,0,0,0,4,14,3.0,1,-0.7264150943396225,0.1446577448560109,-0.0002,6,3,Away
1767,5009,5,S5,3,CCU,CCU,UNC,0,0,1,0,0,0,0,3,3,0,5,1,0,0,0,1,13,4.0,0,-2.30188679245283,0.2970608978514711,0.4896,8,4,Home
1767,5017,5,S5,5,CCU,CCU,WSU,0,0,0,4,0,0,0,3,4,1,2,2,0,0,0,4,16,4.0,1,-1.30188679245283,0.2124929482990529,0.2668,8,2,Home
1777,5011,5,S5,3,NCS,NCS,GT,2,1,1,0,2,0,0,2,2,2,1,1,1,1,0,4,14,3.0,3,1.2735849056603774,-0.0501982383281284,-0.5429999999999999,5,4,Away
1777,5018,5,S5,5,NCS,NCS,LOU,1,0,2,0,1,0,0,0,5,0,1,0,0,0,0,3,10,2.0,2,0.8490566037735849,-0.0334654922187522,-0.1191,4,2,Away
1786,5003,5,S5,1,NEB,NEB,WSU,0,0,0,0,1,0,0,1,1,0,0,0,0,0,0,0,3,0.6666666666666666,0,-0.72,0.0874320504475818,0.0036,0,0,Away
1786,5006,5,S5,2,NEB,NEB,GT,1,0,0,1,1,0,0,2,1,0,1,2,0,0,0,2,9,2.0,1,-0.1509433962264151,0.061390490965387,0.0034,4,2,Home
1786,5010,5,S5,3,NEB,NEB,LOU,1,0,0,1,2,0,0,0,3,2,0,2,2,0,0,2,11,3.0,1,-0.7264150943396227,0.1292256944084291,0.1034,4,2,Away
1786,5019,5,S5,5,NEB,NEB,UNC,0,0,0,2,2,0,0,6,0,0,1,1,1,0,0,2,12,3.0,1,-0.7264150943396226,0.1343697112242897,-0.0105,2,2,Away
1786,5024,5,S5,6,NEB,NEB,LOU,1,2,0,3,0,0,0,2,2,0,1,1,2,0,0,6,12,2.6666666666666665,4,2.8331256379587826,-0.2215843620055508,-0.4397,4,2,Home
1809,5007,5,S5,2,SLC,SLC,NCS,0,0,0,2,0,0,0,2,3,0,2,0,1,1,0,2,9,2.6666666666666665,1,-1.410625620655412,0.1925027302241474,0.208,4,2,Home
1809,5012,5,S5,3,SLC,SLC,WSU,0,0,1,1,0,0,0,3,0,0,0,0,0,0,0,2,5,1.0,2,0.9851343624928528,-0.0727933521699821,-0.3530999999999999,0,0,Away
1809,5020,5,S5,5,SLC,SLC,GT,0,1,1,1,1,0,0,3,1,2,1,2,0,1,0,3,13,3.0,1,-0.8574423480083857,0.1577604702228872,-0.1281,6,3,Home
1809,5021,5,S5,6,SLC,SLC,GT,0,0,0,0,0,0,0,0,0,0,1,0,0,0,0,0,1,0.3333333333333333,0,-0.1145038167938931,0.0165943984952499,0.0682,1,1,Away
1818,5002,5,S5,1,SLC,SLC,LOU,0,0,0,1,0,0,0,1,0,0,4,0,1,0,0,1,6,2.0,0,-1.150943396226415,0.1459584405178052,0.1093,4,4,Away
1818,5007,5,S5,2,SLC,SLC,NCS,0,0,0,1,0,0,0,0,2,0,1,0,1,0,0,1,4,1.3333333333333333,0,-1.242138364779874,0.1447899037414299,0.249,2,1,Home
1818,5012,5,S5,3,SLC,SLC,WSU,1,0,0,1,0,0,0,1,1,0,0,0,0,0,0,2,4,0.6666666666666666,2,1.78117048346056,-0.1575409810826135,-0.3691,1,0,Away
1818,5015,5,S5,4,SLC,SLC,NEB,0,0,0,0,0,0,0,1,3,1,1,3,0,0,0,0,9,3.0,0,-1.7264150943396226,0.2189376607767078,0.2931,5,4,Away
1818,5020,5,S5,5,SLC,SLC,GT,0,0,0,0,0,0,0,0,1,0,0,1,1,0,0,0,2,1.0,0,-0.4444444444444444,0.0547324780761656,0.2615,2,1,Home
1818,5021,5,S5,6,SLC,SLC,GT,0,0,1,1,0,0,0,2,6,0,0,1,0,1,0,2,11,3.0,0,-1.958065123699576,0.257534714160285,0.7432000000000001,6,1,Away
1820,5008,5,S5,2,WSU,WSU,UNC,0,0,2,2,2,0,0,2,2,0,2,0,0,1,0,4,12,2.0,3,1.849056603773585,-0.1180334417711704,-0.3577,2,2,Away
1820,5014,5,S5,4,WSU,WSU,LOU,0,0,1,0,0,0,0,0,5,4,2,1,0,0,0,1,13,4.0,0,-2.30188679245283,0.2970608978514711,0.4475,6,3,Home
1820,5022,5,S5,6,WSU,WSU,CCU,0,0,1,1,4,0,0,0,1,3,0,1,0,0,0,2,11,1.6666666666666667,3,2.164846077457796,-0.1599004227713127,-0.3913,4,2,Home
1825,5008,5,S5,2,WSU,WSU,UNC,0,0,0,0,0,0,0,1,1,0,1,0,0,0,0,0,3,1.0,0,-0.5754716981132075,0.0729792202589026,0.0381,2,1,Away
1825,5012,5,S5,3,WSU,WSU,SLC,1,0,1,0,0,0,0,3,2,1,2,1,0,0,0,2,11,3.0,2,0.2735849056603774,0.029225694408429,-0.3372,6,3,Home
1825,5017,5,S5,5,WSU,WSU,CCU,0,0,0,3,1,0,0,5,3,1,2,1,0,0,0,3,16,4.0,1,-1.30188679245283,0.2124929482990529,0.2667,5,2,Away
1825,5022,5,S5,6,WSU,WSU,CCU,0,0,0,0,1,0,0,0,0,1,0,0,0,0,0,0,2,0.3333333333333333,0,-0.8666666666666667,0.0969547002983879,0.0049,1,0,Home
1828,5016,5,S5,4,NCS,NCS,UNC,0,0,0,0,0,0,0,3,6,0,1,2,0,0,0,0,12,4.0,0,-2.30188679245283,0.2919168810356105,0.2631,7,3,Home
1828,5023,5,S5,6,NCS,NCS,UNC,2,0,2,1,2,0,0,2,2,1,1,0,0,0,0,5,13,2.0,5,3.849056603773585,-0.3180334417711704,-0.0039,4,2,Home
1834,5015,5,S5,4,NEB,NEB,SLC,0,0,0,0,1,0,1,0,1,0,2,0,0,0,0,0,4,1.0,0,-0.3782161234991423,0.0583976796133567,0.044,3,2,Home
1834,5024,5,S5,6,NEB,NEB,LOU,0,0,0,0,0,0,0,0,0,0,0,1,0,0,0,0,1,0.3333333333333333,0,-0.1145038167938931,0.0165943984952499,0.0678,1,1,Home
1838,5020,5,S5,5,GT,GT,SLC,1,0,4,0,1,0,0,3,4,1,1,0,0,0,0,5,15,3.0,3,1.2735849056603774,-0.0501982383281284,-0.3667,4,1,Away
1838,5021,5,S5,6,GT,GT,SLC,0,0,1,0,0,0,0,2,0,0,4,0,0,0,0,1,7,2.0,0,-1.150943396226415,0.1511024573336658,0.1818999999999999,3,3,Home
1841,5019,5,S5,5,UNC,UNC,NEB,0,0,1,2,0,0,0,3,3,0,2,1,0,0,0,3,12,3.0,0,-1.7264150943396226,0.2343697112242897,0.4088,6,2,Home
1963,7001,7,S7,1,USF,USF,UVA,0,0,0,0,2,0,0,1,1,1,0,0,0,0,0,0,5,1.0,0,-0.4776119402985074,0.0806437154891236,0.1785999999999999,2,0,Home
1963,7005,7,S7,2,USF,USF,RU,0,1,1,3,1,0,0,1,2,1,1,3,1,0,0,5,14,3.0,2,0.5671641791044777,0.0353546421755164,-0.1114,6,4,Away
2206,6005,6,S6,3,GEO,GEO,NEB,0,0,0,0,0,0,0,1,0,6,0,2,0,0,0,0,9,3.0,0,-1.2739726027397258,0.1821255146491694,0.3617999999999999,8,4,Away
2206,6007,6,S6,4,GEO,GEO,OSU,0,1,1,0,0,0,0,1,0,4,1,0,0,0,0,2,8,2.0,0,-0.4246575342465752,0.0911130906470547,0.2282999999999999,5,1,Home
2245,6001,6,S6,1,OSU,OSU,NEB,0,0,1,1,3,0,0,2,0,0,2,5,1,0,0,2,14,3.333333333333333,1,1.3013698630136987,-0.0450041461621746,-0.0525999999999999,7,6,Away
2245,6007,6,S6,4,OSU,OSU,GEO,0,0,1,1,1,0,0,4,5,1,1,2,0,0,0,2,16,4.333333333333333,0,-2.559686888454012,0.3532633632901956,1.4128,8,3,Away
2327,10012,10,S10,4,NWU,NWU,UNA,0,0,0,0,0,0,0,0,1,0,0,0,0,0,0,0,1,0.3333333333333333,0,-0.1626016260162601,0.0208649584912982,0.0511,0,0,Away
2335,6004,6,S6,2,OSU,OSU,GEO,2,1,2,0,1,0,0,4,0,0,0,2,0,0,0,5,12,2.0,6,5.1506849315068495,-0.4420974873170891,-0.3944,2,2,Home
2339,6002,6,S6,1,GT,GT,GEO,1,1,0,0,1,1,0,5,2,2,0,1,0,0,0,2,13,3.333333333333333,3,1.747523709167545,-0.0957004479303589,-0.0525999999999999,4,1,Away
2339,6008,6,S6,4,GT,GT,NEB,0,0,2,1,0,0,0,1,3,1,0,0,0,0,0,3,8,1.6666666666666667,2,1.1291886195995784,-0.0642715247375605,-0.3184,3,1,Away
2345,6006,6,S6,3,OSU,OSU,GT,1,0,0,0,0,0,0,0,3,4,0,2,0,0,0,1,10,3.0,1,-0.2739726027397258,0.0882064318019691,0.0064,5,3,Away
2362,6006,6,S6,3,GT,GT,OSU,1,0,2,1,0,0,0,2,1,1,1,0,0,0,0,4,9,1.6666666666666667,3,2.1291886195995784,-0.1581906075847609,-0.4339,2,0,Home
2372,6004,6,S6,2,GEO,GEO,OSU,0,0,1,3,2,0,0,2,5,3,1,1,0,1,0,4,18,4.0,1,-0.6986301369863012,0.1854004396018236,0.1126,8,5,Away
2372,6005,6,S6,3,GEO,GEO,NEB,0,0,0,0,1,0,0,0,2,0,0,1,0,0,0,0,4,1.0,0,-0.4246575342465753,0.0667894220358561,0.2274,3,1,Away
2372,6007,6,S6,4,GEO,GEO,OSU,1,0,0,0,0,0,0,3,1,1,2,1,0,0,0,1,9,2.6666666666666665,1,-0.2954689146469966,0.0842751458398965,0.407,4,3,Home
2377,6001,6,S6,1,NEB,NEB,OSU,0,0,1,1,1,0,0,3,4,1,3,1,0,0,0,2,15,4.0,0,-1.698630136986301,0.2610767709906249,0.4475,8,4,Home
2377,6008,6,S6,4,NEB,NEB,GT,1,1,0,2,1,0,0,3,1,1,3,2,0,0,1,4,15,3.6666666666666665,2,0.4359852476290835,0.0536961496818861,-0.1078,8,5,Home
2390,9003,9,S9,1,WSU,WSU,UGA,0,0,0,1,1,0,0,3,2,1,0,0,0,0,0,1,8,2.0,0,-0.861244019138756,0.1187265833528549,0.1668,1,0,Home
2390,9007,9,S9,3,WSU,WSU,UCC,0,1,0,0,0,0,0,4,0,1,0,0,0,0,0,1,7,2.0,0,-0.861244019138756,0.1146513106729825,0.0306999999999999,2,1,Home
2390,9010,9,S9,4,WSU,WSU,HVD,0,0,0,0,2,0,0,1,3,0,1,0,0,0,1,0,7,2.0,0,-0.861244019138756,0.1187265833528549,0.1111,3,1,Home
2390,9018,9,S9,6,WSU,WSU,HVD,0,0,0,2,0,0,0,4,0,0,0,1,0,0,1,2,7,2.0,0,-0.861244019138756,0.1187265833528549,0.1357,2,2,Away
2395,6008,6,S6,4,GT,GT,NEB,0,0,0,1,1,0,0,1,2,2,1,0,1,0,0,1,8,2.333333333333333,0,-0.8278187565858797,0.1314292128809852,0.217,3,1,Away
2397,6005,6,S6,3,NEB,NEB,GEO,0,0,1,0,2,0,0,1,7,0,1,0,0,1,0,1,12,3.0,1,-0.2739726027397258,0.1064491832603681,0.041,7,1,Home
2397,6008,6,S6,4,NEB,NEB,GT,0,0,0,0,1,0,0,1,1,0,1,0,1,0,0,0,4,1.3333333333333333,0,-0.55927291886196,0.0802509604973946,0.1612,1,1,Home
2467,7002,7,S7,1,UCLA,UCLA,MICH,2,1,0,0,0,0,0,2,4,4,0,1,0,0,0,3,14,3.6666666666666665,3,1.2205046197583511,-0.0299794018898709,-0.2770000000000001,5,1,Away
2467,7004,7,S7,2,MICH,MICH,UVA,0,0,1,1,0,0,0,0,2,3,0,1,1,0,0,2,8,2.333333333333333,0,2.3781094527363185,-0.1851989109387952,0.2127,4,1,Home
2467,7007,7,S7,3,MICH,MICH,RU,0,0,1,3,0,0,0,1,0,2,0,2,1,0,0,4,9,2.0,1,0.0447761194029852,0.0547109266863927,-0.0333999999999999,4,3,Home
2498,7003,7,S7,1,LBS,LBS,RU,0,1,0,0,0,0,0,1,0,0,0,2,0,0,0,1,4,1.0,0,-0.4776119402985074,0.074067211197269,0.1786,2,2,Home
2498,7006,7,S7,2,LBS,LBS,UCLA,1,0,0,1,1,0,0,1,2,2,1,3,0,0,0,2,12,3.0,1,-0.4328358208955222,0.1222016335918072,0.0690999999999999,7,4,Away
2498,7009,7,S7,3,LBS,LBS,UVA,0,0,1,1,1,0,0,0,0,0,0,0,0,0,0,2,3,0.0,1,1.3333333333333333,-0.1136038204577695,-0.0332999999999999,0,0,Home
2498,7010,7,S7,4,LBS,LBS,RU,1,0,0,0,0,0,0,1,0,0,2,0,0,0,0,1,4,1.0,1,0.5223880597014927,-0.0259327888027309,-0.0569,2,1,Away
2498,7014,7,S7,5,LBS,LBS,USF,0,0,1,3,1,0,0,1,4,0,1,2,1,1,0,4,13,3.0,1,-0.7052238805970147,0.1625934481456656,0.1916999999999999,5,3,Away
2498,10002,10,S10,1,NWU,NWU,TXS,0,2,0,0,1,0,0,0,3,1,0,1,0,0,1,2,8,2.0,1,-0.0103092783505153,0.0424740908421017,-0.0204999999999999,3,1,Home
2498,10005,10,S10,2,NWU,NWU,TOL,1,0,0,3,2,0,0,1,3,2,1,1,1,0,0,4,14,3.0,1,-0.5154639175257731,0.1160135342079887,0.0862,3,2,Home
2498,10012,10,S10,4,NWU,NWU,UNA,1,0,0,1,2,0,0,3,1,2,0,2,1,0,0,2,12,3.0,2,0.4845360824742267,0.0068039424286442,0.0030999999999999,4,2,Away
2498,10015,10,S10,5,NWU,NWU,FOK,0,1,1,0,0,0,0,3,1,2,0,2,0,0,1,2,10,3.0,1,-0.5154639175257731,0.102199146538972,-0.0003,4,2,Home
2505,7003,7,S7,1,LBS,LBS,RU,0,0,1,1,0,0,0,3,1,0,1,4,0,0,0,2,11,3.0,0,-1.432835820895522,0.2156251292999526,0.2932,5,4,Home
2505,7006,7,S7,2,LBS,LBS,UCLA,0,0,0,1,0,0,0,0,1,1,0,1,0,0,0,1,4,1.0,0,-0.3653210780076451,0.0628381249681828,0.0484,3,1,Away
2505,7009,7,S7,3,LBS,LBS,UVA,0,0,0,0,0,0,0,0,1,0,0,0,0,0,0,0,1,0.3333333333333333,0,-0.3333333333333333,0.0399098376251879,0.0004,1,0,Home
2505,7010,7,S7,4,LBS,LBS,RU,1,0,0,0,0,0,0,1,2,0,3,0,0,0,0,1,7,2.0,1,0.0447761194029852,0.0415579181026835,-0.0486,3,1,Away
2505,7014,7,S7,5,LBS,LBS,USF,1,0,0,1,0,0,0,1,3,1,3,1,0,0,0,2,11,3.0,1,-0.4328358208955222,0.1156251292999526,0.0094,7,3,Away
2509,7002,7,S7,1,MICH,MICH,UCLA,0,1,1,1,2,0,0,2,4,0,2,3,0,0,0,3,16,3.6666666666666665,1,-0.5115049751243778,0.1563745661821111,0.2230999999999999,5,4,Home
2509,7004,7,S7,2,MICH,MICH,UVA,0,1,1,0,1,0,0,2,1,1,2,0,1,0,0,2,9,2.333333333333333,2,-0.1457000710732051,0.0737585457340118,-0.1565,3,2,Home
2509,7013,7,S7,5,MICH,MICH,RU,1,1,0,0,0,0,0,3,1,2,2,2,0,0,0,2,12,3.333333333333333,1,-0.6083644278606963,0.1397544942883246,-0.0525999999999999,6,3,Away
2523,7001,7,S7,1,USF,USF,UVA,0,0,3,4,0,0,0,2,2,2,0,2,1,0,0,7,15,3.0,3,1.567164179104478,-0.058068853532629,-0.3425,4,3,Home
2523,7008,7,S7,3,USF,USF,UCLA,0,0,1,1,3,0,0,2,5,1,1,2,1,0,0,2,16,4.0,1,-0.9104477611940296,0.1962688447890763,0.3627,6,3,Home
2523,7014,7,S7,5,USF,USF,LBS,3,0,1,1,3,0,0,1,6,0,0,3,1,0,1,5,18,4.0,4,2.0895522388059704,-0.0840016423353599,-0.2907,8,4,Home
2524,8013,8,S8,4,PUR,PUR,PAN,0,0,2,1,1,0,0,1,0,1,0,1,0,1,1,3,7,1.3333333333333333,3,1.7344973544973543,-0.1359692303672348,-0.0035,3,2,Home
2540,7001,7,S7,1,UVA,UVA,USF,1,1,0,0,0,0,0,1,3,1,0,1,0,0,0,2,8,2.0,2,1.0447761194029852,-0.0518655776054618,-0.1755,4,1,Away
2540,7004,7,S7,2,UVA,UVA,MICH,0,0,0,0,0,0,0,0,1,0,0,0,0,0,0,0,1,0.3333333333333333,0,-0.1309523809523809,0.0196717423870926,0.0051,0,0,Away
2540,7009,7,S7,3,UVA,UVA,LBS,0,0,0,1,1,0,0,2,2,0,2,0,0,0,0,1,8,2.0,0,-0.7930214996446339,0.1319141842993,0.1758,3,2,Away
2540,7015,7,S7,5,UVA,UVA,UCLA,0,0,2,1,0,0,0,0,3,1,2,0,0,0,0,3,9,2.0,0,-0.8361762615493955,0.1428061647816308,0.0966,5,2,Home
2544,7003,7,S7,1,RU,RU,LBS,0,0,0,2,0,0,0,1,1,0,0,0,0,0,0,2,4,0.6666666666666666,0,0.5357142857142858,-0.0272654114040102,-0.2175,0,0,Away
2544,7005,7,S7,2,RU,RU,USF,0,0,0,1,1,0,0,3,2,1,1,3,0,0,0,1,12,3.333333333333333,0,-1.4461620469083152,0.2235342561930865,0.2904,6,3,Home
2544,7007,7,S7,3,RU,RU,MICH,0,1,2,0,0,0,0,1,1,0,3,0,0,0,0,3,8,1.6666666666666667,1,1.0581023454157783,-0.0531982002067411,-0.1520999999999999,3,1,Away
2544,7010,7,S7,4,RU,RU,LBS,0,0,1,0,0,0,0,0,1,1,2,2,0,0,0,1,7,2.0,0,-0.9552238805970148,0.1415579181026836,0.1818999999999999,5,4,Home
2544,7013,7,S7,5,RU,RU,MICH,0,0,0,4,0,0,0,0,2,0,3,2,2,1,0,4,11,3.0,0,-1.4328358208955223,0.2222016335918072,1.1535,5,3,Home
2555,7003,7,S7,1,RU,RU,LBS,0,0,0,1,0,0,0,2,0,1,2,2,0,0,0,1,8,2.333333333333333,1,-0.968550106609808,0.1494670449958174,0.1892,5,2,Away
2555,7005,7,S7,2,RU,RU,USF,0,0,0,0,0,0,0,1,0,0,0,1,0,0,0,0,2,0.6666666666666666,0,-0.4642857142857143,0.0595815800122806,0.0983,1,1,Home
2555,7007,7,S7,3,RU,RU,MICH,0,0,0,1,0,0,0,3,3,0,0,1,0,0,0,1,8,2.333333333333333,1,-0.968550106609808,0.1494670449958174,0.1873999999999999,1,1,Away
2555,7010,7,S7,4,RU,RU,LBS,0,0,0,0,2,0,0,2,3,0,0,1,0,0,0,0,8,2.0,0,-0.9552238805970148,0.1481344223945381,0.2126999999999999,2,1,Home
2555,7013,7,S7,5,RU,RU,MICH,0,0,0,1,3,0,0,3,2,0,2,1,1,0,0,1,12,3.0,0,-1.432835820895522,0.2222016335918072,0.2931999999999999,4,1,Home
2557,7006,7,S7,2,UCLA,UCLA,LBS,3,0,0,1,1,0,0,0,5,1,1,1,0,0,0,4,13,2.6666666666666665,4,2.698116560056859,-0.1843171002115762,-0.3989,6,2,Home
2557,7011,7,S7,4,UCLA,UCLA,UVA,0,1,0,1,1,0,0,2,5,2,1,2,0,1,0,2,15,4.0,0,-1.9104477611940296,0.2962688447890763,0.4718,7,4,Home
2557,7015,7,S7,5,UCLA,UCLA,UVA,0,0,0,0,0,0,0,0,2,0,1,0,0,0,0,0,3,1.0,0,-0.4776119402985074,0.0674907069054144,0.2274,2,1,Away
2560,7006,7,S7,2,UCLA,UCLA,LBS,0,0,0,0,1,0,0,1,2,1,0,0,0,0,0,0,5,1.3333333333333333,0,-0.6085643212508883,0.0937389535843617,0.0165,0,0,Home
2560,7008,7,S7,3,UCLA,UCLA,USF,0,0,1,1,3,0,0,3,3,1,2,0,0,2,0,2,14,3.0,2,0.5671641791044778,0.0485076507592256,-0.1373999999999999,4,2,Away
2560,7015,7,S7,5,UCLA,UCLA,UVA,0,0,3,2,3,0,0,7,3,2,0,2,1,0,0,5,22,5.0,1,-1.3880597014925369,0.2834890645700545,0.4341999999999999,6,2,Away
2582,7009,7,S7,3,LBS,LBS,UVA,1,0,2,2,2,0,0,3,5,2,1,0,0,0,0,5,18,3.6666666666666665,6,4.08955223880597,-0.2905781466272145,-0.1359,4,2,Home
2582,7014,7,S7,5,LBS,LBS,USF,0,0,0,0,1,0,0,0,0,0,0,0,0,0,0,0,1,0.0,0,0.2723880597014926,-0.0206623016782946,-0.0308999999999999,0,0,Away
2585,7007,7,S7,3,MICH,MICH,RU,0,0,0,1,2,0,0,0,1,1,1,0,0,0,0,1,6,1.0,1,0.5223880597014925,-0.0127797802190217,-0.0854999999999999,2,2,Home
2585,7012,7,S7,4,MICH,MICH,USF,0,0,1,3,1,0,0,2,4,2,1,0,0,1,0,4,14,3.0,1,-0.4328358208955223,0.141931146467371,0.1197999999999999,6,4,Away
2586,7012,7,S7,4,USF,USF,MICH,3,0,1,2,2,0,0,3,0,0,2,6,1,0,0,6,19,4.0,5,3.0895522388059704,-0.1840016423353599,-0.359,8,7,Home
2586,7014,7,S7,5,USF,USF,LBS,1,0,0,0,1,0,0,0,3,2,1,0,0,0,0,1,8,2.0,2,1.0447761194029852,-0.0518655776054618,-0.039,3,1,Home
2593,10008,10,S10,3,FOK,FOK,NWU,1,0,0,1,0,0,0,1,1,1,0,0,0,0,0,2,5,1.0,1,0.4948453608247423,-0.026460556634113,-0.1667,2,0,Home
2593,10011,10,S10,4,FOK,FOK,TXS,1,2,0,2,2,0,0,6,2,2,0,2,0,3,0,5,19,4.0,4,1.9793814432989691,-0.0966326347571075,-0.21,5,2,Away
2593,10015,10,S10,5,FOK,FOK,NWU,1,0,1,1,1,0,0,0,3,0,0,2,0,1,1,3,9,2.0,2,0.9896907216494846,-0.0529211132682259,-0.0107999999999999,5,2,Away
2611,7007,7,S7,3,MICH,MICH,RU,0,0,0,0,0,0,0,2,0,0,0,1,0,0,0,0,3,1.0,0,-0.4776119402985074,0.0674907069054144,0.1543,1,1,Home
2611,7012,7,S7,4,MICH,MICH,USF,0,0,1,0,1,0,0,0,3,0,0,0,0,0,0,1,5,1.0,0,-0.4776119402985073,0.0806437154891236,0.0210999999999999,0,0,Away
2611,7013,7,S7,5,MICH,MICH,RU,0,0,0,0,0,0,0,1,3,1,0,0,0,0,0,0,5,1.6666666666666667,0,-0.7796952736318408,0.110852048822457,0.9992,1,0,Away
2621,7009,7,S7,3,UVA,UVA,LBS,0,0,0,1,0,0,0,1,3,1,1,0,0,0,0,1,7,2.0,0,-0.9552238805970148,0.1415579181026835,0.1553,3,1,Away
2621,7015,7,S7,5,UVA,UVA,UCLA,2,0,0,2,2,0,0,4,3,2,0,2,1,1,0,4,17,4.0,2,0.0895522388059704,0.1094218533727854,0.0651,6,2,Home
2633,8005,8,S8,2,UCL,UCL,HRW,2,1,2,0,2,0,0,3,1,3,0,0,0,0,0,5,14,2.333333333333333,5,3.6063492063492064,-0.3023319127288085,-0.2967999999999999,2,2,Away
2633,8009,8,S8,3,UCL,UCL,PUR,0,0,0,0,0,0,0,0,0,2,1,0,0,0,0,0,3,1.0,0,-0.6455026455026455,0.0770437662444314,0.1172,3,2,Home
2659,8008,8,S8,2,PAN,PAN,MCH,1,0,0,0,1,0,0,2,3,0,3,3,1,0,0,1,13,4.0,1,-1.582010582010582,0.212339565542448,0.1138,9,6,Home
2659,8013,8,S8,4,PAN,PAN,PUR,2,0,1,1,1,0,0,1,3,3,0,0,0,0,0,4,12,2.333333333333333,2,0.4384920634920636,0.0061248004274611,-0.1278999999999999,4,3,Away
2674,8003,8,S8,1,MSU,MSU,PAN,2,1,0,1,1,0,0,1,1,1,2,1,0,0,0,4,11,2.0,4,2.708994708994709,-0.2250899646875256,-0.1244,5,3,Home
2674,8007,8,S8,2,MSU,MSU,TEN,0,0,0,1,0,0,0,0,5,0,2,2,1,0,0,1,10,3.333333333333333,0,-2.17617735799554,0.2592627414467769,0.0323,6,5,Away
2674,8011,8,S8,3,MSU,MSU,MCH,1,0,0,0,1,0,0,3,2,0,0,1,0,0,0,1,8,2.0,1,-0.2910052910052909,0.0624165336183074,-0.0149999999999999,2,1,Away
2674,8016,8,S8,4,MSU,MSU,UCL,2,0,1,2,1,0,0,1,2,0,1,0,0,0,0,5,10,1.3333333333333333,4,3.083994708994709,-0.266754465252248,-0.5671999999999999,3,1,Away
2675,8001,8,S8,1,ORD,ORD,UCL,0,0,2,0,1,0,0,2,1,6,1,0,0,0,0,2,13,3.333333333333333,3,-0.0391534391534391,0.0580538512567337,-0.0204,6,1,Away
2675,8006,8,S8,2,ORD,ORD,PUR,0,0,0,0,0,0,0,0,0,2,1,0,0,0,0,0,3,1.0,0,-1.0476190476190477,0.1172554064560716,0.007,3,2,Away
2675,8014,8,S8,4,ORD,ORD,TEN,0,1,2,1,0,0,0,3,2,9,1,3,0,0,0,4,22,6.0,1,-2.8730158730158726,0.3789205997254777,0.6253,13,6,Away
2678,8010,8,S8,3,ORD,ORD,HRW,1,2,2,1,3,0,1,6,4,4,1,3,0,1,0,6,27,6.0,4,0.1269841269841269,0.1039076031138115,-0.066,10,6,Home
2684,8004,8,S8,1,MCH,MCH,TEN,0,1,0,0,2,0,0,3,1,2,1,2,0,2,0,1,12,3.0,1,-0.9365079365079364,0.1519538015569057,0.0788999999999999,5,2,Home
2684,8011,8,S8,3,MCH,MCH,MSU,0,0,1,0,2,0,0,1,3,0,1,2,1,0,0,1,10,2.6666666666666665,0,-1.8338624338624336,0.2250312490334663,0.2813,3,2,Home
2684,8015,8,S8,4,MCH,MCH,HRW,0,0,1,0,2,0,0,1,1,2,1,1,0,0,0,1,9,2.0,2,0.7089947089947091,-0.0334189658169702,0.0304,4,2,Home
2694,8001,8,S8,1,UCL,UCL,ORD,0,0,1,0,1,0,0,0,3,0,3,4,1,0,0,1,12,3.6666666666666665,0,-2.3115079365079363,0.2811248004274611,0.1394,9,5,Home
2694,8009,8,S8,3,UCL,UCL,PUR,1,1,0,2,1,0,0,4,3,2,1,1,0,0,1,4,16,4.0,1,-1.582010582010582,0.2289975678013372,0.152,7,3,Home
2694,8016,8,S8,4,UCL,UCL,MSU,0,0,1,3,3,0,1,4,0,0,1,0,1,0,0,4,12,2.0,3,1.708994708994709,-0.1209254641228033,-0.1505,1,1,Home
2707,8006,8,S8,2,PUR,PUR,ORD,0,0,2,4,1,0,0,3,2,1,0,1,0,0,0,6,14,2.333333333333333,3,1.6063492063492064,-0.1023319127288085,-0.2728,3,1,Home
2707,8009,8,S8,3,PUR,PUR,UCL,0,0,2,1,2,0,0,6,6,1,0,2,1,0,0,3,20,5.333333333333333,1,-2.4671826490008306,0.3300082761945289,0.377,5,3,Away
2707,8013,8,S8,4,PUR,PUR,PAN,1,0,1,2,0,0,0,0,0,0,0,0,0,0,0,4,4,0.0,3,3.380330578512397,-0.3213750555923505,-0.1510999999999999,0,0,Home
2714,8008,8,S8,2,MCH,MCH,PAN,0,0,0,1,4,0,0,4,2,3,0,0,0,2,0,1,14,3.0,1,-0.9365079365079364,0.1602828026863503,0.1569,5,1,Away
2714,8011,8,S8,3,MCH,MCH,MSU,0,0,1,0,1,0,0,2,0,1,1,2,0,0,0,1,8,2.0,0,-1.4624338624338624,0.1795593907611646,0.1192,4,3,Home
2714,8015,8,S8,4,MCH,MCH,HRW,0,0,0,2,1,0,0,3,0,0,0,0,0,0,0,2,6,1.0,1,0.3544973544973545,-0.0104627320614016,0.0164,0,0,Home
2721,8006,8,S8,2,PUR,PUR,ORD,0,0,0,1,0,0,0,0,0,0,0,0,0,0,0,1,1,0.0,0,-0.0428571428571428,0.0084502148504365,-0.0354,0,0,Home
2721,8009,8,S8,3,PUR,PUR,UCL,0,0,0,0,0,0,0,1,1,0,0,0,0,0,0,0,2,0.6666666666666666,0,-0.4058332240150422,0.0489123235309488,0.0465,0,0,Away
2723,8003,8,S8,1,MSU,MSU,PAN,0,0,1,1,3,0,1,2,2,0,0,1,1,1,0,2,10,2.0,1,-0.291005291005291,0.0749100353124743,0.0007999999999999,2,1,Home
2723,8011,8,S8,3,MSU,MSU,MCH,1,0,1,1,3,0,0,4,3,0,1,1,0,0,0,3,15,3.0,3,1.0634920634920637,-0.0438816978783719,-0.0184999999999999,3,2,Away
2723,8016,8,S8,4,MSU,MSU,UCL,0,0,0,1,0,0,0,0,1,1,0,0,0,0,0,1,3,0.6666666666666666,0,-0.375,0.0499935016941668,0.0115,2,1,Away
2724,8008,8,S8,2,MCH,MCH,PAN,0,0,0,1,2,0,0,0,2,1,3,1,2,1,0,1,10,3.0,0,-1.9365079365079363,0.2394602998627389,0.2284,6,5,Away
2724,8015,8,S8,4,MCH,MCH,HRW,0,0,0,2,0,0,0,3,1,1,1,2,1,0,0,2,10,3.0,0,-1.9365079365079363,0.2352957992980165,0.1769,4,3,Home
2731,8002,8,S8,1,HRW,HRW,PUR,1,1,0,1,1,0,0,0,0,6,1,2,0,0,0,3,13,3.0,3,1.0634920634920637,-0.0522106990078165,-0.0085,7,5,Home
2731,8010,8,S8,3,HRW,HRW,ORD,0,0,1,1,1,0,1,2,1,3,2,2,2,0,0,2,13,4.0,0,-2.582010582010582,0.312339565542448,0.3115,6,5,Away
2735,8007,8,S8,2,TEN,TEN,MSU,0,0,2,0,0,0,0,2,3,2,1,3,0,0,0,2,13,3.6666666666666665,1,-1.3423411605229785,0.1883726233936876,0.0415999999999999,8,6,Home
2735,8012,8,S8,3,TEN,TEN,PAN,0,0,0,2,1,0,0,2,3,0,0,0,0,1,1,2,8,2.0,0,-1.291005291005291,0.170745534747752,0.0846,2,1,Home
2735,8014,8,S8,4,TEN,TEN,ORD,0,0,0,0,1,0,0,3,1,0,1,0,1,0,0,0,6,2.0,0,-1.6931216931216932,0.194299172700503,0.1689999999999999,1,0,Home
2738,8002,8,S8,1,HRW,HRW,PUR,1,0,1,0,5,0,0,1,5,0,1,1,1,0,0,2,15,3.0,5,3.063492063492064,-0.243881697878372,-0.3084,5,2,Home
2738,8005,8,S8,2,HRW,HRW,UCL,1,0,0,0,0,0,0,2,1,1,1,1,0,0,0,1,7,2.0,1,-0.2910052910052909,0.0582520330535851,0.03,3,2,Home
2738,8015,8,S8,4,HRW,HRW,MCH,1,1,0,0,3,0,0,1,4,0,1,2,1,0,0,2,13,3.0,4,2.063492063492064,-0.1522106990078165,-0.2575,4,2,Away
2743,8003,8,S8,1,PAN,PAN,MSU,0,0,1,0,0,0,0,1,1,1,1,2,0,0,0,1,7,2.0,0,-1.291005291005291,0.1582520330535851,0.0104,4,2,Away
2743,8008,8,S8,2,PAN,PAN,MCH,0,0,0,3,1,0,0,0,4,0,0,1,0,0,1,3,9,2.0,0,-1.291005291005291,0.170745534747752,0.2714999999999999,4,2,Home
2743,8012,8,S8,3,PAN,PAN,TEN,0,0,1,2,0,0,0,2,2,0,0,1,0,0,1,3,8,2.0,1,-0.2910052910052909,0.0665810341830297,0.2329,3,1,Away
2743,8013,8,S8,4,PAN,PAN,PUR,0,0,0,0,0,0,0,2,1,0,0,0,0,0,0,0,3,1.0,0,-0.6455026455026455,0.0770437662444314,0.0006,1,0,Away
2744,8003,8,S8,1,MSU,MSU,PAN,1,1,0,1,2,0,0,1,2,0,0,1,0,0,0,3,9,2.0,3,1.708994708994709,-0.1334189658169702,-0.2333000000000001,2,1,Home
2744,8007,8,S8,2,MSU,MSU,TEN,2,0,0,3,2,0,0,1,3,1,0,0,0,2,0,5,12,1.6666666666666667,6,4.948664130482312,-0.4365634051421191,-0.4485,4,0,Away
2744,8016,8,S8,4,MSU,MSU,UCL,1,0,0,0,4,0,0,2,3,0,4,0,0,0,0,1,14,3.0,2,0.0634920634920636,0.0519538015569057,-0.0653999999999999,6,4,Away
2750,8001,8,S8,1,ORD,ORD,UCL,0,1,0,3,0,0,0,4,2,0,0,0,0,0,0,4,10,2.0,2,2.721693121693122,-0.2305243065220892,-0.6169,0,0,Away
2750,8006,8,S8,2,ORD,ORD,PUR,1,0,1,2,0,0,0,2,1,0,2,0,0,0,1,4,9,2.0,2,0.4634920634920635,-0.0047042007019834,-0.1561,3,3,Away
2751,8004,8,S8,1,MCH,MCH,TEN,0,0,3,3,2,0,1,3,1,4,0,1,0,0,0,6,17,3.0,3,1.0634920634920633,-0.0355526967489273,-0.1613999999999999,5,1,Home
2751,8011,8,S8,3,MCH,MCH,MSU,0,0,0,1,0,0,0,0,1,0,2,1,0,0,0,1,5,1.3333333333333333,0,-0.5767195767195766,0.0784944604955691,0.066,3,3,Home
2755,8004,8,S8,1,TEN,TEN,MCH,2,0,0,1,3,0,0,1,1,3,1,3,0,0,0,3,15,3.0,4,2.063492063492064,-0.1438816978783719,-0.3042999999999999,7,3,Away
2755,8007,8,S8,2,TEN,TEN,MSU,0,0,2,2,1,0,0,0,2,1,2,2,0,1,0,4,12,2.333333333333333,3,1.4693252875071057,-0.0927940214093207,0.0422,7,4,Home
2755,8012,8,S8,3,TEN,TEN,PAN,2,1,1,2,1,0,0,0,4,1,3,3,1,2,0,6,18,4.0,3,0.4179894179894181,0.041491069495504,-0.1765,10,7,Home
2757,8006,8,S8,2,PUR,PUR,ORD,0,0,0,1,1,0,0,3,3,0,2,2,1,0,0,1,12,3.6666666666666665,0,-2.4365079365079363,0.2936248004274612,0.2256,6,3,Home
2757,8013,8,S8,4,PUR,PUR,PAN,1,0,2,1,1,0,0,1,4,0,0,1,1,0,0,4,11,2.333333333333333,2,0.3931085749267567,0.0064986487192695,-0.2285999999999999,1,1,Home
2772,8005,8,S8,2,HRW,HRW,UCL,0,0,2,0,2,0,0,4,6,0,1,1,0,0,0,2,16,4.0,1,-1.582010582010582,0.2248330672366149,0.181,3,2,Home
2772,8010,8,S8,3,HRW,HRW,ORD,1,1,2,0,2,0,1,1,0,1,2,0,1,0,0,4,10,1.6666666666666667,5,3.948664130482313,-0.3532214074010082,-0.8775,3,1,Away
2772,8015,8,S8,4,HRW,HRW,MCH,0,0,2,3,1,0,0,1,0,2,1,1,1,0,0,5,11,2.0,2,0.6089947089947091,-0.0150899646875256,-0.0188,4,2,Away
2782,8002,8,S8,1,PUR,PUR,HRW,0,1,0,2,1,0,0,2,4,1,5,3,2,0,1,3,19,6.0,0,-3.8730158730158726,0.4705915985960331,0.1831,11,9,Away
2782,8013,8,S8,3,PUR,PUR,PAN,0,0,0,0,0,0,0,1,0,0,0,1,0,0,0,0,2,0.6666666666666666,0,-0.4058332240150422,0.0489123235309488,0.0469,1,1,Home
2782,8013,8,S8,4,PUR,PUR,PAN,1,1,1,1,2,0,0,2,1,0,0,1,0,1,1,4,10,1.6666666666666667,2,1.0248808430626617,-0.0525140775295985,-0.1071999999999999,2,1,Home
2786,8003,8,S8,1,PAN,PAN,MSU,0,0,2,3,3,0,0,1,2,3,3,1,2,0,0,5,18,4.0,1,-1.582010582010582,0.2331620683660595,0.1327,8,3,Away
2786,8012,8,S8,3,PAN,PAN,TEN,1,0,2,3,0,0,0,1,3,3,4,1,0,0,0,6,18,4.0,1,-1.8648388648388647,0.2614448966488878,0.1752,9,5,Away
2786,8013,8,S8,4,PAN,PAN,PUR,0,0,0,1,0,0,0,2,2,0,3,1,0,0,0,1,9,2.6666666666666665,0,-1.666005291005291,0.2040810341830297,0.1838,5,3,Away
2791,8014,8,S8,4,TEN,TEN,ORD,1,0,1,1,1,0,0,3,2,6,1,0,0,0,0,3,16,4.0,2,-0.1798941798941796,0.0846214270249746,-0.0437,7,3,Home
2792,8001,8,S8,1,UCL,UCL,ORD,1,0,1,3,1,0,0,0,2,0,3,2,0,0,0,5,13,2.333333333333333,4,2.438492063492064,-0.1897106990078165,-0.2767,6,3,Home
2792,8005,8,S8,2,UCL,UCL,HRW,0,0,1,1,2,0,0,5,2,1,0,0,0,1,0,2,12,2.6666666666666665,2,0.1661375661375664,0.0375247507276332,0.0078,1,0,Away
2792,8009,8,S8,3,UCL,UCL,PUR,0,0,0,0,1,0,1,0,2,0,0,0,0,0,1,0,3,1.0,0,-0.6455026455026455,0.0812082668091537,0.1543,2,0,Home
2792,8016,8,S8,4,UCL,UCL,MSU,1,0,0,5,0,0,0,2,5,2,2,1,0,0,0,6,18,4.0,2,-0.5820105820105819,0.1331620683660594,0.0293999999999999,7,4,Home
2799,8004,8,S8,1,TEN,TEN,MCH,0,0,0,1,0,0,0,0,3,1,2,2,1,0,0,1,9,3.0,0,-1.9365079365079363,0.2311312987332943,0.2218,5,3,Away
2810,8006,8,S8,2,ORD,ORD,PUR,1,1,2,1,1,0,0,1,1,1,1,1,1,0,0,5,11,2.0,5,4.356613756613757,-0.3898518694494304,-0.4335,2,2,Away
2828,9001,9,S9,1,HVD,HVD,TEN,0,0,0,0,0,0,0,2,3,0,1,0,0,0,0,0,6,2.0,0,-0.861244019138756,0.11057603799311,0.1964,4,1,Away
2828,9006,9,S9,2,HVD,HVD,UGA,0,0,0,2,0,0,0,2,2,0,0,1,1,0,0,2,7,2.0,0,-0.861244019138756,0.1146513106729825,0.1356,3,1,Home
2829,9002,9,S9,1,UCC,UCC,TOL,0,0,0,0,1,0,0,0,3,0,1,2,0,1,0,0,7,2.0,0,-0.861244019138756,0.1187265833528549,0.008,4,3,Away
2829,9007,9,S9,3,UCC,UCC,WSU,0,0,1,2,0,0,0,2,2,0,0,2,0,0,0,3,9,2.0,1,0.1387559808612439,0.0228018560327273,0.1093,3,2,Away
2829,9013,9,S9,5,UCC,UCC,HVD,0,0,1,0,1,0,0,4,1,1,1,2,0,1,0,1,11,3.0,1,-0.291866028708134,0.0780898750292823,0.1186,5,3,Away
2829,9017,9,S9,6,UCC,UCC,UGA,1,0,1,1,0,0,0,3,3,0,0,0,0,0,0,3,9,2.0,1,0.1387559808612439,0.0228018560327273,0.0362,3,1,Home
2830,9003,9,S9,1,WSU,WSU,UGA,0,0,1,2,1,0,0,3,5,1,1,2,0,0,0,3,16,4.0,0,-1.722488038277512,0.2374531667057098,0.2975,7,3,Home
2830,9010,9,S9,4,WSU,WSU,HVD,0,0,1,0,1,0,0,3,4,4,1,0,0,0,0,1,14,4.0,1,-0.722488038277512,0.1293026213459649,0.1021999999999999,8,3,Home
2839,9004,9,S9,2,TEN,TEN,UCC,0,0,2,5,0,0,0,1,2,0,0,1,0,4,0,7,11,1.3333333333333333,5,4.833200425305688,-0.4221909523324826,-0.3221,2,1,Away
2839,9008,9,S9,3,TEN,TEN,UGA,0,0,0,0,0,0,0,3,1,1,0,1,0,0,0,0,6,2.0,0,-0.861244019138756,0.11057603799311,0.2077,2,1,Away
2839,9012,9,S9,4,TEN,TEN,TOL,0,1,0,1,0,0,0,1,3,0,0,1,1,0,0,2,7,2.0,1,0.1387559808612439,0.0146513106729824,0.0202,1,1,Home
2839,9015,9,S9,5,TEN,TEN,WSU,0,0,0,1,1,0,0,0,1,0,3,0,1,0,1,1,6,2.0,0,-0.861244019138756,0.1146513106729824,0.1172,4,2,Home
2839,9016,9,S9,6,TEN,TEN,TOL,0,0,0,0,0,0,0,1,2,0,2,1,0,0,0,0,6,2.0,0,-0.861244019138756,0.11057603799311,0.1853999999999999,3,2,Home
2855,9002,9,S9,1,TOL,TOL,UCC,1,0,3,0,1,0,0,3,1,0,3,1,1,0,0,4,13,3.0,2,0.7081339712918658,-0.0178348522908452,0.0278,4,3,Home
2855,9012,9,S9,4,TOL,TOL,TEN,3,0,0,1,2,0,0,2,3,1,3,0,0,1,0,4,15,3.0,5,3.708133971291866,-0.3056090342512279,-0.3307,7,2,Away
2863,9003,9,S9,1,UGA,UGA,WSU,0,0,2,0,0,0,0,1,2,3,0,0,0,0,0,2,8,2.0,1,0.1387559808612439,0.0187265833528549,-0.0149999999999999,3,1,Away
2863,9008,9,S9,3,UGA,UGA,TEN,1,0,1,4,0,0,0,1,1,2,1,0,0,1,1,6,11,2.0,3,2.138755980861244,-0.160897053247783,-0.2004,4,2,Home
2863,9011,9,S9,4,UGA,UGA,UCC,0,0,0,0,0,0,0,1,0,1,0,1,0,0,0,0,3,1.0,0,-0.430622009569378,0.055288018996555,0.1538,2,2,Away
2863,9014,9,S9,5,UGA,UGA,TOL,0,0,1,1,2,0,0,3,0,1,0,1,1,0,0,2,9,2.0,0,-0.861244019138756,0.1228018560327273,0.176,2,1,Home
2863,9017,9,S9,6,UGA,UGA,UCC,0,0,2,1,0,0,0,0,1,2,1,0,0,1,0,3,7,1.3333333333333333,2,1.3736957398973884,-0.1047673925507595,-0.2194999999999999,2,2,Away
2867,9009,9,S9,3,HVD,HVD,TOL,2,0,0,0,1,0,0,1,4,0,0,1,0,0,0,2,9,2.0,3,2.138755980861244,-0.1771981439672726,-0.6058,5,2,Home
2867,9013,9,S9,5,HVD,HVD,UCC,1,0,2,1,3,0,0,2,9,1,3,1,1,3,1,4,23,6.0,2,-0.5837320574162682,0.1643302954183095,0.1150999999999999,11,6,Home
2867,9018,9,S9,6,HVD,HVD,WSU,1,0,0,0,3,0,0,0,4,0,2,0,0,0,0,1,10,2.0,1,0.1387559808612439,0.0268771287125997,0.1668,3,2,Home
2871,9001,9,S9,1,TEN,TEN,HVD,0,0,1,1,3,0,0,3,1,0,2,5,0,1,1,2,16,4.0,1,-0.7224880382775121,0.1456037120654547,0.1022,8,5,Home
2871,9008,9,S9,3,TEN,TEN,UGA,0,0,0,2,0,0,0,1,1,0,1,1,1,0,1,2,6,2.0,0,-0.861244019138756,0.1146513106729825,0.1383,3,2,Away
2871,9015,9,S9,5,TEN,TEN,WSU,1,1,0,0,0,0,0,0,0,2,1,0,0,0,0,2,5,1.0,1,0.569377990430622,-0.0365614356437001,0.0023,2,1,Home
2871,9016,9,S9,6,TEN,TEN,TOL,1,0,1,2,1,0,0,2,1,1,1,0,0,0,1,4,10,2.0,2,1.138755980861244,-0.0690475986075278,-0.1291999999999999,3,1,Home
2875,9003,9,S9,1,UGA,UGA,WSU,0,0,0,0,0,0,0,0,0,3,0,0,0,0,0,0,3,1.0,0,-0.430622009569378,0.055288018996555,0.0182,3,2,Away
2875,9006,9,S9,2,UGA,UGA,HVD,1,0,0,0,2,0,0,2,1,3,0,2,0,0,1,1,11,3.0,1,-0.291866028708134,0.0780898750292823,0.0396,6,3,Away
2875,9011,9,S9,4,UGA,UGA,UCC,0,0,0,1,0,0,0,3,1,1,0,0,0,0,1,1,6,2.0,0,-0.861244019138756,0.1146513106729825,0.208,1,1,Away
2875,9014,9,S9,5,UGA,UGA,TOL,1,0,0,0,0,0,0,1,0,4,1,0,0,0,0,1,7,2.0,1,0.1387559808612439,0.0146513106729824,-0.1188999999999999,4,1,Home
2875,9017,9,S9,6,UGA,UGA,UCC,0,0,0,0,0,0,0,2,0,1,2,0,0,0,0,0,5,1.6666666666666667,0,-0.7125953704901075,0.0916359004483728,0.1283,3,3,Away
2877,9001,9,S9,1,HVD,HVD,TEN,0,1,1,0,1,0,0,1,0,2,1,2,0,0,0,2,9,2.0,0,-0.861244019138756,0.1228018560327273,0.1357,5,3,Away
2877,9006,9,S9,2,HVD,HVD,UGA,0,0,2,1,2,0,0,2,0,2,0,2,0,2,0,3,11,2.0,3,2.138755980861244,-0.160897053247783,-0.4974999999999999,4,2,Home
2877,9010,9,S9,4,HVD,HVD,WSU,0,0,0,2,1,0,0,3,2,1,4,1,1,0,0,2,14,4.0,0,-1.722488038277512,0.229302621345965,0.3321,7,2,Away
2877,9018,9,S9,6,HVD,HVD,WSU,0,0,1,0,0,0,0,1,2,1,0,2,0,0,0,1,7,2.0,0,-0.861244019138756,0.1146513106729825,0.1356,4,2,Home
2887,9002,9,S9,1,UCC,UCC,TOL,1,0,1,6,0,0,0,2,5,1,1,0,0,0,0,8,17,3.0,6,4.708133971291866,-0.4015337615713555,-0.3468,6,1,Away
2887,9011,9,S9,4,UCC,UCC,UGA,2,0,0,1,3,0,0,3,0,0,1,2,1,1,0,3,12,2.333333333333333,3,1.9430737303280103,-0.1413288281944597,-0.2604999999999999,3,3,Home
2887,9017,9,S9,6,UCC,UCC,UGA,0,0,0,1,0,0,0,4,1,0,0,1,0,0,0,1,7,2.0,0,-1.5020505809979494,0.1787319668589018,0.5703,1,1,Home
2888,9008,9,S9,3,TEN,TEN,UGA,0,0,1,3,1,0,0,1,3,0,2,0,0,0,0,4,11,2.0,3,2.138755980861244,-0.1690475986075278,-0.1065999999999999,2,2,Away
2888,9012,9,S9,4,TEN,TEN,TOL,0,0,0,2,0,0,0,2,1,3,0,0,0,0,0,2,8,2.0,0,-0.861244019138756,0.1187265833528549,0.1172,3,0,Home
2888,9015,9,S9,5,TEN,TEN,WSU,0,0,0,2,2,0,0,3,0,2,0,1,0,0,0,2,10,2.0,0,-0.861244019138756,0.1268771287125997,0.0373,3,1,Home
2888,9016,9,S9,6,TEN,TEN,TOL,2,1,0,0,1,0,0,1,0,1,1,0,0,0,0,3,7,1.0,3,2.5693779904306218,-0.2284108902839552,-0.5458,2,2,Home
2890,9005,9,S9,2,WSU,WSU,TOL,0,0,0,2,1,0,0,6,2,1,1,1,1,0,0,2,14,4.0,0,-1.722488038277512,0.229302621345965,0.3115,4,3,Away
2890,9015,9,S9,5,WSU,WSU,TEN,2,1,1,2,0,0,0,3,4,0,1,1,0,1,0,6,15,3.0,6,4.708133971291866,-0.4056090342512279,-0.3381,4,2,Away
2892,9005,9,S9,2,TOL,TOL,WSU,0,0,0,1,1,0,0,0,0,1,2,5,1,0,0,1,10,3.0,0,-1.291866028708134,0.1699393296695375,0.2164,8,5,Home
2892,9012,9,S9,4,TOL,TOL,TEN,0,0,0,0,2,0,0,1,0,1,1,2,1,0,0,0,7,2.0,0,-0.861244019138756,0.1146513106729825,0.0163,3,2,Away
2892,9016,9,S9,6,TOL,TOL,TEN,1,0,2,1,0,0,0,2,2,0,0,2,0,1,0,4,10,2.0,3,2.138755980861244,-0.1690475986075278,-0.2798,2,2,Away
2900,9003,9,S9,1,UGA,UGA,WSU,0,0,2,0,1,0,0,3,2,1,0,0,0,0,0,2,9,2.0,1,0.1387559808612439,0.0228018560327273,-0.0388999999999999,2,1,Away
2900,9008,9,S9,3,UGA,UGA,TEN,1,0,1,2,2,0,0,2,3,1,1,0,1,1,1,4,13,3.0,2,0.708133971291866,-0.0096843069311003,-0.0833,5,2,Home
2900,9014,9,S9,5,UGA,UGA,TOL,0,0,0,1,0,0,0,3,1,0,1,1,0,1,0,1,7,2.0,0,-0.861244019138756,0.1187265833528549,0.1356,2,2,Home
2900,9017,9,S9,6,UGA,UGA,UCC,0,0,1,0,0,0,0,4,1,1,0,0,0,0,0,1,7,2.0,0,-0.0425458955896496,0.0327814983180718,0.1464,2,0,Away
2911,9006,9,S9,2,UGA,UGA,HVD,1,0,0,0,1,0,0,2,2,2,1,2,0,1,0,1,11,3.0,1,-0.291866028708134,0.0780898750292823,0.2839,5,5,Away
2911,9008,9,S9,3,UGA,UGA,TEN,0,0,0,0,0,0,0,2,0,0,1,0,0,0,0,0,3,1.0,0,-0.430622009569378,0.055288018996555,0.0231,1,1,Home
2911,9011,9,S9,4,UGA,UGA,UCC,0,0,2,2,1,0,0,3,2,1,0,0,0,1,0,4,11,2.0,2,1.138755980861244,-0.0649723259276554,-0.1351,2,0,Away
2911,9014,9,S9,5,UGA,UGA,TOL,0,0,0,0,0,0,0,0,4,0,1,1,0,0,0,0,6,2.0,0,-1.5714285714285714,0.1815944932220916,0.9177,4,2,Home
2911,9017,9,S9,6,UGA,UGA,UCC,0,0,1,0,0,0,0,1,2,0,1,0,0,0,0,1,5,1.3333333333333333,0,-0.5792706582180267,0.0783034292211647,0.1139999999999999,3,1,Away
2915,9002,9,S9,1,TOL,TOL,UCC,0,0,0,1,0,0,0,2,3,4,0,0,0,0,0,1,10,3.0,0,-1.291866028708134,0.1699393296695375,0.1334,4,2,Home
2915,9009,9,S9,3,TOL,TOL,HVD,0,0,0,1,1,0,0,0,0,4,2,2,0,1,1,1,10,3.0,0,-1.291866028708134,0.1780898750292823,0.2746,9,5,Away
2915,9014,9,S9,5,TOL,TOL,UGA,1,0,1,1,1,0,0,3,2,14,0,2,0,0,2,3,25,7.666666666666667,1,-1.7551606288448398,0.2855484252410391,0.6103999999999999,15,6,Away
2921,9004,9,S9,2,UCC,UCC,TEN,0,0,0,1,2,0,0,2,3,1,2,1,0,1,0,1,12,3.0,0,-1.8376618245039296,0.2367447272887343,0.1635999999999999,5,3,Home
2939,9005,9,S9,2,WSU,WSU,TOL,1,0,0,0,3,0,0,1,2,0,0,0,0,0,0,1,7,1.0,3,2.569377990430622,-0.2284108902839552,-0.2284,2,0,Away
2939,9007,9,S9,3,WSU,WSU,UCC,3,0,0,0,2,0,0,1,7,1,2,0,0,1,1,3,16,4.0,4,2.277511961722488,-0.1543962879345453,-0.2503000000000001,7,4,Home
2939,9018,9,S9,6,WSU,WSU,HVD,0,0,0,0,0,0,0,0,2,0,0,1,0,0,0,0,3,1.0,0,-0.430622009569378,0.055288018996555,0.0182,3,1,Away
2944,9001,9,S9,1,HVD,HVD,TEN,1,0,0,0,1,0,0,1,2,1,1,1,0,1,0,1,8,2.0,1,0.1387559808612439,0.0228018560327273,-0.1187999999999999,4,3,Away
2944,9006,9,S9,2,HVD,HVD,UGA,0,0,0,1,0,0,0,1,4,0,1,0,0,0,0,1,7,2.0,0,-0.861244019138756,0.1146513106729825,0.1854,2,0,Home
2944,9009,9,S9,3,HVD,HVD,TOL,0,0,0,0,3,0,0,1,5,2,3,0,1,1,0,0,14,4.0,0,-1.722488038277512,0.2333778940258374,0.2799,8,6,Home
2944,9010,9,S9,4,HVD,HVD,WSU,0,0,0,0,1,0,0,1,5,0,0,0,0,0,0,0,7,2.0,0,-0.861244019138756,0.1146513106729825,0.3811999999999999,2,0,Away
2944,9018,9,S9,6,HVD,HVD,WSU,0,0,1,1,1,0,0,3,3,0,0,0,0,0,0,2,9,2.0,1,0.1387559808612439,0.0228018560327273,-0.0092,1,0,Home
2945,9005,9,S9,2,TOL,TOL,WSU,0,0,0,1,2,0,0,1,2,0,1,3,1,0,1,1,10,3.0,0,-1.291866028708134,0.1740146023494099,0.3667,6,5,Home
2945,9009,9,S9,3,TOL,TOL,HVD,0,0,1,2,1,0,0,3,3,0,1,1,0,1,1,3,12,3.0,2,0.7081339712918661,-0.0137595796109728,-0.1004999999999999,4,2,Away
2945,9016,9,S9,6,TOL,TOL,TEN,0,0,1,1,1,0,0,1,6,1,0,2,1,0,1,2,13,4.0,0,-1.722488038277512,0.229302621345965,0.2554,8,2,Away
2952,9004,9,S9,2,UCC,UCC,TEN,0,0,0,0,0,0,0,1,1,1,0,0,0,0,0,0,3,1.0,0,-0.430622009569378,0.055288018996555,0.0201,2,0,Home
2952,9007,9,S9,3,UCC,UCC,WSU,1,0,0,3,0,0,0,3,3,3,1,1,0,0,1,4,15,4.0,1,-0.7224880382775121,0.1374531667057098,0.1711,7,2,Away
2952,9013,9,S9,5,UCC,UCC,HVD,0,0,0,1,0,0,0,1,3,0,1,4,0,1,0,1,10,3.0,0,-1.291866028708134,0.1740146023494099,0.4965,8,5,Away
2954,9011,9,S9,4,UCC,UCC,UGA,0,0,0,2,0,0,0,3,2,0,1,2,0,0,0,2,10,2.6666666666666665,0,-1.0961837781749004,0.1503711046162141,0.1663,5,3,Home
2954,9017,9,S9,6,UCC,UCC,UGA,0,0,1,2,2,0,1,1,2,1,2,1,1,0,1,3,12,3.0,1,-0.2918660287081341,0.0821651477091547,0.0627,5,3,Home
2954,10001,10,S10,1,FOK,FOK,TOL,1,0,0,2,0,0,0,0,4,1,1,3,0,0,0,3,12,3.0,2,0.4845360824742268,0.0068039424286442,0.1154,7,4,Away
2954,10004,10,S10,2,FOK,FOK,BSU,3,0,0,2,0,0,0,2,2,1,2,1,1,1,0,5,13,3.0,4,2.484536082474227,-0.1839864657920112,-0.2861,5,2,Home
2954,10011,10,S10,4,FOK,FOK,TXS,0,0,0,0,0,0,0,1,0,1,1,0,0,0,0,0,3,1.0,0,-0.5051546391752577,0.0643298515865425,0.0038,2,1,Away
2954,10015,10,S10,5,FOK,FOK,NWU,1,0,0,2,1,0,0,3,0,0,3,0,0,0,0,3,10,2.0,1,-0.0103092783505154,0.047078886731774,0.1216999999999999,3,3,Away
2955,9015,9,S9,5,WSU,WSU,TEN,0,0,0,2,1,0,0,2,0,1,0,0,0,0,0,2,6,1.0,1,0.5693779904306219,-0.0324861629638277,-0.003,1,0,Away
2955,9018,9,S9,6,WSU,WSU,HVD,0,0,2,1,1,0,0,2,2,2,0,0,0,1,0,3,10,2.0,3,2.138755980861244,-0.1690475986075278,-0.3607000000000001,1,1,Away
2986,10004,10,S10,2,BSU,BSU,FOK,0,0,0,3,0,0,0,3,2,1,2,1,0,1,0,3,12,3.0,0,-1.5154639175257731,0.2114087383183165,0.1473,3,2,Away
2986,10010,10,S10,4,BSU,BSU,TOL,0,1,1,0,4,0,0,2,1,1,1,1,1,0,0,2,13,3.0,2,0.4845360824742267,0.0114087383183165,-0.072,4,3,Home
2989,10005,10,S10,2,TOL,TOL,NWU,0,0,0,2,1,0,0,0,2,2,3,1,1,0,0,2,11,3.0,0,-1.5154639175257731,0.202199146538972,0.3179,6,4,Away
2989,10010,10,S10,4,TOL,TOL,BSU,0,0,1,3,1,0,0,0,2,3,3,0,1,0,0,4,13,3.0,0,-1.5154639175257731,0.2114087383183165,0.2987999999999999,6,3,Away
2990,10001,10,S10,1,TOL,TOL,FOK,1,0,1,5,1,0,0,1,1,2,1,2,2,0,0,7,15,3.0,4,2.484536082474227,-0.1793816699023389,-0.3842,5,3,Home
2990,10009,10,S10,3,TOL,TOL,UNA,1,0,0,4,4,0,0,4,3,1,0,1,0,1,0,5,18,3.0,4,2.484536082474227,-0.16096248634365,-0.2733,3,1,Home
2991,10002,10,S10,1,NWU,NWU,TXS,1,0,0,0,0,0,0,1,4,2,0,2,0,0,0,1,10,3.0,1,-0.5154639175257731,0.0975943506492997,0.0627,7,2,Home
2991,10005,10,S10,2,NWU,NWU,TOL,2,0,0,0,0,0,0,1,0,1,1,0,0,0,0,2,5,1.0,2,1.4948453608247425,-0.1264605566341129,-0.3940999999999999,3,1,Home
2991,10008,10,S10,3,NWU,NWU,FOK,0,0,1,0,0,0,0,3,1,1,1,0,0,0,0,1,7,2.0,0,-1.0103092783505154,0.1332644990627572,0.1928,2,1,Away
2991,10012,10,S10,4,NWU,NWU,UNA,1,0,0,0,0,0,0,3,2,0,1,0,0,0,0,1,7,2.0,1,-0.0103092783505154,0.0332644990627572,-0.0521999999999999,1,1,Away
2991,10015,10,S10,5,NWU,NWU,FOK,3,0,2,0,0,0,0,4,2,2,1,0,0,0,0,5,14,3.0,4,2.484536082474227,-0.1839864657920112,-0.2446,4,1,Home
2994,10003,10,S10,1,BSU,BSU,UNA,1,0,3,1,1,0,0,1,1,5,1,1,0,0,0,5,15,3.0,4,2.484536082474227,-0.1793816699023389,-0.2682999999999999,8,3,Away
2994,10004,10,S10,2,BSU,BSU,FOK,0,0,0,0,0,0,0,0,1,0,0,0,0,0,0,0,1,0.3333333333333333,0,-0.5,0.0546047958896722,0.141,0,0,Away
2994,10007,10,S10,3,BSU,BSU,TXS,0,0,0,2,0,0,0,4,5,1,1,2,1,1,0,2,15,4.666666666666667,0,-2.520618556701031,0.325738589904859,0.4607,6,3,Home
2994,10014,10,S10,5,BSU,BSU,TOL,0,1,1,1,1,0,0,3,4,0,0,1,0,0,1,3,12,3.0,2,0.4845360824742268,0.0114087383183165,-0.1014999999999999,2,2,Away
2997,10006,10,S10,2,TXS,TXS,UNA,1,0,0,1,0,0,0,2,2,5,1,2,0,0,0,2,14,4.0,1,-1.0206185567010309,0.1665289981255145,0.1277,8,5,Home
2997,10011,10,S10,4,TXS,TXS,FOK,0,0,1,0,0,0,0,0,0,1,1,1,0,0,0,1,4,1.0,0,-0.5051546391752577,0.0689346474762147,0.0164,3,1,Home
2997,10013,10,S10,5,TXS,TXS,UNA,0,0,1,1,0,0,0,1,1,1,0,0,0,0,0,2,5,1.0,1,0.4948453608247423,-0.026460556634113,-0.0015,1,0,Home
2998,10003,10,S10,1,UNA,UNA,BSU,1,0,3,2,0,0,0,0,2,8,2,2,1,0,0,6,20,5.0,2,-0.5257731958762886,0.1446732373810738,0.1953,11,4,Home
2998,10009,10,S10,3,UNA,UNA,TOL,1,0,0,3,2,0,0,1,1,5,0,2,0,1,0,4,15,3.0,1,-0.9095074455899196,0.1646274787937479,-0.0208,5,3,Away
2998,10013,10,S10,5,UNA,UNA,TXS,0,0,3,1,0,0,0,3,1,4,2,0,0,0,0,4,14,3.333333333333333,2,0.3686431882654121,0.0276028236288702,0.0593999999999999,6,2,Away
3004,10003,10,S10,1,UNA,UNA,BSU,0,1,0,1,0,0,0,0,3,0,0,0,0,0,0,2,5,1.0,1,0.4948453608247423,-0.026460556634113,0.0163999999999999,2,0,Home
3004,10006,10,S10,2,UNA,UNA,TXS,1,0,0,0,0,0,0,1,1,0,0,0,0,0,0,1,3,0.6666666666666666,1,0.6574469868410024,-0.0519303110150835,-0.3453,0,0,Away
3004,10009,10,S10,3,UNA,UNA,TOL,1,0,0,0,2,0,0,0,3,2,2,1,1,0,0,1,11,3.0,2,0.8785796105383734,-0.0372052062674426,0.24,6,5,Away
3004,10012,10,S10,4,UNA,UNA,NWU,1,0,2,3,3,0,0,5,5,1,4,2,1,0,0,6,26,6.0,3,-0.0309278350515462,0.122817476636633,0.1055999999999999,9,5,Home
3016,10001,10,S10,1,FOK,FOK,TOL,0,0,0,0,0,0,0,1,2,1,3,2,0,0,0,0,9,3.0,0,-1.5154639175257731,0.1929895547596275,0.2168,7,4,Away
3016,10004,10,S10,2,FOK,FOK,BSU,1,0,2,0,0,0,0,2,2,0,0,1,0,0,0,3,8,1.6666666666666667,2,1.1055836158582992,-0.0737199944684519,-0.0161,2,1,Home
3016,10008,10,S10,3,FOK,FOK,NWU,0,0,0,3,0,0,0,1,1,0,1,1,2,0,0,3,7,2.0,0,-1.0103092783505154,0.1332644990627572,0.1941,3,1,Home
3016,10015,10,S10,5,FOK,FOK,NWU,0,0,0,0,0,0,0,0,5,0,0,1,0,0,0,0,6,2.0,0,-1.0103092783505154,0.128659703173085,0.1442,5,1,Away
3024,10002,10,S10,1,NWU,NWU,TXS,0,1,0,1,0,0,0,0,1,0,0,1,1,0,0,2,4,1.0,1,0.4948453608247423,-0.0310653525237852,-0.0348,2,1,Home
3024,10005,10,S10,2,NWU,NWU,TOL,1,0,2,0,0,0,0,2,1,0,1,1,0,0,1,3,8,2.0,2,0.9896907216494846,-0.0575259091578982,-0.0908,3,1,Home
3024,10008,10,S10,3,NWU,NWU,FOK,1,0,0,2,2,0,0,3,5,0,1,3,0,0,0,3,17,4.0,2,-0.020618556701031,0.0803433857945313,-0.1166,6,4,Away
3024,10012,10,S10,4,NWU,NWU,UNA,0,0,0,0,0,0,0,0,1,1,0,0,0,0,0,0,2,0.6666666666666666,0,-0.3425530131589976,0.0434648930952442,0.1036,2,0,Away
3028,10002,10,S10,1,TXS,TXS,NWU,1,0,1,0,0,0,0,0,1,3,0,2,0,0,0,2,8,2.0,2,0.9896907216494846,-0.0621307050475704,0.1497999999999999,5,2,Away
3028,10007,10,S10,3,TXS,TXS,BSU,0,0,1,0,2,0,0,4,1,6,0,0,0,1,1,1,14,4.0,0,-2.020618556701031,0.275738589904859,0.3576,6,2,Away
3028,10013,10,S10,5,TXS,TXS,UNA,0,0,0,0,0,0,0,2,1,0,0,0,0,0,0,0,3,1.0,0,-0.5051546391752577,0.0643298515865425,0.005,0,0,Home
3029,10002,10,S10,1,TXS,TXS,NWU,0,0,0,0,1,0,0,1,5,0,3,3,0,0,0,0,13,4.0,0,-2.020618556701031,0.2619242022358423,0.3576,7,6,Away
3029,10007,10,S10,3,TXS,TXS,BSU,1,0,1,2,0,0,0,1,3,0,0,1,1,0,0,4,9,2.0,2,0.9896907216494844,-0.0575259091578982,-0.4645,3,1,Away
3029,10013,10,S10,5,TXS,TXS,UNA,1,0,1,0,0,0,0,2,1,0,0,1,0,0,0,2,6,1.3333333333333333,1,0.3698453608247423,-0.0093557607444407,-0.0021,1,1,Home
3035,11004,11,S11,2,ZOO,ZOO,BSU,2,0,0,2,1,0,0,2,9,1,2,3,0,0,1,4,22,6.0,2,-1.2703862660944207,0.2249054601461451,0.3939999999999999,14,5,Away
3035,11015,11,S11,5,ZOO,ZOO,KSU,2,0,1,0,1,0,0,3,4,1,2,1,0,0,1,3,15,4.0,2,-0.1802575107296138,0.0861070265767547,0.0281999999999999,8,3,Home
3035,11016,11,S11,6,ZOO,ZOO,KSU,1,0,0,1,0,0,0,3,1,0,2,0,0,0,0,2,8,2.0,1,-0.0901287553648069,0.0430535132883773,-0.0121999999999999,2,2,Home
3039,10005,10,S10,2,TOL,TOL,NWU,1,1,1,1,1,0,0,4,3,0,0,2,0,0,0,4,14,3.0,3,1.4845360824742269,-0.0839864657920112,-0.2166,4,2,Away
3039,10010,10,S10,4,TOL,TOL,BSU,0,0,1,0,0,0,0,3,1,2,1,2,0,0,0,1,10,3.0,0,-1.5154639175257731,0.1975943506492997,0.2309,5,3,Away
3041,10004,10,S10,2,FOK,FOK,BSU,0,0,1,0,1,0,0,0,2,0,1,0,1,0,0,1,5,1.3333333333333333,0,-0.6210475333840726,0.0851287327867685,0.0232,2,1,Home
3041,10008,10,S10,3,FOK,FOK,NWU,1,0,0,2,2,0,0,0,7,1,0,1,0,0,0,3,14,3.0,1,-0.5154639175257731,0.1160135342079887,0.0488,6,2,Home
3043,10006,10,S10,2,UNA,UNA,TXS,1,0,1,2,0,0,0,4,0,6,3,1,1,1,0,4,18,5.0,1,-1.5257731958762886,0.2400684414914015,0.0841,9,3,Away
3043,10013,10,S10,5,UNA,UNA,TXS,1,0,0,1,2,0,0,2,3,2,0,1,0,0,0,2,12,2.6666666666666665,3,1.6004289766830415,-0.1047853469922371,0.0182999999999999,1,1,Away
3044,10011,10,S10,4,TXS,TXS,FOK,0,0,0,1,0,0,0,2,0,1,0,3,0,0,0,1,7,2.0,0,-1.0103092783505154,0.1332644990627572,0.061,4,3,Home
3044,10013,10,S10,5,TXS,TXS,UNA,0,0,5,3,2,0,0,1,0,4,0,0,0,0,0,8,15,1.6666666666666667,7,6.114690721649485,-0.5423971338198648,-0.426,4,2,Home
3047,10001,10,S10,1,TOL,TOL,FOK,0,0,0,1,0,0,0,3,2,0,3,1,0,0,0,1,10,3.0,0,-1.5154639175257731,0.1975943506492997,0.2164,6,3,Home
3047,10009,10,S10,3,TOL,TOL,UNA,0,0,1,3,1,0,0,2,0,1,1,2,3,0,0,4,11,3.0,1,-0.5154639175257731,0.102199146538972,-0.0075,4,3,Home
3047,10014,10,S10,5,TOL,TOL,BSU,1,0,3,0,1,0,0,5,6,0,5,1,1,0,0,4,22,6.0,2,-1.0309278350515465,0.204398293077944,0.2648,9,5,Home
3057,10006,10,S10,2,TXS,TXS,UNA,0,0,0,0,0,0,0,3,0,1,1,1,0,0,0,0,6,2.0,0,-1.0103092783505154,0.128659703173085,0.1111,3,3,Home
3057,10011,10,S10,4,TXS,TXS,FOK,0,0,1,1,1,0,0,3,1,4,1,0,0,0,0,2,12,3.0,0,-1.5154639175257731,0.2068039424286442,0.2163999999999999,4,4,Home
3057,10013,10,S10,5,TXS,TXS,UNA,0,0,1,0,0,0,0,0,0,2,0,1,0,0,0,1,4,1.0,0,-0.5051546391752577,0.0689346474762147,0.0023,3,2,Home
3059,10004,10,S10,2,BSU,BSU,FOK,3,0,1,1,2,0,0,3,3,1,1,0,0,0,0,5,15,2.6666666666666665,4,2.984536082474227,-0.229381669902339,-0.0673,4,1,Away
3059,10010,10,S10,4,BSU,BSU,TOL,0,0,1,0,0,0,0,2,6,1,0,0,0,0,0,1,10,3.0,0,-1.5154639175257731,0.1975943506492997,0.1016999999999999,4,0,Home
3072,11014,11,S11,5,BDE,BDE,UWU,0,0,0,1,1,0,0,4,0,1,0,0,0,0,1,1,7,2.0,0,-1.090128755364807,0.1430535132883774,0.1248,2,2,Away
3075,11001,11,S11,1,BSU,BSU,UWU,0,0,3,3,3,0,0,4,5,5,1,2,0,0,1,6,26,6.0,4,0.7296137339055794,0.0419257790220934,0.0642,13,5,Away
3075,11007,11,S11,3,BSU,BSU,KSU,1,0,1,0,0,0,0,1,2,0,2,1,0,0,0,2,8,2.0,1,-0.0901287553648069,0.0430535132883773,0.0080999999999999,4,3,Away
3075,11010,11,S11,4,BSU,BSU,BDE,0,0,0,1,2,0,0,1,5,0,0,1,0,0,0,1,10,2.333333333333333,0,-1.1871436807379412,0.161265165263665,0.1856999999999999,3,1,Home
3075,11017,11,S11,6,BSU,BSU,BDE,0,0,1,2,3,0,0,3,1,2,0,0,0,0,0,3,12,2.0,1,-0.0901287553648069,0.0600738321643257,-0.0053999999999999,2,1,Home
3078,11001,11,S11,1,UWU,UWU,BSU,2,1,3,1,0,0,0,0,2,6,1,0,0,0,0,7,16,3.0,6,4.364806866952789,-0.3683994111914855,-0.0861,4,2,Home
3078,11005,11,S11,2,UWU,UWU,KSU,0,0,0,2,0,0,0,1,4,2,0,2,0,1,0,2,11,3.0,0,-1.6351931330472105,0.2145802699325661,0.2168,4,3,Away
3078,11012,11,S11,4,UWU,UWU,ZOO,1,1,2,2,2,0,0,3,2,5,1,0,0,2,1,6,19,4.0,4,1.2746781115879826,-0.0338560573410823,-0.2203999999999999,7,3,Home
3078,11014,11,S11,5,UWU,UWU,BDE,0,0,2,0,1,0,0,1,1,2,1,0,0,0,0,2,8,1.6666666666666667,1,-0.21173104434907,0.0552137421868037,-0.0164,3,1,Home
3078,11018,11,S11,6,UWU,UWU,CSU,0,0,0,2,1,0,0,1,2,2,1,1,1,0,0,2,10,2.6666666666666665,0,-1.43844336210638,0.1863951334005088,0.2176,3,2,Home
3082,11003,11,S11,1,BDE,BDE,KSU,0,0,3,0,0,0,0,1,2,1,2,3,0,0,0,3,12,3.0,1,-0.6351931330472104,0.114580269932566,0.1017,6,4,Away
3082,11006,11,S11,2,BDE,BDE,CSU,1,0,0,0,0,0,0,2,1,0,2,1,0,0,0,1,7,2.0,1,-0.0901287553648069,0.0387984335693903,0.0412,3,2,Home
3082,11010,11,S11,4,BDE,BDE,BSU,4,0,1,1,2,0,0,4,5,1,0,4,1,0,0,6,22,5.0,6,3.274678111587983,-0.2338560573410823,-0.3271,7,4,Away
3082,11017,11,S11,6,BDE,BDE,BSU,0,0,1,1,2,0,0,7,2,1,2,3,2,1,1,2,19,6.0,0,-3.2703862660944205,0.4163953007081709,0.5539,7,5,Away
3084,11002,11,S11,1,CSU,CSU,ZOO,1,1,1,1,1,0,0,3,3,1,3,4,2,0,0,4,20,6.0,2,-1.2703862660944207,0.2121402209891838,0.2374,9,5,Away
3086,11003,11,S11,1,KSU,KSU,BDE,0,0,0,1,3,0,0,0,1,4,0,1,0,1,0,1,10,2.0,1,-0.0901287553648069,0.0558187524453386,0.1463999999999999,3,1,Home
3086,11005,11,S11,2,KSU,KSU,UWU,0,0,1,1,1,0,0,3,3,7,2,0,0,0,0,2,18,5.0,0,-2.7253218884120174,0.3491236237829693,0.4287999999999999,8,4,Home
3086,11011,11,S11,4,KSU,KSU,CSU,0,0,2,3,0,0,0,3,3,4,0,2,0,1,0,5,17,4.0,3,0.8197424892703862,-0.005382813985271,-0.1096,6,3,Away
3086,11016,11,S11,6,KSU,KSU,ZOO,0,0,1,1,1,0,0,2,1,2,3,1,1,1,0,2,12,3.333333333333333,0,-1.8319429039880408,0.2385103267456362,0.1814,6,4,Away
3091,11001,11,S11,1,UWU,UWU,BSU,0,3,0,5,2,0,0,2,2,3,1,0,1,0,0,8,18,3.0,5,3.3648068669527893,-0.2598892517535114,-0.3496999999999999,6,3,Home
3091,11005,11,S11,2,UWU,UWU,KSU,0,0,0,3,2,0,0,2,2,0,2,1,2,0,0,3,12,3.0,0,-1.6351931330472105,0.2145802699325661,0.3179,4,3,Away
3091,11012,11,S11,4,UWU,UWU,ZOO,0,0,2,2,1,0,0,2,5,0,1,0,0,2,1,4,13,3.0,1,-0.6351931330472101,0.1316005888085144,0.0789,6,2,Home
3091,11014,11,S11,5,UWU,UWU,BDE,2,1,1,3,1,0,0,1,3,0,1,1,0,2,1,7,14,2.333333333333333,4,3.0314735336194563,-0.2308109981391651,-0.282,5,1,Home
3091,11018,11,S11,6,UWU,UWU,CSU,1,0,0,0,0,0,0,1,1,0,0,1,0,0,0,1,4,1.0,1,0.4549356223175965,-0.0284732433558113,-0.0694999999999999,2,1,Home
3098,11002,11,S11,1,ZOO,ZOO,CSU,0,0,1,5,4,0,0,3,5,4,4,1,2,3,2,6,27,7.0,0,-3.815450643776824,0.5177076153852692,0.7374,14,4,Home
3099,11013,11,S11,5,CSU,CSU,BSU,0,0,1,0,1,0,0,2,1,0,0,3,0,0,0,1,8,2.0,0,-1.090128755364807,0.1430535132883774,0.0033,3,3,Home
3115,11008,11,S11,3,ZOO,ZOO,BDE,0,0,1,0,1,0,0,1,2,3,3,0,0,0,0,1,11,3.0,0,-1.6351931330472105,0.210325190213579,0.0969999999999999,5,1,Away
3115,11012,11,S11,4,ZOO,ZOO,UWU,0,0,1,2,0,0,0,3,1,2,3,2,0,1,1,3,14,4.0,1,-1.1802575107296138,0.1861070265767548,0.3472999999999999,9,6,Away
3115,11016,11,S11,6,ZOO,ZOO,KSU,1,0,2,4,1,0,0,1,2,4,2,0,0,1,0,7,17,3.0,4,2.3648068669527893,-0.1598892517535114,-0.2709,6,1,Home
3119,11003,11,S11,1,BDE,BDE,KSU,0,0,1,4,0,0,0,0,3,1,0,2,0,1,0,5,11,2.0,3,1.909871244635193,-0.1399261678356742,-0.4682,3,2,Away
3119,11006,11,S11,2,BDE,BDE,CSU,0,0,0,0,1,0,0,1,0,1,2,2,0,0,0,0,7,2.0,0,-1.090128755364807,0.1387984335693903,0.131,5,2,Home
3119,11008,11,S11,3,BDE,BDE,ZOO,0,0,0,2,1,0,0,1,1,0,1,0,0,1,1,2,6,1.3333333333333333,0,-0.8177916504096762,0.1158198027928643,0.0154,2,1,Home
3119,11014,11,S11,5,BDE,BDE,UWU,0,1,1,2,1,0,0,1,1,0,1,3,0,1,0,4,11,2.0,3,1.9098712446351933,-0.1399261678356742,-0.0715,4,3,Away
3129,11003,11,S11,1,KSU,KSU,BDE,1,0,2,1,2,0,0,3,1,4,2,1,1,0,0,4,17,4.0,2,-0.1802575107296137,0.0903621062957418,-0.0128999999999999,6,3,Home
3129,11005,11,S11,2,KSU,KSU,UWU,0,0,2,2,1,0,0,0,1,2,0,0,0,0,0,4,8,1.0,2,1.4549356223175964,-0.1114529244798629,-0.3940999999999999,2,0,Home
3129,11007,11,S11,3,KSU,KSU,BSU,0,0,0,1,0,0,0,2,1,2,3,1,0,1,0,1,10,3.0,0,-1.6351931330472105,0.210325190213579,0.3667,6,5,Home
3129,11011,11,S11,4,KSU,KSU,CSU,0,0,0,0,0,0,0,0,0,0,0,1,0,0,0,0,1,0.3333333333333333,0,-0.2682926829268293,0.03108434801167,0.0044,1,1,Away
3129,11015,11,S11,5,KSU,KSU,ZOO,0,1,2,2,3,0,0,5,3,6,1,2,0,2,1,5,25,6.0,2,-1.2703862660944207,0.2461808587410805,0.0665,9,4,Away
3129,11016,11,S11,6,KSU,KSU,ZOO,0,0,0,0,0,0,0,0,1,4,1,0,0,0,0,0,6,2.0,0,-1.0450643776824036,0.1300369160821628,0.179,5,1,Away
3144,11008,11,S11,3,ZOO,ZOO,BDE,0,0,2,1,0,0,0,0,1,0,4,3,1,0,0,3,11,3.0,1,-0.6351931330472104,0.110325190213579,0.0591,8,2,Away
3145,11006,11,S11,2,CSU,CSU,BDE,3,0,2,0,1,0,0,1,8,0,1,2,0,0,0,5,18,4.0,3,1.2746781115879826,-0.0508763762170307,-0.2557,8,2,Away
3145,11011,11,S11,4,CSU,CSU,KSU,0,0,1,0,0,0,0,0,7,1,3,1,0,0,0,1,13,4.0,0,-2.180257510729614,0.2733417874197935,0.3116,9,4,Home
3157,11006,11,S11,2,BDE,BDE,CSU,2,0,0,0,0,0,0,0,2,4,0,0,0,0,0,2,8,2.0,2,0.9098712446351932,-0.0569464867116226,-0.0526,5,3,Home
3157,11008,11,S11,3,BDE,BDE,ZOO,2,1,2,2,5,0,0,5,4,2,2,1,0,1,0,7,26,4.666666666666667,5,2.547405384315255,-0.1398533860188742,-0.3593,7,5,Home
3157,11014,11,S11,5,BDE,BDE,UWU,0,0,1,0,0,0,0,2,2,2,0,0,0,0,0,1,7,2.0,0,-1.090128755364807,0.1387984335693903,0.2077,2,2,Away
3158,11006,11,S11,2,CSU,CSU,BDE,0,1,1,0,0,0,0,1,0,0,1,0,0,0,0,2,5,1.3333333333333333,1,0.1216022889842631,0.0091151696965091,-0.1246999999999999,2,1,Away
3158,11009,11,S11,3,CSU,CSU,UWU,1,0,0,2,1,0,0,8,6,0,2,2,0,1,0,3,22,6.0,1,-2.2703862660944205,0.3249054601461451,0.1558,9,4,Home
3158,11011,11,S11,4,CSU,CSU,KSU,0,0,1,2,0,0,0,1,2,2,0,1,0,0,0,3,9,2.0,0,-1.0901287553648067,0.1473085930073644,0.0871,3,1,Home
3158,11018,11,S11,6,CSU,CSU,UWU,1,0,0,2,0,0,0,1,0,0,0,0,0,1,0,3,4,0.3333333333333333,3,2.8032502290591697,-0.2590496243109815,-0.3453,0,0,Away
3159,11004,11,S11,2,BSU,BSU,ZOO,2,1,4,1,2,0,0,2,10,2,2,1,1,1,0,8,27,6.0,3,-0.2703862660944208,0.1461808587410805,-0.106,11,3,Home
3159,11007,11,S11,3,BSU,BSU,KSU,1,0,1,0,0,0,0,0,1,1,1,0,0,0,0,2,5,1.0,2,1.4549356223175969,-0.1242181636368242,-0.2284,2,1,Away
3159,11013,11,S11,5,BSU,BSU,CSU,0,0,0,2,1,0,0,2,7,3,1,1,1,0,0,2,17,5.0,0,-2.7253218884120174,0.3448685440639822,0.2715999999999999,8,4,Away
3159,11017,11,S11,6,BSU,BSU,BDE,1,0,1,2,0,0,0,1,4,0,1,0,0,0,0,4,10,2.0,2,0.9098712446351932,-0.0484363272736484,-0.0679,3,0,Home
3161,11009,11,S11,3,UWU,UWU,CSU,0,0,0,2,1,0,0,4,3,1,4,5,0,0,1,2,20,6.0,0,-3.270386266094421,0.4163953007081709,0.6558000000000002,15,9,Away
3161,11012,11,S11,4,UWU,UWU,ZOO,0,0,2,1,4,0,0,0,1,0,0,1,0,0,1,3,9,1.0,5,5.0,-0.4574492028101291,-0.0616,2,1,Home
3161,11014,11,S11,5,UWU,UWU,BDE,0,0,1,0,2,0,0,1,4,0,0,1,0,0,0,1,9,2.0,0,-1.090128755364807,0.1473085930073644,0.0594,3,1,Home
3161,11018,11,S11,6,UWU,UWU,CSU,1,1,1,0,2,0,0,2,1,0,2,1,1,0,0,3,11,2.333333333333333,2,0.7131214736943626,-0.0245062704605783,-0.1054999999999999,3,3,Home
3162,11007,11,S11,3,KSU,KSU,BSU,0,0,1,3,1,0,0,2,1,6,0,0,0,0,0,4,14,3.0,3,1.3648068669527895,-0.0769095706294597,-0.2134999999999999,5,1,Home
3162,11011,11,S11,4,KSU,KSU,CSU,0,0,0,1,0,0,0,2,0,0,0,0,0,0,0,1,3,0.6666666666666666,0,-0.2767716947555741,0.0404424086325186,0.0039,0,0,Away
3164,11007,11,S11,3,BSU,BSU,KSU,0,0,2,0,1,0,0,2,3,0,0,1,0,0,0,2,9,2.0,2,0.9098712446351928,-0.0526914069926355,-0.1265,2,1,Away
3164,11010,11,S11,4,BSU,BSU,BDE,1,0,2,1,3,0,0,3,2,0,4,1,0,0,1,4,17,3.6666666666666665,4,1.91675741464352,-0.1150843065225844,-0.0127999999999999,8,5,Home
3164,11013,11,S11,5,BSU,BSU,CSU,0,0,0,0,1,0,0,0,1,2,0,0,0,0,0,0,4,1.0,0,-0.5450643776824035,0.0715267566441887,0.004,3,1,Away
3164,11017,11,S11,6,BSU,BSU,BDE,0,0,0,1,0,0,0,4,1,0,0,0,0,0,1,1,6,2.0,0,-1.090128755364807,0.1387984335693903,0.1271999999999999,2,1,Home
3167,11012,11,S11,4,ZOO,ZOO,UWU,0,1,2,0,1,0,0,1,8,0,2,1,0,0,0,3,16,4.0,2,-0.180257510729614,0.0861070265767548,-0.0503999999999999,8,3,Away
3167,11015,11,S11,5,ZOO,ZOO,KSU,3,2,1,1,1,0,0,1,4,1,0,0,0,0,0,7,14,2.0,6,4.909871244635193,-0.4314160083977,-0.4617,3,1,Home
3167,11016,11,S11,6,ZOO,ZOO,KSU,0,0,0,0,0,0,0,0,1,1,0,1,0,0,0,0,3,1.0,0,-0.5450643776824035,0.0672716769252016,0.0047,2,2,Home
3171,11013,11,S11,5,CSU,CSU,BSU,3,0,0,5,1,0,0,4,0,1,1,5,1,0,0,8,20,4.0,6,3.8197424892703866,-0.2968726545472968,-0.2276999999999999,7,6,Home
3171,11018,11,S11,6,CSU,CSU,UWU,2,0,2,1,1,0,0,2,5,2,1,5,0,0,0,5,21,5.0,3,0.2746781115879826,0.0618888629399305,-0.1121,12,6,Away
3203,12008,12,S12,3,LSU,LSU,OWL,0,0,0,0,0,0,0,1,1,1,0,0,0,0,0,0,3,1.0,0,-0.6094420600858369,0.0732870974644376,0.0836,1,0,Home
3203,12011,12,S12,4,LSU,LSU,UOM,0,0,0,2,0,0,0,0,0,3,0,0,0,0,0,2,5,1.0,0,-0.6094420600858369,0.0815156917683402,0.0483999999999999,3,0,Away
3203,12015,12,S12,5,LSU,LSU,SYR,0,1,0,0,1,0,0,1,0,1,1,0,0,0,0,1,5,1.0,1,0.390557939914163,-0.0184843082316597,0.0484,1,0,Away
3203,12016,12,S12,6,LSU,LSU,OWL,1,0,3,3,1,0,0,3,1,2,1,0,0,1,0,7,15,2.333333333333333,4,2.603810915289319,-0.194552337097711,-0.0349,3,1,Home
3206,12006,12,S12,2,WKU,WKU,LSU,0,0,0,1,0,0,0,0,1,0,0,1,1,0,0,1,3,1.0,0,-0.6094420600858369,0.0732870974644376,0.1543,1,1,Home
3213,12006,12,S12,2,WKU,WKU,LSU,0,0,1,0,1,0,0,0,0,3,1,1,0,1,0,1,9,3.0,0,-1.8283261802575108,0.2239755895452641,0.4629,7,4,Home
3213,12012,12,S12,4,WKU,WKU,SYR,0,0,0,0,0,0,0,2,0,1,0,0,0,0,0,0,3,1.0,0,-0.6094420600858369,0.0732870974644376,0.0083,1,0,Away
3222,12003,12,S12,1,WKU,WKU,OWL,0,1,1,1,1,0,0,3,1,3,0,2,0,0,0,3,13,3.0,2,0.1716738197424895,0.036318481001118,-0.2008,7,2,Home
3225,12006,12,S12,2,LSU,LSU,WKU,1,0,4,1,1,0,0,3,7,2,1,1,0,0,0,6,21,4.666666666666667,5,2.2861230329041486,-0.1422120630994374,-0.1142,8,2,Away
3225,12016,12,S12,6,LSU,LSU,OWL,2,0,0,0,0,0,0,1,0,0,0,0,0,0,0,2,3,0.3333333333333333,2,1.890719598685349,-0.1767290684126809,-0.0624,0,0,Home
3226,12009,12,S12,3,WKU,WKU,UOM,0,0,1,3,1,0,0,2,1,1,1,1,0,0,0,4,11,2.0,2,1.7431023911710606,-0.1290529704456417,-0.3621,4,2,Away
3227,12015,12,S12,5,SYR,SYR,LSU,1,3,2,2,1,0,0,4,2,4,3,2,0,0,0,8,24,5.0,7,3.952789699570816,-0.2965358383102502,-0.5569999999999999,7,5,Home
3228,12003,12,S12,1,OWL,OWL,WKU,0,0,1,1,0,0,0,5,6,2,0,5,0,0,0,2,20,6.0,0,-3.6566523605150216,0.4479511790905283,0.5156,9,5,Away
3228,12004,12,S12,2,OWL,OWL,SYR,0,0,0,1,0,0,0,0,0,0,0,2,1,0,0,1,3,1.0,0,-0.6094420600858369,0.0732870974644376,0.0482999999999999,2,2,Home
3228,12008,12,S12,3,OWL,OWL,LSU,0,0,2,2,2,0,0,4,1,1,3,5,1,0,0,4,20,5.0,2,-1.0472103004291846,0.1870069730819445,-0.0216,10,7,Away
3228,12010,12,S12,4,OWL,OWL,FUR,1,0,0,3,0,0,0,4,2,2,1,2,0,0,0,4,16,4.333333333333333,1,-0.753557714027558,0.1411845258339767,0.1277,6,4,Home
3228,12013,12,S12,5,OWL,OWL,UOM,0,0,3,4,3,0,0,1,5,2,7,1,1,2,1,7,26,6.0,2,-1.6566523605150214,0.28497985345809,0.0781999999999999,14,9,Home
3228,12016,12,S12,6,OWL,OWL,LSU,1,0,3,1,2,0,0,4,7,2,3,2,0,0,0,5,25,6.0,4,0.3433476394849789,0.0685226648502848,0.1266999999999999,11,5,Away
3229,12002,12,S12,1,UOM,UOM,SYR,0,1,1,1,2,0,0,5,3,1,1,0,1,0,1,3,15,4.0,1,-1.4377682403433474,0.2096055784655556,0.1021999999999999,6,0,Home
3229,12009,12,S12,3,UOM,UOM,WKU,1,0,0,0,1,0,0,3,4,1,1,0,0,0,0,1,11,3.0,1,-0.8283261802575108,0.1280898866972154,-0.0015,4,1,Home
3229,12013,12,S12,5,UOM,UOM,OWL,0,1,1,0,4,0,0,3,4,6,1,3,1,1,0,2,23,6.0,1,-2.6566523605150216,0.3644083676983335,0.5782,13,5,Away
3229,12018,12,S12,6,UOM,UOM,WKU,0,0,0,0,0,0,0,1,0,2,0,0,0,0,0,0,3,1.0,0,-0.6094420600858369,0.0732870974644376,0.0038,2,0,Away
3233,12002,12,S12,1,SYR,SYR,UOM,0,0,0,6,1,0,0,7,4,0,1,4,2,1,0,6,23,6.0,1,-2.656652360515021,0.3644083676983335,0.2114,8,5,Away
3233,12007,12,S12,3,SYR,SYR,FUR,3,1,1,3,1,0,0,2,3,0,4,0,0,0,0,8,18,3.0,8,6.171673819742489,-0.5431100332391254,-0.5954999999999999,5,3,Away
3233,12012,12,S12,4,SYR,SYR,WKU,1,0,0,4,1,0,0,7,5,1,0,3,1,0,1,5,22,6.0,2,-1.6566523605150214,0.2602940705463822,0.0482999999999999,8,4,Home
3233,12015,12,S12,5,SYR,SYR,LSU,0,0,0,0,0,0,0,0,1,1,1,0,0,0,0,0,3,1.0,0,-0.6094420600858369,0.0732870974644376,0.0047,2,2,Home
3233,12017,12,S12,6,SYR,SYR,FUR,1,0,2,1,1,0,0,4,3,1,2,2,0,0,0,4,17,4.0,2,-0.4377682403433474,0.1137198756175069,0.1435,8,3,Away
3235,12001,12,S12,1,LSU,LSU,FUR,1,0,1,2,1,0,0,3,4,4,3,3,1,1,0,4,22,6.0,2,-1.6566523605150212,0.2602940705463821,0.3241,11,4,Home
3235,12006,12,S12,2,LSU,LSU,WKU,1,0,3,1,0,0,0,0,2,0,0,1,1,0,0,5,8,1.3333333333333333,3,2.0572246065808297,-0.1728080834424725,-0.3324,1,1,Away
3235,12008,12,S12,3,LSU,LSU,OWL,0,0,1,1,1,0,0,2,5,3,3,2,0,0,0,2,18,5.0,0,-3.0472103004291844,0.378778378778042,0.3948,9,4,Home
3235,12011,12,S12,4,LSU,LSU,UOM,1,0,1,2,1,0,0,2,3,3,2,4,1,0,0,4,19,5.0,1,-2.0472103004291844,0.2828926759299933,0.259,11,5,Away
3235,12015,12,S12,5,LSU,LSU,SYR,2,0,1,3,3,0,0,3,2,1,3,4,2,0,0,6,22,5.0,4,0.9527896995708154,-0.0047644326141527,-0.1007,9,6,Away
3235,12016,12,S12,6,LSU,LSU,OWL,1,2,0,3,0,0,0,0,3,3,1,0,0,1,0,6,13,2.333333333333333,4,2.458259185596148,-0.1882257584322964,-0.2744999999999999,5,0,Home
3237,12005,12,S12,2,UOM,UOM,FUR,1,1,2,2,0,0,0,4,0,1,6,2,2,0,0,6,19,5.0,3,-0.0472103004291841,0.0828926759299932,-0.0900999999999999,9,4,Away
3240,12010,12,S12,4,OWL,OWL,FUR,0,1,1,1,3,0,0,2,1,1,2,1,1,0,0,3,13,2.6666666666666665,3,0.4874632934266999,0.004739533632697,-0.0962999999999999,4,3,Home
3242,12003,12,S12,1,WKU,WKU,OWL,0,1,0,0,1,0,0,2,0,4,3,0,0,0,0,1,11,3.0,0,-1.8283261802575108,0.2280898866972154,0.2163999999999999,6,4,Home
3243,12001,12,S12,1,FUR,FUR,LSU,1,0,2,2,2,0,0,6,6,1,0,2,0,0,0,5,22,5.0,3,-0.0472103004291844,0.0952355673858472,-0.1759,5,2,Away
3243,12005,12,S12,2,FUR,FUR,UOM,1,0,0,5,1,0,0,1,2,1,5,4,2,1,0,6,20,5.0,1,-2.0472103004291844,0.2911212702338959,0.3263000000000001,12,7,Home
3243,12007,12,S12,3,FUR,FUR,SYR,1,1,1,3,3,0,1,3,6,0,3,1,1,0,1,6,22,5.0,4,0.9527896995708156,-0.0006501354622015,-0.1038999999999999,9,3,Home
3243,12010,12,S12,4,FUR,FUR,OWL,3,1,1,0,1,0,0,3,2,3,9,1,0,0,0,5,24,6.0,4,0.3433476394849785,0.0644083676983335,-0.1233,13,8,Away
3243,12017,12,S12,6,FUR,FUR,SYR,1,1,0,4,1,0,0,3,2,0,1,2,1,0,0,6,15,3.0,4,2.171673819742489,-0.1554529246949793,-0.2505,4,2,Home
3244,12004,12,S12,2,SYR,SYR,OWL,1,1,1,6,1,0,0,3,5,3,2,3,1,0,0,9,26,5.666666666666667,4,0.6591371131691892,0.041058014633815,-0.5150999999999999,9,5,Away
3246,12006,12,S12,2,WKU,WKU,LSU,1,1,4,5,2,0,0,5,4,6,1,1,1,0,0,11,30,6.0,8,4.343347639484978,-0.3109058493899587,-0.4462,6,4,Home
3246,12009,12,S12,3,WKU,WKU,UOM,0,0,0,3,0,0,0,2,4,7,0,2,0,0,0,3,18,5.0,0,-4.009196811771919,0.4749770299123154,0.8725,6,3,Away
3246,12012,12,S12,4,WKU,WKU,SYR,2,0,2,4,0,0,0,1,3,0,2,6,0,0,0,8,20,4.0,5,2.5622317596566524,-0.1739372329266391,-0.4599999999999999,8,6,Away
3246,12018,12,S12,6,WKU,WKU,UOM,1,0,3,2,0,0,0,3,1,2,5,7,0,0,0,6,24,6.0,1,-2.6566523605150216,0.3644083676983335,0.2378,14,8,Home
3248,12004,12,S12,2,OWL,OWL,SYR,1,0,1,3,3,0,0,4,2,0,5,2,2,0,0,5,21,5.0,3,-0.0472103004291847,0.0911212702338959,-0.0633999999999999,8,7,Home
3249,12005,12,S12,2,FUR,FUR,UOM,0,0,1,0,0,0,0,0,2,0,0,1,0,0,0,1,4,1.0,0,-0.6094420600858369,0.0774013946163889,0.0836,1,1,Home
3253,12006,12,S12,2,LSU,LSU,WKU,0,0,0,2,2,0,0,2,2,0,0,1,0,0,1,2,9,2.0,0,-1.2188841201716738,0.1630313835366804,0.3086,2,2,Away
3254,12007,12,S12,3,SYR,SYR,FUR,0,0,1,0,3,0,0,2,2,1,0,1,0,0,0,1,10,2.0,0,-1.2188841201716738,0.1630313835366804,0.008,3,1,Away
3254,12017,12,S12,6,SYR,SYR,FUR,0,1,1,1,0,0,0,2,1,0,1,2,0,0,0,3,9,2.0,2,0.7811158798283262,-0.0410829136152708,0.0165999999999999,4,2,Away
3255,12002,12,S12,1,UOM,UOM,SYR,0,0,3,0,3,0,0,1,2,3,0,0,0,0,0,3,12,2.0,3,1.781115879828326,-0.1287400221594168,-0.3908,4,1,Home
3255,12009,12,S12,3,UOM,UOM,WKU,0,0,1,1,1,0,0,6,0,1,4,1,0,0,0,2,15,4.0,2,-0.4377682403433476,0.1054912813136043,0.0118999999999999,6,5,Home
3256,12007,12,S12,3,FUR,FUR,SYR,0,0,0,0,0,0,0,0,1,1,1,0,0,0,0,0,3,1.0,0,-0.6094420600858369,0.0732870974644376,0.0164,3,2,Home
3256,12010,12,S12,4,FUR,FUR,OWL,0,1,1,0,1,0,0,0,2,0,0,0,0,0,0,2,5,0.6666666666666666,2,1.7238912732474967,-0.1518176415649931,-0.3453,2,0,Away
3257,12006,12,S12,2,LSU,LSU,WKU,0,1,1,0,1,0,0,0,1,1,1,1,0,0,0,2,7,1.3333333333333333,2,1.839939409240091,-0.1551938608603499,-0.191,3,2,Away
3257,12016,12,S12,6,LSU,LSU,OWL,0,1,0,1,0,0,0,1,0,2,0,0,0,0,0,2,5,1.0,1,0.3905579399141632,-0.0184843082316597,-0.0015,2,1,Home
3258,12014,12,S12,5,WKU,WKU,FUR,0,1,0,6,3,0,0,5,2,0,3,5,0,0,0,7,25,5.0,4,0.9527896995708156,0.0075784588417011,-0.2352,8,6,Away
3267,12011,12,S12,4,UOM,UOM,LSU,1,1,1,2,4,0,0,4,3,7,1,2,1,0,0,5,26,6.0,4,0.3433476394849786,0.0726369620022361,-0.1925999999999998,9,5,Home
3267,12018,12,S12,6,UOM,UOM,WKU,3,0,2,1,2,0,0,1,2,8,1,0,0,0,0,6,20,4.0,5,2.5622317596566524,-0.1739372329266391,-0.266,9,3,Away
3269,12014,12,S12,5,FUR,FUR,WKU,0,0,2,0,1,0,0,4,3,9,2,0,0,0,0,2,21,6.0,1,-2.6566523605150216,0.3520654762424796,0.2648,10,2,Home
3269,12017,12,S12,6,FUR,FUR,SYR,1,0,1,2,2,0,0,0,1,6,1,0,1,0,0,4,14,3.0,4,2.171673819742489,-0.1595672218469306,-0.0893999999999999,7,2,Home
3328,3008,3,S3,2,IND,IND,TOL,1,0,0,0,0,0,0,2,2,2,0,1,0,0,0,1,8,2.333333333333333,1,-0.6352247605011054,0.141359477803314,-0.1336999999999999,4,3,Away
3339,5005,5,S5,2,LOU,LOU,CCU,0,0,0,0,1,0,0,1,2,0,2,0,1,0,0,0,6,2.0,0,-1.150943396226415,0.1459584405178052,0.3812,2,0,Away
3339,5010,5,S5,3,LOU,LOU,NEB,0,0,0,0,0,0,0,0,2,0,1,0,0,0,0,0,3,1.0,0,-0.5754716981132075,0.0729792202589026,0.0808,3,1,Home
3359,3001,3,S3,1,HOF,HOF,CSUF,0,0,0,0,1,0,1,0,0,0,0,0,0,0,0,0,1,0.0,0,0.3874999999999999,-0.0290203747808495,-0.0037,0,0,Away
3359,3006,3,S3,2,HOF,HOF,NEB,1,0,1,2,4,0,0,3,2,3,0,0,0,0,1,4,16,3.0,3,1.016949152542373,0.06370871347132,-0.1832999999999999,5,2,Home
3360,3006,3,S3,2,NEB,NEB,HOF,1,2,1,3,1,0,0,2,1,2,0,0,0,0,0,7,13,1.6666666666666667,6,4.990466101694915,-0.3725614823205359,-0.686,3,2,Away
3361,3008,3,S3,2,TOL,TOL,IND,0,0,1,0,0,0,0,3,0,2,2,2,0,0,0,1,10,3.0,0,-1.9830508474576272,0.295601336937267,0.3667,7,4,Home
3362,3009,3,S3,2,VT,VT,UOM,1,0,1,0,1,0,0,3,3,0,0,0,0,0,0,2,9,2.0,3,1.6779661016949152,-0.0802299831971376,-0.3181,2,0,Away
3363,3010,3,S3,2,RIC,RIC,CSUF,0,0,0,0,1,0,1,1,0,0,1,0,0,0,0,0,3,0.6666666666666666,0,-0.3485169491525424,0.0640405705727055,0.0395,1,0,Away
3028,13001,13,S13,1,SLG,SLG,DPU,1,0,0,0,0,0,0,1,4,1,1,0,0,0,0,1,8,2.3333333333333335,1,-0.2594594594594595,0.054298827129015806,-0.13369999999999993,2,1,Away
3028,13004,13,S13,2,SLG,SLG,CAL,0,0,0,0,0,0,0,0,0,1,0,0,0,0,0,0,1,0.3333333333333333,0,-0.3,0.033544110147883735,0.0669,0,0,Away
3220,13002,13,S13,1,KSU,KSU,PSU,0,1,2,1,4,0,0,3,0,1,0,1,1,0,0,4,13,2.0,3,2.027027027027027,-0.15662927078021416,-0.3348,2,1,Home
3220,13005,13,S13,2,KSU,KSU,DPU,0,0,2,1,0,0,0,7,2,1,0,2,0,0,0,3,15,4.0,0,-1.945945945945946,0.24775624681285058,0.14579999999999999,4,2,Home
3375,13001,13,S13,1,DPU,DPU,SLG,2,0,0,0,3,0,0,1,5,1,1,0,1,0,0,2,13,3.0,4,2.5405405405405403,-0.2079806221315655,-0.27919999999999995,6,2,Home
3375,13005,13,S13,2,DPU,DPU,KSU,0,0,1,0,1,0,0,1,2,2,0,1,0,0,0,1,8,2.0,0,-0.972972972972973,0.12565017848036714,0.0061,5,2,Away
3378,13003,13,S13,1,CAL,CAL,UMN,1,0,0,1,1,0,0,1,2,0,1,3,2,0,0,2,10,3.0,1,-0.45945945945945965,0.08138704742478327,0.030200000000000005,4,4,Away
3380,13001,13,S13,1,DPU,DPU,SLG,0,1,0,0,0,0,0,3,2,2,2,0,0,0,0,1,10,3.0,0,-1.4594594594594597,0.1813870474247833,0.3667,6,2,Home
3380,13005,13,S13,2,DPU,DPU,KSU,2,0,1,5,2,0,0,3,1,1,0,1,0,0,0,8,16,2.0,6,5.027027027027027,-0.445996940336563,-0.351,1,1,Away
3381,13004,13,S13,2,CAL,CAL,SLG,0,0,0,0,0,0,0,2,2,0,0,2,0,0,0,0,6,2.0,0,-0.972972972972973,0.11856195818459969,0.0786,4,1,Home
3382,13003,13,S13,1,UMN,UMN,CAL,0,0,0,0,0,0,0,1,2,3,0,0,0,0,0,0,6,2.0,0,-0.972972972972973,0.11856195818459969,0.3077,4,1,Home
3382,13006,13,S13,2,UMN,UMN,PSU,1,1,0,2,0,0,0,2,2,0,1,1,0,0,0,4,10,2.0,1,0.027027027027027195,0.032738398776134645,0.09170000000000003,4,2,Home
3387,13004,13,S13,2,CAL,CAL,SLG,0,0,1,0,1,0,0,2,1,0,0,0,0,0,0,1,5,1.0,1,0.5135135135135136,-0.0336308006119327,-0.0348,1,0,Home
3391,13003,13,S13,1,CAL,CAL,UMN,0,0,1,0,1,0,0,0,2,0,2,1,1,0,0,1,7,2.0,0,-0.972972972972973,0.12210606833248344,0.0891,3,1,Away
3403,13002,13,S13,1,KSU,KSU,PSU,0,0,0,1,2,0,0,1,5,2,1,3,0,0,0,1,15,4.0,1,-0.945945945945946,0.1477562468128506,0.16399999999999998,8,4,Home
3405,13002,13,S13,1,PSU,PSU,KSU,1,0,1,0,1,0,0,4,11,0,2,1,0,0,0,2,21,6.0,1,-1.918918918918919,0.2663182049974503,0.3292,9,3,Away
3410,13006,13,S13,2,UMN,UMN,PSU,0,0,1,2,0,0,0,1,3,3,4,0,0,0,1,3,14,4.0,0,-1.945945945945946,0.2477562468128506,0.3175,9,2,Home
3411,13001,13,S13,1,SLG,SLG,DPU,2,0,1,0,2,0,0,2,1,2,2,1,1,0,0,3,13,3.0,4,2.5405405405405403,-0.20798062213156554,-0.2788,4,1,Away
3414,13003,13,S13,1,UMN,UMN,CAL,0,0,0,2,2,0,0,2,6,1,2,1,0,1,0,2,16,4.0,0,-1.945945945945946,0.2548444671086181,0.31160000000000004,8,5,Home
3417,13004,13,S13,2,CAL,CAL,SLG,1,0,1,1,1,0,0,2,0,3,1,2,0,0,1,3,12,3.0,2,0.5405405405405403,-0.007980622131565522,-0.0833,7,5,Home
3427,13006,13,S13,2,PSU,PSU,UMN,2,0,3,2,2,0,0,2,6,2,3,1,1,0,0,7,23,5.0,3,0.5675675675675674,0.02475777664456911,-0.09079999999999999,9,6,Away
3450,13004,13,S13,2,SLG,SLG,CAL,1,0,0,2,0,0,0,4,9,3,1,0,0,0,0,3,20,5.666666666666667,1,-1.618918918918919,0.23277409484956654,0.3936,8,2,Away
