G,PA,AB,H,R,1B,2B,3B,HR,TB,RBI,BB,IBB,K,Auto K,SB,CS,SH,SF,GIDP,RGO,LGO,FO,PO,LO,AVG,OBP,SLG,OPS,ISO,BABIP,SB%,HR%,SO%,BB%,GB%,FB%,GB/FB,Avg Diff,nOBP,nSLG,RE24,WPA,GB_outs,FB_outs,Season,Hitter ID,Team,is_sub_row,Last Team,WAR
2.0,4.0,4.0,0.0,0.0,0.0,0.0,0.0,0.0,0.0,0.0,0.0,0.0,3.0,2.0,0.0,0.0,0.0,0.0,0.0,0.0,0.0,1.0,0.0,0.0,0.0,0.0,0.0,0.0,0.0,0.0,,0.0,0.75,0.0,0.0,1.0,0.0,276.5,0.0,0.0,-0.6975921025940827,-0.0891,0.0,1.0,S1,-62,HOU,False,HOU,-0.03295477907065667
1.0,1.0,1.0,0.0,0.0,0.0,0.0,0.0,0.0,0.0,0.0,0.0,0.0,1.0,1.0,0.0,0.0,0.0,0.0,0.0,0.0,0.0,0.0,0.0,0.0,0.0,0.0,0.0,0.0,0.0,,,0.0,1.0,0.0,,,,,0.0,0.0,-0.23916256157635463,-0.046799999999999994,0.0,0.0,S1,-61,OAK,False,OAK,-0.014715148360447563
4.0,7.0,7.0,1.0,1.0,0.0,0.0,0.0,1.0,4.0,4.0,0.0,0.0,3.0,2.0,0.0,0.0,0.0,0.0,1.0,0.0,2.0,1.0,0.0,0.0,0.14285714285714285,0.14285714285714285,0.5714285714285714,0.7142857142857142,0.42857142857142855,0.0,,0.14285714285714285,0.42857142857142855,0.0,0.75,0.25,3.0,293.4,0.14285714285714285,0.5714285714285714,-3.9740908341335044,0.2253,3.0,1.0,S1,-60,BAL,False,BAL,-0.3330013288330352
4.0,9.0,7.0,1.0,1.0,0.0,1.0,0.0,0.0,2.0,0.0,2.0,1.0,3.0,3.0,0.0,0.0,0.0,0.0,1.0,0.0,2.0,1.0,0.0,0.0,0.14285714285714285,0.3333333333333333,0.2857142857142857,0.6190476190476191,0.14285714285714285,0.25,,0.0,0.3333333333333333,0.2222222222222222,0.75,0.25,3.0,264.2,0.3333333333333333,0.2857142857142857,0.6042438101949289,-0.13870000000000005,3.0,1.0,S1,-59,HOU,False,HOU,0.14323435119418398
1.0,1.0,1.0,0.0,0.0,0.0,0.0,0.0,0.0,0.0,0.0,0.0,0.0,1.0,0.0,0.0,0.0,0.0,0.0,0.0,0.0,0.0,0.0,0.0,0.0,0.0,0.0,0.0,0.0,0.0,,,0.0,1.0,0.0,,,,348.0,0.0,0.0,-0.38276836158192107,-0.09849999999999999,0.0,0.0,S1,-58,NYM,False,NYM,-0.029075728361004204
6.0,16.0,14.0,4.0,2.0,4.0,0.0,0.0,0.0,4.0,1.0,1.0,0.0,1.0,0.0,0.0,0.0,0.0,1.0,1.0,0.0,7.0,2.0,1.0,0.0,0.2857142857142857,0.3125,0.2857142857142857,0.5982142857142857,0.0,0.2857142857142857,,0.0,0.0625,0.0625,0.6666666666666666,0.3333333333333333,2.0,281.5625,0.3125,0.2857142857142857,-1.9801067996615282,-0.3267,8.0,4.0,S1,-57,NYM,False,NYM,-0.05079295521114644
2.0,4.0,4.0,0.0,0.0,0.0,0.0,0.0,0.0,0.0,0.0,0.0,0.0,1.0,1.0,0.0,0.0,0.0,0.0,1.0,0.0,3.0,0.0,0.0,0.0,0.0,0.0,0.0,0.0,0.0,0.0,,0.0,0.25,0.0,1.0,0.0,,463.3333333333333,0.0,0.0,-2.643635272448832,-0.7258,4.0,0.0,S1,-56,NYM,False,NYM,-0.22755909605613162
2.0,3.0,3.0,0.0,0.0,0.0,0.0,0.0,0.0,0.0,0.0,0.0,0.0,1.0,1.0,0.0,0.0,0.0,0.0,0.0,0.0,2.0,0.0,0.0,0.0,0.0,0.0,0.0,0.0,0.0,0.0,,0.0,0.3333333333333333,0.0,1.0,0.0,,434.5,0.0,0.0,-1.129744651483782,-0.1426,2.0,0.0,S1,-55,BAL,False,BAL,-0.0853711417568145
1.0,2.0,2.0,0.0,0.0,0.0,0.0,0.0,0.0,0.0,0.0,0.0,0.0,1.0,0.0,0.0,0.0,0.0,0.0,0.0,0.0,0.0,1.0,0.0,0.0,0.0,0.0,0.0,0.0,0.0,0.0,,0.0,0.5,0.0,0.0,1.0,0.0,326.5,0.0,0.0,-0.26269906376551155,-0.0311,0.0,1.0,S1,-54,NYM,False,NYM,-0.007867690782175358
5.0,14.0,14.0,6.0,2.0,3.0,2.0,1.0,0.0,10.0,2.0,0.0,0.0,1.0,0.0,1.0,0.0,0.0,0.0,0.0,0.0,3.0,3.0,1.0,0.0,0.42857142857142855,0.42857142857142855,0.7142857142857143,1.1428571428571428,0.28571428571428575,0.46153846153846156,1.0,0.0,0.07142857142857142,0.0,0.42857142857142855,0.5714285714285714,0.75,219.0,0.42857142857142855,0.7142857142857143,0.5263900209046173,0.23779999999999998,3.0,4.0,S1,-53,OAK,False,OAK,0.1814545112510923
2.0,7.0,7.0,4.0,2.0,3.0,1.0,0.0,0.0,5.0,0.0,0.0,0.0,0.0,0.0,0.0,0.0,0.0,0.0,0.0,0.0,1.0,2.0,0.0,0.0,0.5714285714285714,0.5714285714285714,0.7142857142857143,1.2857142857142856,0.1428571428571429,0.5714285714285714,,0.0,0.0,0.0,0.3333333333333333,0.6666666666666666,0.5,163.0,0.5714285714285714,0.7142857142857143,1.7630796263233335,0.0023,1.0,2.0,S1,-52,PIT,False,PIT,0.24071571721264862
4.0,7.0,7.0,3.0,0.0,2.0,1.0,0.0,0.0,4.0,1.0,0.0,0.0,3.0,2.0,0.0,0.0,0.0,0.0,0.0,0.0,1.0,0.0,0.0,0.0,0.42857142857142855,0.42857142857142855,0.5714285714285714,1.0,0.14285714285714285,0.75,,0.0,0.42857142857142855,0.0,1.0,0.0,,185.0,0.42857142857142855,0.5714285714285714,-1.4370096087487392,0.05330000000000001,1.0,0.0,S1,-51,ARI,False,ARI,-0.07929320629455863
4.0,11.0,10.0,2.0,1.0,1.0,1.0,0.0,0.0,3.0,0.0,1.0,0.0,1.0,0.0,0.0,0.0,0.0,0.0,1.0,0.0,4.0,2.0,1.0,0.0,0.2,0.2727272727272727,0.3,0.5727272727272728,0.09999999999999998,0.2222222222222222,,0.0,0.09090909090909091,0.09090909090909091,0.625,0.375,1.6666666666666667,304.72727272727275,0.2727272727272727,0.3,-0.2627566959365046,-0.2305,5.0,3.0,S1,-50,HOU,False,HOU,0.07493651617541644
1.0,2.0,2.0,1.0,0.0,0.0,1.0,0.0,0.0,2.0,1.0,0.0,0.0,0.0,0.0,0.0,0.0,0.0,0.0,0.0,0.0,1.0,0.0,0.0,0.0,0.5,0.5,1.0,1.5,0.5,0.5,,0.0,0.0,0.0,1.0,0.0,,228.5,0.5,1.0,-0.709558967147154,0.159,1.0,0.0,S1,-49,PHI,False,PHI,-0.052553681120339604
6.0,13.0,11.0,5.0,4.0,3.0,1.0,1.0,0.0,8.0,2.0,1.0,0.0,1.0,0.0,0.0,0.0,0.0,1.0,0.0,0.0,4.0,2.0,0.0,0.0,0.45454545454545453,0.46153846153846156,0.7272727272727273,1.1888111888111887,0.27272727272727276,0.45454545454545453,,0.0,0.07692307692307693,0.07692307692307693,0.5714285714285714,0.42857142857142855,1.3333333333333333,228.69230769230768,0.46153846153846156,0.7272727272727273,4.403844723580449,-0.012499999999999997,4.0,3.0,S1,-48,2TM,False,ATL,0.5599988737214876
5.0,12.0,10.0,4.0,3.0,2.0,1.0,1.0,0.0,7.0,2.0,1.0,0.0,1.0,0.0,0.0,0.0,0.0,1.0,0.0,0.0,4.0,2.0,0.0,0.0,0.4,0.4166666666666667,0.7,1.1166666666666667,0.29999999999999993,0.4,,0.0,0.08333333333333333,0.08333333333333333,0.5714285714285714,0.42857142857142855,1.3333333333333333,239.08333333333334,0.4166666666666667,0.7,3.2475356817450916,-0.0624,4.0,3.0,S1,-48,PHI,True,PHI,0.43516686174076397
1.0,1.0,1.0,1.0,1.0,1.0,0.0,0.0,0.0,1.0,0.0,0.0,0.0,0.0,0.0,0.0,0.0,0.0,0.0,0.0,0.0,0.0,0.0,0.0,0.0,1.0,1.0,1.0,2.0,0.0,1.0,,0.0,0.0,0.0,,,,104.0,1.0,1.0,1.1563090418353577,0.0499,0.0,0.0,S1,-48,ATL,True,ATL,0.12483201198072366
2.0,4.0,4.0,1.0,0.0,0.0,1.0,0.0,0.0,2.0,0.0,0.0,0.0,1.0,0.0,0.0,0.0,0.0,0.0,1.0,0.0,2.0,0.0,0.0,0.0,0.25,0.25,0.5,0.75,0.25,0.3333333333333333,,0.0,0.25,0.0,1.0,0.0,,349.0,0.25,0.5,-0.6210041499396821,-0.109,3.0,0.0,S1,-47,MIN,False,MIN,-0.025295983805216617
1.0,3.0,3.0,1.0,1.0,0.0,1.0,0.0,0.0,2.0,0.0,0.0,0.0,0.0,0.0,0.0,0.0,0.0,0.0,1.0,0.0,2.0,0.0,0.0,0.0,0.3333333333333333,0.3333333333333333,0.6666666666666666,1.0,0.3333333333333333,0.3333333333333333,,0.0,0.0,0.0,1.0,0.0,,301.6666666666667,0.3333333333333333,0.6666666666666666,0.9139682448153216,-0.021699999999999994,3.0,0.0,S1,-46,TOR,False,TOR,0.11900014787309585
2.0,6.0,5.0,2.0,2.0,1.0,0.0,0.0,1.0,5.0,1.0,1.0,1.0,0.0,0.0,0.0,0.0,0.0,0.0,0.0,0.0,0.0,2.0,1.0,0.0,0.4,0.5,1.0,1.5,0.6,0.25,,0.16666666666666666,0.0,0.16666666666666666,0.0,1.0,0.0,199.8,0.5,1.0,2.207299840300321,0.2117,0.0,3.0,S1,-2,WAS,False,WAS,0.2759366308131595
3.0,6.0,5.0,1.0,1.0,1.0,0.0,0.0,0.0,1.0,0.0,1.0,0.0,3.0,0.0,0.0,0.0,0.0,0.0,0.0,0.0,0.0,0.0,1.0,0.0,0.2,0.3333333333333333,0.2,0.5333333333333333,0.0,0.5,,0.0,0.5,0.16666666666666666,0.0,1.0,0.0,256.1666666666667,0.3333333333333333,0.2,0.029891332769628798,-0.043199999999999975,0.0,1.0,S1,-1,ATL,False,ATL,0.058195780060090276
1.0,2.0,2.0,1.0,0.0,1.0,0.0,0.0,0.0,1.0,1.0,0.0,0.0,1.0,0.0,0.0,0.0,0.0,0.0,0.0,0.0,0.0,0.0,0.0,0.0,0.5,0.5,0.5,1.0,0.0,1.0,,0.0,0.5,0.0,,,,181.0,0.5,0.5,-0.4063664596273292,0.0907,0.0,0.0,S1,3,ARI,False,ARI,-0.022234430368357122
5.0,11.0,10.0,2.0,2.0,0.0,2.0,0.0,0.0,4.0,0.0,1.0,0.0,4.0,0.0,0.0,0.0,0.0,0.0,0.0,0.0,1.0,3.0,0.0,0.0,0.2,0.2727272727272727,0.4,0.6727272727272727,0.2,0.3333333333333333,,0.0,0.36363636363636365,0.09090909090909091,0.25,0.75,0.3333333333333333,240.54545454545453,0.2727272727272727,0.4,2.1833781860842807,-0.11069999999999999,1.0,3.0,S1,4,MIN,False,MIN,0.319550004377495
7.0,19.0,17.0,3.0,3.0,2.0,1.0,0.0,0.0,4.0,0.0,2.0,0.0,6.0,0.0,0.0,0.0,0.0,0.0,0.0,0.0,6.0,2.0,0.0,0.0,0.17647058823529413,0.2631578947368421,0.23529411764705882,0.4984520123839009,0.05882352941176469,0.2727272727272727,,0.0,0.3157894736842105,0.10526315789473684,0.75,0.25,3.0,294.5263157894737,0.2631578947368421,0.23529411764705882,0.9645716682864631,-0.2491,6.0,2.0,S1,5,ATL,False,ATL,0.2712782149752164
7.0,19.0,16.0,6.0,7.0,0.0,5.0,0.0,1.0,14.0,4.0,3.0,0.0,3.0,1.0,0.0,0.0,0.0,0.0,2.0,0.0,5.0,2.0,0.0,0.0,0.375,0.47368421052631576,0.875,1.3486842105263157,0.5,0.4166666666666667,,0.05263157894736842,0.15789473684210525,0.15789473684210525,0.7777777777777778,0.2222222222222222,3.5,226.16666666666666,0.47368421052631576,0.875,4.482706074412966,-0.2635,7.0,2.0,S1,8,ARI,False,ARI,0.6230916555878666
1.0,2.0,1.0,0.0,0.0,0.0,0.0,0.0,0.0,0.0,0.0,1.0,0.0,0.0,0.0,0.0,0.0,0.0,0.0,0.0,0.0,0.0,1.0,0.0,0.0,0.0,0.5,0.0,0.5,0.0,0.0,,0.0,0.0,0.5,0.0,1.0,0.0,158.0,0.5,0.0,-0.044942484416168604,0.0181,0.0,1.0,S1,14,ARI,False,ARI,0.013907967152758938
7.0,20.0,18.0,7.0,5.0,2.0,2.0,0.0,3.0,18.0,7.0,2.0,0.0,3.0,0.0,0.0,0.0,0.0,0.0,1.0,0.0,3.0,5.0,0.0,0.0,0.3888888888888889,0.45,1.0,1.45,0.6111111111111112,0.3333333333333333,,0.15,0.15,0.1,0.4444444444444444,0.5555555555555556,0.8,200.3,0.45,1.0,3.9154787819818115,0.3642000000000001,4.0,5.0,S1,15,ARI,False,ARI,0.5755700341419392
1.0,2.0,2.0,0.0,0.0,0.0,0.0,0.0,0.0,0.0,0.0,0.0,0.0,1.0,0.0,0.0,0.0,0.0,0.0,0.0,0.0,0.0,0.0,1.0,0.0,0.0,0.0,0.0,0.0,0.0,0.0,,0.0,0.5,0.0,0.0,1.0,0.0,380.0,0.0,0.0,-1.0577683615819211,-0.0827,0.0,1.0,S1,23,TOR,False,TOR,-0.08737462056381631
7.0,21.0,19.0,2.0,2.0,1.0,1.0,0.0,0.0,3.0,2.0,1.0,0.0,2.0,0.0,0.0,0.0,0.0,1.0,1.0,0.0,3.0,13.0,0.0,0.0,0.10526315789473684,0.14285714285714285,0.15789473684210525,0.3007518796992481,0.05263157894736842,0.1111111111111111,,0.0,0.09523809523809523,0.047619047619047616,0.2222222222222222,0.7777777777777778,0.2857142857142857,261.04761904761904,0.14285714285714285,0.15789473684210525,-3.3826742150066202,-0.22139999999999999,4.0,14.0,S1,37,WAS,False,WAS,-0.14504415775971616
1.0,3.0,2.0,0.0,0.0,0.0,0.0,0.0,0.0,0.0,0.0,1.0,0.0,1.0,0.0,0.0,0.0,0.0,0.0,1.0,0.0,1.0,0.0,0.0,0.0,0.0,0.3333333333333333,0.0,0.3333333333333333,0.0,0.0,,0.0,0.3333333333333333,0.3333333333333333,1.0,0.0,,327.6666666666667,0.3333333333333333,0.0,-1.1452006346466377,-0.25270000000000004,2.0,0.0,S1,39,HOU,False,HOU,-0.08691674007310007
7.0,19.0,17.0,8.0,7.0,4.0,2.0,0.0,2.0,16.0,7.0,2.0,0.0,1.0,1.0,0.0,0.0,0.0,0.0,1.0,0.0,4.0,3.0,1.0,0.0,0.47058823529411764,0.5263157894736842,0.9411764705882353,1.4674922600619196,0.47058823529411764,0.42857142857142855,,0.10526315789473684,0.05263157894736842,0.10526315789473684,0.5555555555555556,0.4444444444444444,1.25,196.44444444444446,0.5263157894736842,0.9411764705882353,2.297250542970414,0.3197,5.0,4.0,S1,47,PHI,False,PHI,0.4045461024436115
5.0,14.0,14.0,3.0,1.0,0.0,3.0,0.0,0.0,6.0,1.0,0.0,0.0,3.0,0.0,0.0,0.0,0.0,0.0,3.0,0.0,4.0,4.0,0.0,0.0,0.21428571428571427,0.21428571428571427,0.42857142857142855,0.6428571428571428,0.21428571428571427,0.2727272727272727,,0.0,0.21428571428571427,0.0,0.6363636363636364,0.36363636363636365,1.75,273.35714285714283,0.21428571428571427,0.42857142857142855,-5.062908330836555,-0.02659999999999997,7.0,4.0,S1,51,2TM,False,TOR,-0.3774753239230249
4.0,11.0,11.0,1.0,1.0,0.0,1.0,0.0,0.0,2.0,0.0,0.0,0.0,3.0,0.0,0.0,0.0,0.0,0.0,2.0,0.0,3.0,4.0,0.0,0.0,0.09090909090909091,0.09090909090909091,0.18181818181818182,0.2727272727272727,0.09090909090909091,0.125,,0.0,0.2727272727272727,0.0,0.5555555555555556,0.4444444444444444,1.25,300.27272727272725,0.09090909090909091,0.18181818181818182,-4.639382171461339,-0.14149999999999996,5.0,4.0,S1,51,ATL,True,ATL,-0.36272603137706694
1.0,3.0,3.0,2.0,0.0,0.0,2.0,0.0,0.0,4.0,1.0,0.0,0.0,0.0,0.0,0.0,0.0,0.0,0.0,1.0,0.0,1.0,0.0,0.0,0.0,0.6666666666666666,0.6666666666666666,1.3333333333333333,2.0,0.6666666666666666,0.6666666666666666,,0.0,0.0,0.0,1.0,0.0,,174.66666666666666,0.6666666666666666,1.3333333333333333,-0.42352615937521576,0.11489999999999999,2.0,0.0,S1,51,TOR,True,TOR,-0.014749292545957882
7.0,19.0,18.0,3.0,2.0,2.0,0.0,0.0,1.0,6.0,2.0,1.0,0.0,3.0,0.0,0.0,0.0,0.0,0.0,1.0,0.0,6.0,3.0,3.0,0.0,0.16666666666666666,0.21052631578947367,0.3333333333333333,0.5438596491228069,0.16666666666666666,0.14285714285714285,,0.05263157894736842,0.15789473684210525,0.05263157894736842,0.5384615384615384,0.46153846153846156,1.1666666666666667,303.1578947368421,0.21052631578947367,0.3333333333333333,-3.7155403708069388,-0.38630000000000003,7.0,6.0,S1,56,TOR,False,TOR,-0.19673298893412378
4.0,9.0,8.0,1.0,0.0,1.0,0.0,0.0,0.0,1.0,0.0,1.0,0.0,1.0,0.0,0.0,0.0,0.0,0.0,0.0,0.0,1.0,5.0,0.0,0.0,0.125,0.2222222222222222,0.125,0.3472222222222222,0.0,0.14285714285714285,,0.0,0.1111111111111111,0.1111111111111111,0.16666666666666666,0.8333333333333334,0.2,238.22222222222223,0.2222222222222222,0.125,-1.3979790117938784,-0.18719999999999998,1.0,5.0,S1,58,2TM,False,MIN,-0.05698793100469675
3.0,7.0,6.0,1.0,0.0,1.0,0.0,0.0,0.0,1.0,0.0,1.0,0.0,1.0,0.0,0.0,0.0,0.0,0.0,0.0,0.0,1.0,3.0,0.0,0.0,0.16666666666666666,0.2857142857142857,0.16666666666666666,0.45238095238095233,0.0,0.2,,0.0,0.14285714285714285,0.14285714285714285,0.25,0.75,0.3333333333333333,233.42857142857142,0.2857142857142857,0.16666666666666666,-1.0010753116293083,-0.15349999999999997,1.0,3.0,S1,58,NYM,True,NYM,-0.03569977658261554
1.0,2.0,2.0,0.0,0.0,0.0,0.0,0.0,0.0,0.0,0.0,0.0,0.0,0.0,0.0,0.0,0.0,0.0,0.0,0.0,0.0,0.0,2.0,0.0,0.0,0.0,0.0,0.0,0.0,0.0,0.0,,0.0,0.0,0.0,0.0,1.0,0.0,255.0,0.0,0.0,-0.3969037001645698,-0.0337,0.0,2.0,S1,58,MIN,True,MIN,-0.02128815442208118
2.0,3.0,3.0,0.0,0.0,0.0,0.0,0.0,0.0,0.0,0.0,0.0,0.0,0.0,0.0,0.0,0.0,0.0,0.0,1.0,0.0,1.0,1.0,1.0,0.0,0.0,0.0,0.0,0.0,0.0,0.0,,0.0,0.0,0.0,0.5,0.5,1.0,307.0,0.0,0.0,-0.9610802368239438,-0.12259999999999999,2.0,2.0,S1,74,ARI,False,ARI,-0.0685047002908307
3.0,8.0,7.0,0.0,0.0,0.0,0.0,0.0,0.0,0.0,0.0,1.0,0.0,3.0,0.0,0.0,0.0,0.0,0.0,0.0,0.0,2.0,1.0,1.0,0.0,0.0,0.125,0.0,0.125,0.0,0.0,,0.0,0.375,0.125,0.5,0.5,1.0,326.75,0.125,0.0,-1.2030488980059006,-0.05620000000000001,2.0,2.0,S1,93,NYM,False,NYM,-0.04669602742308687
5.0,13.0,13.0,3.0,1.0,2.0,0.0,1.0,0.0,5.0,2.0,0.0,0.0,5.0,2.0,0.0,0.0,0.0,0.0,0.0,0.0,2.0,3.0,0.0,0.0,0.23076923076923078,0.23076923076923078,0.38461538461538464,0.6153846153846154,0.15384615384615385,0.375,,0.0,0.38461538461538464,0.0,0.4,0.6,0.6666666666666666,246.45454545454547,0.23076923076923078,0.38461538461538464,-1.7960218709218287,-0.3278,2.0,3.0,S1,100,DET,False,DET,-0.059987785728740195
6.0,17.0,15.0,3.0,2.0,1.0,1.0,0.0,1.0,7.0,2.0,2.0,0.0,2.0,1.0,0.0,0.0,0.0,0.0,0.0,0.0,7.0,2.0,1.0,0.0,0.2,0.29411764705882354,0.4666666666666667,0.7607843137254902,0.26666666666666666,0.16666666666666666,,0.058823529411764705,0.11764705882352941,0.11764705882352941,0.7,0.3,2.3333333333333335,297.0625,0.29411764705882354,0.4666666666666667,0.7371704733993936,0.1023,7.0,3.0,S1,101,DET,False,DET,0.23013587989213366
7.0,18.0,17.0,6.0,2.0,4.0,0.0,0.0,2.0,12.0,6.0,1.0,0.0,1.0,0.0,0.0,0.0,0.0,0.0,0.0,0.0,5.0,4.0,1.0,0.0,0.35294117647058826,0.3888888888888889,0.7058823529411765,1.0947712418300655,0.35294117647058826,0.2857142857142857,,0.1111111111111111,0.05555555555555555,0.05555555555555555,0.5,0.5,1.0,228.0,0.3888888888888889,0.7058823529411765,-0.11442082427247757,0.5478,5.0,5.0,S1,103,DET,False,DET,0.15417785792213443
7.0,18.0,15.0,4.0,5.0,2.0,0.0,0.0,2.0,10.0,2.0,3.0,0.0,4.0,0.0,0.0,0.0,0.0,0.0,0.0,0.0,3.0,2.0,2.0,0.0,0.26666666666666666,0.3888888888888889,0.6666666666666666,1.0555555555555556,0.39999999999999997,0.2222222222222222,,0.1111111111111111,0.2222222222222222,0.16666666666666666,0.42857142857142855,0.5714285714285714,0.75,249.16666666666666,0.3888888888888889,0.6666666666666666,3.0562496954286664,-0.15040000000000003,3.0,4.0,S1,104,DET,False,DET,0.4712449098922488
6.0,15.0,14.0,4.0,0.0,4.0,0.0,0.0,0.0,4.0,1.0,1.0,0.0,3.0,1.0,0.0,0.0,0.0,0.0,1.0,0.0,5.0,1.0,1.0,0.0,0.2857142857142857,0.3333333333333333,0.2857142857142857,0.6190476190476191,0.0,0.36363636363636365,,0.0,0.2,0.06666666666666667,0.75,0.25,3.0,278.92857142857144,0.3333333333333333,0.2857142857142857,-3.056275337717544,-0.29109999999999997,6.0,2.0,S1,106,DET,False,DET,-0.16761091681393592
6.0,18.0,16.0,4.0,3.0,1.0,0.0,1.0,2.0,12.0,4.0,1.0,0.0,4.0,0.0,0.0,0.0,0.0,1.0,1.0,0.0,1.0,7.0,1.0,0.0,0.25,0.2777777777777778,0.75,1.0277777777777777,0.5,0.18181818181818182,,0.1111111111111111,0.2222222222222222,0.05555555555555555,0.18181818181818182,0.8181818181818182,0.2222222222222222,214.94444444444446,0.2777777777777778,0.75,-0.20837794803825682,0.059599999999999986,2.0,9.0,S1,107,DET,False,DET,0.14478214554555652
3.0,6.0,6.0,1.0,0.0,0.0,1.0,0.0,0.0,2.0,1.0,0.0,0.0,3.0,0.0,0.0,0.0,0.0,0.0,0.0,0.0,1.0,1.0,0.0,0.0,0.16666666666666666,0.16666666666666666,0.3333333333333333,0.5,0.16666666666666666,0.3333333333333333,,0.0,0.5,0.0,0.5,0.5,1.0,280.1666666666667,0.16666666666666666,0.3333333333333333,-1.5312983205082886,0.03560000000000001,1.0,1.0,S1,112,HOU,False,HOU,-0.09792318526770147
7.0,22.0,20.0,8.0,4.0,7.0,1.0,0.0,0.0,9.0,2.0,2.0,0.0,1.0,0.0,0.0,0.0,0.0,0.0,1.0,0.0,5.0,5.0,1.0,0.0,0.4,0.45454545454545453,0.45,0.9045454545454545,0.04999999999999999,0.42105263157894735,,0.0,0.045454545454545456,0.09090909090909091,0.5,0.5,1.0,226.54545454545453,0.45454545454545453,0.45,1.991495636540845,0.2454,6.0,6.0,S1,115,DET,False,DET,0.4015739351922183
1.0,1.0,1.0,0.0,0.0,0.0,0.0,0.0,0.0,0.0,0.0,0.0,0.0,0.0,0.0,0.0,0.0,0.0,0.0,0.0,0.0,0.0,1.0,0.0,0.0,0.0,0.0,0.0,0.0,0.0,0.0,,0.0,0.0,0.0,0.0,1.0,0.0,168.0,0.0,0.0,-0.20125152625152626,-0.0068000000000000005,0.0,1.0,S1,120,MIN,False,MIN,-0.010924044827964727
1.0,4.0,4.0,2.0,1.0,1.0,0.0,1.0,0.0,4.0,0.0,0.0,0.0,2.0,0.0,0.0,0.0,0.0,0.0,0.0,0.0,0.0,0.0,0.0,0.0,0.5,0.5,1.0,1.5,0.5,1.0,,0.0,0.5,0.0,,,,164.0,0.5,1.0,0.9989435812090275,0.1193,0.0,0.0,S1,122,HOU,False,HOU,0.13669878930965434
7.0,20.0,18.0,5.0,1.0,2.0,2.0,0.0,1.0,10.0,3.0,1.0,0.0,1.0,0.0,0.0,1.0,0.0,1.0,2.0,0.0,6.0,5.0,2.0,0.0,0.2777777777777778,0.3,0.5555555555555556,0.8555555555555556,0.2777777777777778,0.23529411764705882,0.0,0.05,0.05,0.05,0.5,0.5,1.0,264.57142857142856,0.3,0.5555555555555556,-2.5057858754558735,-0.2930999999999999,8.0,8.0,S1,125,HOU,False,HOU,-0.06655643160182936
7.0,20.0,20.0,6.0,3.0,5.0,1.0,0.0,0.0,7.0,2.0,0.0,0.0,3.0,0.0,0.0,0.0,0.0,0.0,0.0,0.0,6.0,5.0,0.0,0.0,0.3,0.3,0.35,0.6499999999999999,0.04999999999999999,0.35294117647058826,,0.0,0.15,0.0,0.5454545454545454,0.45454545454545453,1.2,259.1,0.3,0.35,-1.7247177165747543,-0.34369999999999995,6.0,5.0,S1,133,ARI,False,ARI,0.011550384286282567
2.0,4.0,4.0,2.0,0.0,2.0,0.0,0.0,0.0,2.0,0.0,0.0,0.0,1.0,0.0,0.0,0.0,0.0,0.0,0.0,0.0,1.0,0.0,0.0,0.0,0.5,0.5,0.5,1.0,0.0,0.6666666666666666,,0.0,0.25,0.0,1.0,0.0,,240.0,0.5,0.5,0.17275336690629045,-0.0379,1.0,0.0,S1,147,BAL,False,BAL,0.054079767879380646
7.0,17.0,17.0,3.0,1.0,1.0,2.0,0.0,0.0,5.0,0.0,0.0,0.0,2.0,0.0,0.0,0.0,0.0,0.0,2.0,0.0,7.0,4.0,1.0,0.0,0.17647058823529413,0.17647058823529413,0.29411764705882354,0.47058823529411764,0.11764705882352941,0.2,,0.0,0.11764705882352941,0.0,0.6428571428571429,0.35714285714285715,1.8,296.8235294117647,0.17647058823529413,0.29411764705882354,-2.6631128216056204,-0.5631,9.0,5.0,S1,151,BAL,False,BAL,-0.10989244960836775
7.0,20.0,20.0,2.0,1.0,1.0,1.0,0.0,0.0,3.0,0.0,0.0,0.0,5.0,0.0,0.0,0.0,0.0,0.0,3.0,0.0,6.0,6.0,1.0,0.0,0.1,0.1,0.15,0.25,0.04999999999999999,0.13333333333333333,,0.0,0.25,0.0,0.5625,0.4375,1.2857142857142858,291.9,0.1,0.15,-5.14158972110597,-1.0937,9.0,7.0,S1,158,BAL,False,BAL,-0.33013681616683904
7.0,21.0,19.0,5.0,0.0,4.0,1.0,0.0,0.0,6.0,0.0,2.0,0.0,1.0,0.0,0.0,0.0,0.0,0.0,2.0,0.0,8.0,5.0,0.0,0.0,0.2631578947368421,0.3333333333333333,0.3157894736842105,0.6491228070175439,0.05263157894736842,0.2777777777777778,,0.0,0.047619047619047616,0.09523809523809523,0.6666666666666666,0.3333333333333333,2.0,262.6666666666667,0.3333333333333333,0.3157894736842105,-1.8349876127099356,-0.07920000000000002,10.0,5.0,S1,162,BAL,False,BAL,0.009724502469952313
4.0,9.0,9.0,2.0,1.0,2.0,0.0,0.0,0.0,2.0,0.0,0.0,0.0,1.0,0.0,0.0,0.0,0.0,0.0,0.0,0.0,1.0,4.0,1.0,0.0,0.2222222222222222,0.2222222222222222,0.2222222222222222,0.4444444444444444,0.0,0.25,,0.0,0.1111111111111111,0.0,0.16666666666666666,0.8333333333333334,0.2,233.55555555555554,0.2222222222222222,0.2222222222222222,2.2787526038929995,-0.051899999999999995,1.0,5.0,S1,167,2TM,False,MIN,0.31068523056399105
3.0,8.0,8.0,2.0,1.0,2.0,0.0,0.0,0.0,2.0,0.0,0.0,0.0,1.0,0.0,0.0,0.0,0.0,0.0,0.0,0.0,1.0,3.0,1.0,0.0,0.25,0.25,0.25,0.5,0.0,0.2857142857142857,,0.0,0.125,0.0,0.2,0.8,0.25,227.875,0.25,0.25,2.6376509089777453,0.048499999999999995,1.0,4.0,S1,167,PHI,True,PHI,0.33737395327527775
1.0,1.0,1.0,0.0,0.0,0.0,0.0,0.0,0.0,0.0,0.0,0.0,0.0,0.0,0.0,0.0,0.0,0.0,0.0,0.0,0.0,0.0,1.0,0.0,0.0,0.0,0.0,0.0,0.0,0.0,0.0,,0.0,0.0,0.0,0.0,1.0,0.0,279.0,0.0,0.0,-0.35889830508474563,-0.10039999999999999,0.0,1.0,S1,167,MIN,True,MIN,-0.02668872271128666
4.0,11.0,9.0,2.0,4.0,0.0,0.0,1.0,1.0,7.0,1.0,2.0,0.0,2.0,0.0,0.0,0.0,0.0,0.0,0.0,0.0,1.0,2.0,2.0,0.0,0.2222222222222222,0.36363636363636365,0.7777777777777778,1.1414141414141414,0.5555555555555556,0.16666666666666666,,0.09090909090909091,0.18181818181818182,0.18181818181818182,0.2,0.8,0.25,243.27272727272728,0.36363636363636365,0.7777777777777778,3.7661122614902305,0.1277,1.0,4.0,S1,168,NYM,False,NYM,0.4778234119180899
7.0,21.0,18.0,4.0,2.0,2.0,0.0,1.0,1.0,9.0,1.0,3.0,0.0,3.0,0.0,0.0,0.0,0.0,0.0,2.0,0.0,7.0,4.0,0.0,0.0,0.2222222222222222,0.3333333333333333,0.5,0.8333333333333333,0.2777777777777778,0.21428571428571427,,0.047619047619047616,0.14285714285714285,0.14285714285714285,0.6923076923076923,0.3076923076923077,2.25,263.0952380952381,0.3333333333333333,0.5,-0.30029044839271346,-0.3098999999999999,9.0,4.0,S1,171,BAL,False,BAL,0.16319421890167454
7.0,22.0,19.0,7.0,6.0,4.0,1.0,0.0,2.0,14.0,3.0,3.0,0.0,2.0,0.0,0.0,0.0,0.0,0.0,1.0,0.0,3.0,5.0,2.0,0.0,0.3684210526315789,0.45454545454545453,0.7368421052631579,1.1913875598086123,0.3684210526315789,0.3333333333333333,,0.09090909090909091,0.09090909090909091,0.13636363636363635,0.36363636363636365,0.6363636363636364,0.5714285714285714,222.77272727272728,0.45454545454545453,0.7368421052631579,5.013131859710625,0.2718999999999999,4.0,7.0,S1,190,TOR,False,TOR,0.7037375575091962
4.0,9.0,5.0,1.0,1.0,1.0,0.0,0.0,0.0,1.0,0.0,4.0,0.0,1.0,0.0,0.0,0.0,0.0,0.0,0.0,0.0,2.0,1.0,0.0,0.0,0.2,0.5555555555555556,0.2,0.7555555555555555,0.0,0.25,,0.0,0.1111111111111111,0.4444444444444444,0.6666666666666666,0.3333333333333333,2.0,241.0,0.5555555555555556,0.2,0.5530837320205416,0.02370000000000001,2.0,1.0,S1,199,ATL,False,ATL,0.13811834337674528
7.0,19.0,17.0,4.0,2.0,4.0,0.0,0.0,0.0,4.0,1.0,2.0,0.0,7.0,0.0,0.0,0.0,0.0,0.0,0.0,0.0,3.0,2.0,1.0,0.0,0.23529411764705882,0.3157894736842105,0.23529411764705882,0.5510835913312693,0.0,0.4,,0.0,0.3684210526315789,0.10526315789473684,0.5,0.5,1.0,263.2631578947368,0.3157894736842105,0.23529411764705882,1.3476876696327222,0.0649,3.0,3.0,S1,206,2TM,False,PHI,0.3095898151098423
6.0,16.0,14.0,4.0,2.0,4.0,0.0,0.0,0.0,4.0,1.0,2.0,0.0,4.0,0.0,0.0,0.0,0.0,0.0,0.0,0.0,3.0,2.0,1.0,0.0,0.2857142857142857,0.375,0.2857142857142857,0.6607142857142857,0.0,0.4,,0.0,0.25,0.125,0.5,0.5,1.0,246.0,0.375,0.2857142857142857,1.6614027257876185,0.1501,3.0,3.0,S1,206,ATL,True,ATL,0.31335799733376823
1.0,3.0,3.0,0.0,0.0,0.0,0.0,0.0,0.0,0.0,0.0,0.0,0.0,3.0,0.0,0.0,0.0,0.0,0.0,0.0,0.0,0.0,0.0,0.0,0.0,0.0,0.0,0.0,0.0,0.0,,,0.0,1.0,0.0,,,,355.3333333333333,0.0,0.0,-0.3137150561548963,-0.08520000000000001,0.0,0.0,S1,206,PHI,True,PHI,-0.0037681822239259365
7.0,12.0,11.0,2.0,1.0,2.0,0.0,0.0,0.0,2.0,0.0,1.0,0.0,1.0,0.0,0.0,0.0,0.0,0.0,0.0,0.0,3.0,5.0,0.0,0.0,0.18181818181818182,0.25,0.18181818181818182,0.4318181818181818,0.0,0.2,,0.0,0.08333333333333333,0.08333333333333333,0.375,0.625,0.6,268.5,0.25,0.18181818181818182,-0.6567657289688044,-0.1076,3.0,5.0,S1,213,MIN,False,MIN,0.04473672066937434
6.0,17.0,14.0,3.0,2.0,2.0,0.0,0.0,1.0,6.0,1.0,3.0,0.0,8.0,0.0,0.0,0.0,0.0,0.0,1.0,0.0,1.0,2.0,0.0,0.0,0.21428571428571427,0.35294117647058826,0.42857142857142855,0.7815126050420168,0.21428571428571427,0.4,,0.058823529411764705,0.47058823529411764,0.17647058823529413,0.5,0.5,1.0,253.125,0.35294117647058826,0.42857142857142855,0.9570180088018296,-0.018999999999999975,2.0,2.0,S1,222,DET,False,DET,0.25212063343237723
7.0,17.0,17.0,2.0,0.0,1.0,1.0,0.0,0.0,3.0,1.0,0.0,0.0,0.0,0.0,0.0,0.0,0.0,0.0,4.0,0.0,8.0,6.0,1.0,0.0,0.11764705882352941,0.11764705882352941,0.17647058823529413,0.29411764705882354,0.05882352941176472,0.11764705882352941,,0.0,0.0,0.0,0.631578947368421,0.3684210526315789,1.7142857142857142,320.3529411764706,0.11764705882352941,0.17647058823529413,-7.031773669022671,-0.7305,12.0,7.0,S1,224,2TM,False,ATL,-0.5467585343500728
6.0,14.0,14.0,2.0,0.0,1.0,1.0,0.0,0.0,3.0,1.0,0.0,0.0,0.0,0.0,0.0,0.0,0.0,0.0,3.0,0.0,6.0,5.0,1.0,0.0,0.14285714285714285,0.14285714285714285,0.21428571428571427,0.3571428571428571,0.07142857142857142,0.14285714285714285,,0.0,0.0,0.0,0.6,0.4,1.5,310.7142857142857,0.14285714285714285,0.21428571428571427,-4.6943685620523485,-0.4223,9.0,6.0,S1,224,ARI,True,ARI,-0.3406213470446043
1.0,3.0,3.0,0.0,0.0,0.0,0.0,0.0,0.0,0.0,0.0,0.0,0.0,0.0,0.0,0.0,0.0,0.0,0.0,1.0,0.0,2.0,1.0,0.0,0.0,0.0,0.0,0.0,0.0,0.0,0.0,,0.0,0.0,0.0,0.75,0.25,3.0,365.3333333333333,0.0,0.0,-2.337405106970324,-0.3082,3.0,1.0,S1,224,ATL,True,ATL,-0.2061371873054687
7.0,22.0,14.0,5.0,1.0,2.0,2.0,1.0,0.0,9.0,4.0,8.0,1.0,2.0,0.0,0.0,1.0,0.0,0.0,1.0,0.0,4.0,2.0,1.0,0.0,0.35714285714285715,0.5909090909090909,0.6428571428571429,1.2337662337662338,0.28571428571428575,0.4166666666666667,0.0,0.0,0.09090909090909091,0.36363636363636365,0.625,0.375,1.6666666666666667,213.63636363636363,0.5909090909090909,0.6428571428571429,-0.41116326914058854,0.7573999999999999,5.0,3.0,S1,226,ATL,False,ATL,0.16130804462407494
5.0,14.0,14.0,7.0,1.0,7.0,0.0,0.0,0.0,7.0,5.0,0.0,0.0,0.0,0.0,0.0,0.0,0.0,0.0,3.0,0.0,4.0,2.0,1.0,0.0,0.5,0.5,0.5,1.0,0.0,0.5,,0.0,0.0,0.0,0.7,0.3,2.3333333333333335,226.64285714285714,0.5,0.5,-3.14585128715875,-0.30860000000000004,7.0,3.0,S1,231,ATL,False,ATL,-0.18576961955524443
7.0,22.0,21.0,6.0,4.0,1.0,3.0,0.0,2.0,15.0,6.0,0.0,0.0,3.0,0.0,0.0,0.0,0.0,1.0,1.0,0.0,4.0,9.0,0.0,0.0,0.2857142857142857,0.2727272727272727,0.7142857142857143,0.987012987012987,0.4285714285714286,0.23529411764705882,,0.09090909090909091,0.13636363636363635,0.0,0.3333333333333333,0.6666666666666666,0.5,224.77272727272728,0.2727272727272727,0.7142857142857143,-1.9791938434495207,0.38400000000000006,5.0,10.0,S1,232,ATL,False,ATL,0.004504987193181731
7.0,17.0,15.0,3.0,2.0,1.0,1.0,0.0,1.0,7.0,3.0,2.0,0.0,3.0,0.0,0.0,0.0,0.0,0.0,0.0,0.0,4.0,5.0,0.0,0.0,0.2,0.29411764705882354,0.4666666666666667,0.7607843137254902,0.26666666666666666,0.18181818181818182,,0.058823529411764705,0.17647058823529413,0.11764705882352941,0.4444444444444444,0.5555555555555556,0.8,242.7058823529412,0.29411764705882354,0.4666666666666667,-0.4482989662429608,0.015500000000000014,4.0,5.0,S1,233,BAL,False,BAL,0.1115889359278982
1.0,1.0,1.0,0.0,0.0,0.0,0.0,0.0,0.0,0.0,0.0,0.0,0.0,1.0,0.0,0.0,0.0,0.0,0.0,0.0,0.0,0.0,0.0,0.0,0.0,0.0,0.0,0.0,0.0,0.0,,,0.0,1.0,0.0,,,,315.0,0.0,0.0,-1.391304347826087,-0.022000000000000002,0.0,0.0,S1,237,TOR,False,TOR,-0.12992932698542078
7.0,21.0,18.0,7.0,1.0,6.0,1.0,0.0,0.0,8.0,1.0,3.0,0.0,2.0,1.0,0.0,0.0,0.0,0.0,0.0,0.0,4.0,3.0,2.0,0.0,0.3888888888888889,0.47619047619047616,0.4444444444444444,0.9206349206349206,0.055555555555555525,0.4375,,0.0,0.09523809523809523,0.14285714285714285,0.4444444444444444,0.5555555555555556,0.8,230.05,0.47619047619047616,0.4444444444444444,0.5173025486003864,0.16069999999999998,4.0,5.0,S1,241,HOU,False,HOU,0.2449535186009845
7.0,22.0,19.0,6.0,2.0,2.0,3.0,0.0,1.0,12.0,2.0,2.0,0.0,3.0,0.0,0.0,0.0,0.0,1.0,1.0,0.0,4.0,4.0,3.0,0.0,0.3157894736842105,0.36363636363636365,0.631578947368421,0.9952153110047847,0.3157894736842105,0.3125,,0.045454545454545456,0.13636363636363635,0.09090909090909091,0.38461538461538464,0.6153846153846154,0.625,255.6818181818182,0.36363636363636365,0.631578947368421,0.7493619223218182,-0.268,5.0,8.0,S1,242,ATL,False,ATL,0.2773605637703156
6.0,14.0,14.0,2.0,0.0,2.0,0.0,0.0,0.0,2.0,1.0,0.0,0.0,4.0,0.0,0.0,0.0,0.0,0.0,0.0,0.0,2.0,6.0,0.0,0.0,0.14285714285714285,0.14285714285714285,0.14285714285714285,0.2857142857142857,0.0,0.2,,0.0,0.2857142857142857,0.0,0.25,0.75,0.3333333333333333,260.64285714285717,0.14285714285714285,0.14285714285714285,-3.279393757300888,-0.29760000000000003,2.0,6.0,S1,267,MIN,False,MIN,-0.1991238665694582
3.0,7.0,7.0,1.0,0.0,1.0,0.0,0.0,0.0,1.0,1.0,0.0,0.0,0.0,0.0,0.0,0.0,0.0,0.0,0.0,0.0,4.0,1.0,1.0,0.0,0.14285714285714285,0.14285714285714285,0.14285714285714285,0.2857142857142857,0.0,0.14285714285714285,,0.0,0.0,0.0,0.6666666666666666,0.3333333333333333,2.0,331.7142857142857,0.14285714285714285,0.14285714285714285,-3.4486419853982784,-0.17900000000000002,4.0,2.0,S1,273,OAK,False,OAK,-0.2804564439595126
7.0,17.0,16.0,6.0,1.0,5.0,1.0,0.0,0.0,7.0,1.0,1.0,0.0,1.0,0.0,0.0,0.0,0.0,0.0,0.0,0.0,4.0,5.0,0.0,0.0,0.375,0.4117647058823529,0.4375,0.8492647058823529,0.0625,0.4,,0.0,0.058823529411764705,0.058823529411764705,0.4444444444444444,0.5555555555555556,0.8,234.05882352941177,0.4117647058823529,0.4375,-0.03577135221560568,-0.2443,4.0,5.0,S1,274,ARI,False,ARI,0.15284169733063374
1.0,3.0,3.0,0.0,0.0,0.0,0.0,0.0,0.0,0.0,0.0,0.0,0.0,1.0,0.0,0.0,0.0,0.0,0.0,0.0,0.0,2.0,0.0,0.0,0.0,0.0,0.0,0.0,0.0,0.0,0.0,,0.0,0.3333333333333333,0.0,1.0,0.0,,406.0,0.0,0.0,-1.0719037001645697,-0.022499999999999996,2.0,0.0,S1,284,WAS,False,WAS,-0.07958704662489327
3.0,5.0,5.0,1.0,1.0,1.0,0.0,0.0,0.0,1.0,1.0,0.0,0.0,1.0,0.0,0.0,0.0,0.0,0.0,0.0,0.0,0.0,3.0,0.0,0.0,0.2,0.2,0.2,0.4,0.0,0.25,,0.0,0.2,0.0,0.0,1.0,0.0,230.2,0.2,0.2,-0.00988612836438918,-0.09190000000000001,0.0,3.0,S1,286,PHI,False,PHI,0.04501692614950058
6.0,15.0,13.0,5.0,6.0,0.0,2.0,1.0,2.0,15.0,6.0,2.0,1.0,3.0,0.0,0.0,0.0,0.0,0.0,1.0,0.0,2.0,3.0,0.0,0.0,0.38461538461538464,0.4666666666666667,1.1538461538461537,1.6205128205128205,0.7692307692307692,0.375,,0.13333333333333333,0.2,0.13333333333333333,0.5,0.5,1.0,227.14285714285714,0.4666666666666667,1.1538461538461537,4.805713175078164,0.5673,3.0,3.0,S1,287,PHI,False,PHI,0.618587934465635
5.0,10.0,9.0,0.0,1.0,0.0,0.0,0.0,0.0,0.0,0.0,1.0,0.0,5.0,0.0,0.0,0.0,0.0,0.0,1.0,0.0,1.0,2.0,1.0,0.0,0.0,0.1,0.0,0.1,0.0,0.0,,0.0,0.5,0.1,0.4,0.6,0.6666666666666666,297.4,0.1,0.0,-3.535099503893333,-0.33990000000000004,2.0,3.0,S1,290,2TM,False,PHI,-0.2614988724174543
4.0,7.0,7.0,0.0,0.0,0.0,0.0,0.0,0.0,0.0,0.0,0.0,0.0,5.0,0.0,0.0,0.0,0.0,0.0,1.0,0.0,1.0,1.0,0.0,0.0,0.0,0.0,0.0,0.0,0.0,0.0,,0.0,0.7142857142857143,0.0,0.6666666666666666,0.3333333333333333,2.0,333.0,0.0,0.0,-3.20504362981572,-0.3009,2.0,1.0,S1,290,MIN,True,MIN,-0.2560966084012567
1.0,3.0,2.0,0.0,1.0,0.0,0.0,0.0,0.0,0.0,0.0,1.0,0.0,0.0,0.0,0.0,0.0,0.0,0.0,0.0,0.0,0.0,1.0,1.0,0.0,0.0,0.3333333333333333,0.0,0.3333333333333333,0.0,0.0,,0.0,0.0,0.3333333333333333,0.0,1.0,0.0,214.33333333333334,0.3333333333333333,0.0,-0.33005587407761316,-0.039,0.0,2.0,S1,290,PHI,True,PHI,-0.005402264016197622
7.0,21.0,21.0,9.0,4.0,6.0,3.0,0.0,0.0,12.0,3.0,0.0,0.0,7.0,0.0,0.0,0.0,0.0,0.0,0.0,0.0,1.0,3.0,1.0,0.0,0.42857142857142855,0.42857142857142855,0.5714285714285714,1.0,0.14285714285714285,0.6428571428571429,,0.0,0.3333333333333333,0.0,0.2,0.8,0.25,215.04761904761904,0.42857142857142855,0.5714285714285714,1.674217114264072,0.2384,1.0,4.0,S1,300,PHI,False,PHI,0.3606449751673531
4.0,10.0,10.0,2.0,2.0,1.0,0.0,0.0,1.0,5.0,3.0,0.0,0.0,3.0,0.0,0.0,0.0,0.0,0.0,0.0,0.0,3.0,2.0,0.0,0.0,0.2,0.2,0.5,0.7,0.3,0.16666666666666666,,0.1,0.3,0.0,0.6,0.4,1.5,268.0,0.2,0.5,0.06885563436565409,0.1389,3.0,2.0,S1,303,PIT,False,PIT,0.09889664140844441
3.0,7.0,4.0,0.0,0.0,0.0,0.0,0.0,0.0,0.0,0.0,3.0,0.0,1.0,0.0,0.0,0.0,0.0,0.0,0.0,0.0,1.0,2.0,0.0,0.0,0.0,0.42857142857142855,0.0,0.42857142857142855,0.0,0.0,,0.0,0.14285714285714285,0.42857142857142855,0.3333333333333333,0.6666666666666666,0.5,233.71428571428572,0.42857142857142855,0.0,-0.12682150489344263,0.05519999999999999,1.0,2.0,S1,307,PIT,False,PIT,0.051725604090971024
7.0,21.0,18.0,5.0,4.0,1.0,3.0,0.0,1.0,11.0,2.0,3.0,0.0,2.0,0.0,0.0,0.0,0.0,0.0,2.0,0.0,4.0,6.0,1.0,0.0,0.2777777777777778,0.38095238095238093,0.6111111111111112,0.9920634920634921,0.33333333333333337,0.26666666666666666,,0.047619047619047616,0.09523809523809523,0.14285714285714285,0.46153846153846156,0.5384615384615384,0.8571428571428571,221.71428571428572,0.38095238095238093,0.6111111111111112,0.6225038756944699,-0.06500000000000003,6.0,7.0,S1,310,PIT,False,PIT,0.25547365131039285
7.0,18.0,17.0,4.0,1.0,3.0,1.0,0.0,0.0,5.0,2.0,1.0,0.0,3.0,1.0,1.0,0.0,0.0,0.0,0.0,0.0,5.0,4.0,1.0,0.0,0.23529411764705882,0.2777777777777778,0.29411764705882354,0.5718954248366013,0.05882352941176472,0.2857142857142857,1.0,0.0,0.16666666666666666,0.05555555555555555,0.5,0.5,1.0,273.3333333333333,0.2777777777777778,0.29411764705882354,-3.7365861597542187,-0.31360000000000005,5.0,5.0,S1,312,PIT,False,PIT,-0.20803867562603967
7.0,19.0,18.0,6.0,3.0,4.0,1.0,0.0,1.0,10.0,4.0,1.0,0.0,4.0,0.0,0.0,0.0,0.0,0.0,1.0,0.0,2.0,5.0,1.0,0.0,0.3333333333333333,0.3684210526315789,0.5555555555555556,0.9239766081871346,0.22222222222222227,0.38461538461538464,,0.05263157894736842,0.21052631578947367,0.05263157894736842,0.3333333333333333,0.6666666666666666,0.5,233.73684210526315,0.3684210526315789,0.5555555555555556,0.5478700498127367,0.1692,3.0,6.0,S1,314,PIT,False,PIT,0.22960805312784377
5.0,11.0,11.0,3.0,1.0,1.0,2.0,0.0,0.0,5.0,0.0,0.0,0.0,2.0,0.0,1.0,0.0,0.0,0.0,1.0,0.0,4.0,1.0,1.0,0.0,0.2727272727272727,0.2727272727272727,0.45454545454545453,0.7272727272727273,0.18181818181818182,0.3333333333333333,1.0,0.0,0.18181818181818182,0.0,0.7142857142857143,0.2857142857142857,2.5,271.1666666666667,0.2727272727272727,0.45454545454545453,-0.9090292972941267,-0.11579999999999997,5.0,2.0,S1,336,PIT,False,PIT,0.010309256039654224
7.0,20.0,20.0,6.0,0.0,5.0,1.0,0.0,0.0,7.0,0.0,0.0,0.0,3.0,0.0,0.0,0.0,0.0,0.0,2.0,0.0,8.0,2.0,1.0,0.0,0.3,0.3,0.35,0.6499999999999999,0.04999999999999999,0.35294117647058826,,0.0,0.15,0.0,0.7692307692307693,0.23076923076923078,3.3333333333333335,310.2,0.3,0.35,-1.43557027333345,-0.1326,10.0,3.0,S1,344,NYM,False,NYM,0.04046512861041298
7.0,18.0,15.0,5.0,7.0,2.0,0.0,0.0,3.0,14.0,7.0,3.0,0.0,1.0,0.0,0.0,0.0,0.0,0.0,0.0,0.0,3.0,4.0,2.0,0.0,0.3333333333333333,0.4444444444444444,0.9333333333333333,1.3777777777777778,0.6000000000000001,0.18181818181818182,,0.16666666666666666,0.05555555555555555,0.16666666666666666,0.3333333333333333,0.6666666666666666,0.5,199.88888888888889,0.4444444444444444,0.9333333333333333,4.055384231697676,-0.004299999999999967,3.0,6.0,S1,346,PHI,False,PHI,0.5711583635191498
4.0,11.0,10.0,5.0,2.0,4.0,1.0,0.0,0.0,6.0,0.0,1.0,0.0,1.0,0.0,0.0,0.0,0.0,0.0,1.0,0.0,3.0,1.0,0.0,0.0,0.5,0.5454545454545454,0.6,1.1454545454545455,0.09999999999999998,0.5555555555555556,,0.0,0.09090909090909091,0.09090909090909091,0.8,0.2,4.0,212.54545454545453,0.5454545454545454,0.6,2.185059237544056,0.025600000000000008,4.0,1.0,S1,350,DET,False,DET,0.31971810952347246
6.0,17.0,16.0,5.0,3.0,2.0,1.0,0.0,2.0,12.0,2.0,1.0,0.0,2.0,0.0,0.0,1.0,0.0,0.0,1.0,0.0,5.0,3.0,1.0,0.0,0.3125,0.35294117647058826,0.75,1.1029411764705883,0.4375,0.25,0.0,0.11764705882352941,0.11764705882352941,0.058823529411764705,0.6,0.4,1.5,257.72222222222223,0.35294117647058826,0.75,-0.3126789099707302,-0.17790000000000003,6.0,4.0,S1,359,MIN,False,MIN,0.12515094155512124
6.0,13.0,11.0,4.0,3.0,3.0,0.0,0.0,1.0,7.0,2.0,2.0,0.0,3.0,0.0,0.0,0.0,0.0,0.0,0.0,0.0,1.0,3.0,0.0,0.0,0.36363636363636365,0.46153846153846156,0.6363636363636364,1.097902097902098,0.2727272727272727,0.42857142857142855,,0.07692307692307693,0.23076923076923078,0.15384615384615385,0.25,0.75,0.3333333333333333,211.69230769230768,0.46153846153846156,0.6363636363636364,1.9139709045900308,0.16979999999999998,1.0,3.0,S1,395,TOR,False,TOR,0.31101149182244575
7.0,22.0,18.0,9.0,8.0,4.0,1.0,2.0,2.0,20.0,8.0,4.0,0.0,1.0,0.0,0.0,0.0,0.0,0.0,4.0,0.0,4.0,3.0,1.0,0.0,0.5,0.5909090909090909,1.1111111111111112,1.702020202020202,0.6111111111111112,0.4666666666666667,,0.09090909090909091,0.045454545454545456,0.18181818181818182,0.6666666666666666,0.3333333333333333,2.0,204.8095238095238,0.5909090909090909,1.1111111111111112,5.253458849485269,0.4013999999999999,8.0,4.0,S1,396,WAS,False,WAS,0.7277702564866606
7.0,21.0,19.0,1.0,1.0,0.0,1.0,0.0,0.0,2.0,1.0,2.0,0.0,10.0,0.0,0.0,0.0,0.0,0.0,0.0,0.0,2.0,2.0,4.0,0.0,0.05263157894736842,0.14285714285714285,0.10526315789473684,0.24812030075187969,0.05263157894736842,0.1111111111111111,,0.0,0.47619047619047616,0.09523809523809523,0.25,0.75,0.3333333333333333,318.04761904761904,0.14285714285714285,0.10526315789473684,-2.4187970616775685,-0.49410000000000004,2.0,6.0,S1,397,TOR,False,TOR,-0.04865644242681098
7.0,23.0,21.0,10.0,3.0,8.0,0.0,1.0,1.0,15.0,4.0,2.0,0.0,4.0,0.0,1.0,0.0,0.0,0.0,0.0,0.0,5.0,2.0,0.0,0.0,0.47619047619047616,0.5217391304347826,0.7142857142857143,1.236024844720497,0.23809523809523814,0.5625,1.0,0.043478260869565216,0.17391304347826086,0.08695652173913043,0.7142857142857143,0.2857142857142857,2.5,230.33333333333334,0.5217391304347826,0.7142857142857143,3.180488891391568,0.4243,5.0,2.0,S1,400,TOR,False,TOR,0.5296743684744785
5.0,12.0,10.0,0.0,0.0,0.0,0.0,0.0,0.0,0.0,0.0,2.0,0.0,4.0,0.0,0.0,0.0,0.0,0.0,0.0,0.0,2.0,2.0,2.0,0.0,0.0,0.16666666666666666,0.0,0.16666666666666666,0.0,0.0,,0.0,0.3333333333333333,0.16666666666666666,0.3333333333333333,0.6666666666666666,0.5,320.9166666666667,0.16666666666666666,0.0,-1.6545537883980186,-0.3087,2.0,4.0,S1,410,2TM,False,TOR,-0.05504208527354708
4.0,10.0,9.0,0.0,0.0,0.0,0.0,0.0,0.0,0.0,0.0,1.0,0.0,4.0,0.0,0.0,0.0,0.0,0.0,0.0,0.0,2.0,1.0,2.0,0.0,0.0,0.1,0.0,0.1,0.0,0.0,,0.0,0.4,0.1,0.4,0.6,0.6666666666666666,344.5,0.1,0.0,-2.169684913311752,-0.3015,2.0,3.0,S1,410,MIN,True,MIN,-0.12495741335929622
1.0,2.0,1.0,0.0,0.0,0.0,0.0,0.0,0.0,0.0,0.0,1.0,0.0,0.0,0.0,0.0,0.0,0.0,0.0,0.0,0.0,0.0,1.0,0.0,0.0,0.0,0.5,0.0,0.5,0.0,0.0,,0.0,0.0,0.5,0.0,1.0,0.0,203.0,0.5,0.0,0.5151311249137336,-0.007199999999999998,0.0,1.0,S1,410,TOR,True,TOR,0.06991532808574916
6.0,13.0,13.0,4.0,0.0,4.0,0.0,0.0,0.0,4.0,1.0,0.0,0.0,3.0,0.0,0.0,0.0,0.0,0.0,2.0,0.0,3.0,3.0,0.0,0.0,0.3076923076923077,0.3076923076923077,0.3076923076923077,0.6153846153846154,0.0,0.4,,0.0,0.23076923076923078,0.0,0.625,0.375,1.6666666666666667,250.92307692307693,0.3076923076923077,0.3076923076923077,-2.91709873705574,-0.2583,5.0,3.0,S1,429,OAK,False,OAK,-0.17209547234213135
7.0,20.0,18.0,7.0,6.0,3.0,2.0,1.0,1.0,14.0,6.0,1.0,0.0,7.0,0.0,0.0,0.0,0.0,1.0,1.0,0.0,2.0,3.0,0.0,0.0,0.3888888888888889,0.4,0.7777777777777778,1.1777777777777778,0.3888888888888889,0.5454545454545454,,0.05,0.35,0.05,0.42857142857142855,0.5714285714285714,0.75,224.8,0.4,0.7777777777777778,-1.6845236895999167,-0.09479999999999993,3.0,4.0,S1,445,TOR,False,TOR,0.01556978698376632
7.0,21.0,21.0,9.0,2.0,9.0,0.0,0.0,0.0,9.0,1.0,0.0,0.0,2.0,0.0,0.0,0.0,0.0,0.0,0.0,0.0,4.0,5.0,1.0,0.0,0.42857142857142855,0.42857142857142855,0.42857142857142855,0.8571428571428571,0.0,0.47368421052631576,,0.0,0.09523809523809523,0.0,0.4,0.6,0.6666666666666666,229.8095238095238,0.42857142857142855,0.42857142857142855,1.9658248526948015,-0.1619,4.0,6.0,S1,446,TOR,False,TOR,0.389805749010426
2.0,4.0,4.0,0.0,0.0,0.0,0.0,0.0,0.0,0.0,0.0,0.0,0.0,2.0,0.0,0.0,0.0,0.0,0.0,0.0,0.0,0.0,2.0,0.0,0.0,0.0,0.0,0.0,0.0,0.0,0.0,,0.0,0.5,0.0,0.0,1.0,0.0,259.5,0.0,0.0,-1.9949806232414928,-0.0651,0.0,2.0,S1,453,NYM,False,NYM,-0.1626936311353977
7.0,21.0,21.0,8.0,6.0,2.0,3.0,0.0,3.0,20.0,6.0,0.0,0.0,3.0,0.0,0.0,0.0,0.0,0.0,0.0,0.0,4.0,6.0,0.0,0.0,0.38095238095238093,0.38095238095238093,0.9523809523809523,1.3333333333333333,0.5714285714285714,0.3333333333333333,,0.14285714285714285,0.14285714285714285,0.0,0.4,0.6,0.6666666666666666,218.76190476190476,0.38095238095238093,0.9523809523809523,3.3459528265511382,0.4928,4.0,6.0,S1,457,HOU,False,HOU,0.5278185463960596
4.0,11.0,11.0,3.0,0.0,2.0,1.0,0.0,0.0,4.0,0.0,0.0,0.0,3.0,0.0,0.0,0.0,0.0,0.0,1.0,0.0,2.0,3.0,0.0,0.0,0.2727272727272727,0.2727272727272727,0.36363636363636365,0.6363636363636364,0.09090909090909094,0.375,,0.0,0.2727272727272727,0.0,0.5,0.5,1.0,249.63636363636363,0.2727272727272727,0.36363636363636365,-1.4069594846352442,-0.2759,3.0,3.0,S1,1961,2TM,False,OAK,-0.039483762694457525
2.0,6.0,6.0,2.0,0.0,1.0,1.0,0.0,0.0,3.0,0.0,0.0,0.0,3.0,0.0,0.0,0.0,0.0,0.0,1.0,0.0,1.0,0.0,0.0,0.0,0.3333333333333333,0.3333333333333333,0.5,0.8333333333333333,0.16666666666666669,0.6666666666666666,,0.0,0.5,0.0,1.0,0.0,,276.5,0.3333333333333333,0.5,-1.0644894482056089,-0.18369999999999997,2.0,0.0,S1,1961,ARI,True,ARI,-0.0512422980374335
2.0,5.0,5.0,1.0,0.0,1.0,0.0,0.0,0.0,1.0,0.0,0.0,0.0,0.0,0.0,0.0,0.0,0.0,0.0,0.0,0.0,1.0,3.0,0.0,0.0,0.2,0.2,0.2,0.4,0.0,0.2,,0.0,0.0,0.0,0.25,0.75,0.3333333333333333,217.4,0.2,0.2,-0.34247003642963564,-0.0922,1.0,3.0,S1,1961,OAK,True,OAK,0.011758535342975935
3.0,7.0,7.0,0.0,0.0,0.0,0.0,0.0,0.0,0.0,0.0,0.0,0.0,0.0,0.0,0.0,0.0,0.0,0.0,0.0,0.0,1.0,4.0,2.0,0.0,0.0,0.0,0.0,0.0,0.0,0.0,,0.0,0.0,0.0,0.14285714285714285,0.8571428571428571,0.16666666666666666,294.2857142857143,0.0,0.0,-2.1286669851887243,-0.1835,1.0,6.0,S1,1966,BAL,False,BAL,-0.14845894393855713
5.0,10.0,9.0,4.0,2.0,2.0,2.0,0.0,0.0,6.0,1.0,1.0,0.0,2.0,0.0,0.0,0.0,0.0,0.0,0.0,0.0,1.0,2.0,0.0,0.0,0.4444444444444444,0.5,0.6666666666666666,1.1666666666666665,0.2222222222222222,0.5714285714285714,,0.0,0.2,0.1,0.3333333333333333,0.6666666666666666,0.5,193.7,0.5,0.6666666666666666,2.633014965430337,0.28540000000000004,1.0,2.0,S1,1968,BAL,False,BAL,0.3553125745149127
7.0,19.0,16.0,4.0,3.0,3.0,0.0,0.0,1.0,7.0,2.0,3.0,0.0,3.0,0.0,0.0,0.0,0.0,0.0,0.0,0.0,3.0,5.0,1.0,0.0,0.25,0.3684210526315789,0.4375,0.805921052631579,0.1875,0.25,,0.05263157894736842,0.15789473684210525,0.15789473684210525,0.3333333333333333,0.6666666666666666,0.5,248.31578947368422,0.3684210526315789,0.4375,1.0043912418886172,-0.14689999999999998,3.0,6.0,S1,1972,BAL,False,BAL,0.2752601723354318
7.0,20.0,17.0,6.0,1.0,6.0,0.0,0.0,0.0,6.0,0.0,3.0,0.0,2.0,0.0,2.0,0.0,0.0,0.0,0.0,0.0,3.0,5.0,1.0,0.0,0.35294117647058826,0.45,0.35294117647058826,0.8029411764705883,0.0,0.4,1.0,0.0,0.1,0.15,0.3333333333333333,0.6666666666666666,0.5,237.5909090909091,0.45,0.35294117647058826,1.3687286494601936,-0.10310000000000002,3.0,6.0,S1,1982,OAK,False,OAK,0.32089502088977734
5.0,13.0,10.0,3.0,1.0,2.0,1.0,0.0,0.0,4.0,0.0,3.0,0.0,2.0,1.0,0.0,0.0,0.0,0.0,0.0,0.0,4.0,1.0,0.0,0.0,0.3,0.46153846153846156,0.4,0.8615384615384616,0.10000000000000003,0.375,,0.0,0.15384615384615385,0.23076923076923078,0.8,0.2,4.0,261.1666666666667,0.46153846153846156,0.4,1.9076969151883763,-0.03799999999999999,4.0,1.0,S1,1983,HOU,False,HOU,0.3103840928822803
7.0,23.0,20.0,4.0,2.0,1.0,2.0,0.0,1.0,9.0,3.0,2.0,0.0,3.0,0.0,0.0,0.0,0.0,1.0,1.0,0.0,9.0,5.0,0.0,0.0,0.2,0.2608695652173913,0.45,0.7108695652173913,0.25,0.17647058823529413,,0.043478260869565216,0.13043478260869565,0.08695652173913043,0.625,0.375,1.6666666666666667,272.7391304347826,0.2608695652173913,0.45,-1.4202388859376152,-0.3575999999999999,10.0,6.0,S1,1984,HOU,False,HOU,0.06960159074156018
7.0,24.0,22.0,8.0,2.0,7.0,1.0,0.0,0.0,9.0,2.0,2.0,0.0,4.0,0.0,0.0,0.0,0.0,0.0,1.0,0.0,6.0,4.0,0.0,0.0,0.36363636363636365,0.4166666666666667,0.4090909090909091,0.8257575757575758,0.04545454545454547,0.4444444444444444,,0.0,0.16666666666666666,0.08333333333333333,0.6363636363636364,0.36363636363636365,1.75,245.5,0.4166666666666667,0.4090909090909091,-0.923750035768697,-0.5221,7.0,4.0,S1,1988,ATL,False,ATL,0.12845158355563985
6.0,17.0,17.0,7.0,3.0,4.0,1.0,0.0,2.0,14.0,4.0,0.0,0.0,6.0,0.0,0.0,0.0,0.0,0.0,0.0,0.0,1.0,3.0,0.0,0.0,0.4117647058823529,0.4117647058823529,0.8235294117647058,1.2352941176470589,0.4117647058823529,0.5555555555555556,,0.11764705882352941,0.35294117647058826,0.0,0.25,0.75,0.3333333333333333,223.64705882352942,0.4117647058823529,0.8235294117647058,1.7843047781072796,0.4827,1.0,3.0,S1,1989,ATL,False,ATL,0.33484931036292226
5.0,13.0,11.0,0.0,0.0,0.0,0.0,0.0,0.0,0.0,0.0,2.0,0.0,3.0,1.0,0.0,0.0,0.0,0.0,0.0,0.0,2.0,6.0,0.0,0.0,0.0,0.15384615384615385,0.0,0.15384615384615385,0.0,0.0,,0.0,0.23076923076923078,0.15384615384615385,0.25,0.75,0.3333333333333333,256.9166666666667,0.15384615384615385,0.0,-2.653213536507384,-0.28169999999999995,2.0,6.0,S1,1992,2TM,False,PIT,-0.14570695228729572
4.0,10.0,8.0,0.0,0.0,0.0,0.0,0.0,0.0,0.0,0.0,2.0,0.0,3.0,1.0,0.0,0.0,0.0,0.0,0.0,0.0,1.0,4.0,0.0,0.0,0.0,0.2,0.0,0.2,0.0,0.0,,0.0,0.3,0.2,0.2,0.8,0.25,252.66666666666666,0.2,0.0,-2.0171472747664594,-0.2613,1.0,4.0,S1,1992,PHI,True,PHI,-0.10970364950476694
1.0,3.0,3.0,0.0,0.0,0.0,0.0,0.0,0.0,0.0,0.0,0.0,0.0,0.0,0.0,0.0,0.0,0.0,0.0,0.0,0.0,1.0,2.0,0.0,0.0,0.0,0.0,0.0,0.0,0.0,0.0,,0.0,0.0,0.0,0.3333333333333333,0.6666666666666666,0.5,269.6666666666667,0.0,0.0,-0.6360662617409244,-0.0204,1.0,2.0,S1,1992,PIT,True,PIT,-0.036003302782528744
1.0,2.0,2.0,0.0,0.0,0.0,0.0,0.0,0.0,0.0,0.0,0.0,0.0,0.0,0.0,0.0,0.0,0.0,0.0,0.0,0.0,1.0,1.0,0.0,0.0,0.0,0.0,0.0,0.0,0.0,0.0,,0.0,0.0,0.0,0.5,0.5,1.0,331.0,0.0,0.0,-0.40234644582470663,-0.0562,1.0,1.0,S1,2001,MIN,False,MIN,-0.021832428988094864
7.0,19.0,16.0,5.0,3.0,4.0,0.0,0.0,1.0,8.0,3.0,3.0,0.0,4.0,0.0,0.0,0.0,0.0,0.0,0.0,0.0,5.0,1.0,1.0,0.0,0.3125,0.42105263157894735,0.5,0.9210526315789473,0.1875,0.36363636363636365,,0.05263157894736842,0.21052631578947367,0.15789473684210525,0.7142857142857143,0.2857142857142857,2.5,255.3684210526316,0.42105263157894735,0.5,0.19873320009173703,0.1925,5.0,2.0,S1,2006,NYM,False,NYM,0.19469436815574379
3.0,8.0,8.0,3.0,2.0,1.0,0.0,0.0,2.0,9.0,4.0,0.0,0.0,0.0,0.0,0.0,0.0,0.0,0.0,0.0,0.0,4.0,1.0,0.0,0.0,0.375,0.375,1.125,1.5,0.75,0.16666666666666666,,0.25,0.0,0.0,0.8,0.2,4.0,254.5,0.375,1.125,-1.0094401418393968,-0.02139999999999999,4.0,1.0,S1,2010,PHI,False,PHI,-0.027335151806436486
7.0,23.0,19.0,5.0,3.0,3.0,1.0,1.0,0.0,8.0,2.0,3.0,0.0,2.0,0.0,1.0,1.0,0.0,1.0,1.0,0.0,5.0,7.0,1.0,0.0,0.2631578947368421,0.34782608695652173,0.42105263157894735,0.7688787185354691,0.15789473684210525,0.2777777777777778,0.5,0.0,0.08695652173913043,0.13043478260869565,0.4,0.6,0.6666666666666666,244.4,0.34782608695652173,0.42105263157894735,0.3952506887566313,0.21500000000000002,6.0,9.0,S1,2011,PHI,False,PHI,0.2511505482109848
7.0,19.0,18.0,9.0,5.0,3.0,3.0,1.0,2.0,20.0,4.0,0.0,0.0,0.0,0.0,0.0,0.0,0.0,1.0,1.0,0.0,5.0,3.0,2.0,0.0,0.5,0.47368421052631576,1.1111111111111112,1.5847953216374269,0.6111111111111112,0.4117647058823529,,0.10526315789473684,0.0,0.0,0.5,0.5,1.0,204.73684210526315,0.47368421052631576,1.1111111111111112,3.7005313947411813,0.26199999999999996,6.0,6.0,S1,2014,ARI,False,ARI,0.5448741876206882
7.0,16.0,16.0,3.0,0.0,3.0,0.0,0.0,0.0,3.0,1.0,0.0,0.0,2.0,0.0,0.0,0.0,0.0,0.0,1.0,0.0,6.0,4.0,1.0,0.0,0.1875,0.1875,0.1875,0.375,0.0,0.21428571428571427,,0.0,0.125,0.0,0.5833333333333334,0.4166666666666667,1.4,299.875,0.1875,0.1875,-2.8043250187763777,-0.2079,7.0,5.0,S1,2015,ARI,False,ARI,-0.13321477712263138
7.0,20.0,19.0,4.0,1.0,4.0,0.0,0.0,0.0,4.0,1.0,1.0,0.0,5.0,0.0,0.0,0.0,0.0,0.0,0.0,1.0,5.0,3.0,1.0,0.0,0.21052631578947367,0.25,0.21052631578947367,0.4605263157894737,0.0,0.2857142857142857,,0.0,0.25,0.05,0.6,0.4,1.5,298.9,0.25,0.21052631578947367,-3.4836890478426157,-0.13680000000000003,6.0,4.0,S1,2021,PIT,False,PIT,-0.16434674884050357
7.0,19.0,18.0,2.0,1.0,1.0,0.0,0.0,1.0,5.0,1.0,1.0,0.0,2.0,0.0,0.0,0.0,0.0,0.0,1.0,0.0,5.0,6.0,3.0,0.0,0.1111111111111111,0.15789473684210525,0.2777777777777778,0.43567251461988304,0.16666666666666669,0.06666666666666667,,0.05263157894736842,0.10526315789473684,0.05263157894736842,0.4,0.6,0.6666666666666666,299.4736842105263,0.15789473684210525,0.2777777777777778,-3.625173437230491,-0.7381,6.0,9.0,S1,2025,OAK,False,OAK,-0.18769629557647902
7.0,20.0,17.0,8.0,2.0,3.0,4.0,0.0,1.0,15.0,2.0,3.0,0.0,3.0,0.0,0.0,0.0,0.0,0.0,0.0,0.0,1.0,5.0,0.0,0.0,0.47058823529411764,0.55,0.8823529411764706,1.4323529411764706,0.4117647058823529,0.5384615384615384,,0.05,0.15,0.15,0.16666666666666666,0.8333333333333334,0.2,178.4,0.55,0.8823529411764706,2.7272920906648968,0.34309999999999996,1.0,5.0,S1,2030,2TM,False,WAS,0.45675136501024766
1.0,2.0,2.0,1.0,1.0,0.0,0.0,0.0,1.0,4.0,1.0,0.0,0.0,1.0,0.0,0.0,0.0,0.0,0.0,0.0,0.0,0.0,0.0,0.0,0.0,0.5,0.5,2.0,2.5,1.5,,,0.5,0.5,0.0,,,,147.0,0.5,2.0,0.7987484737484738,0.056599999999999984,0.0,0.0,S1,2030,MIN,True,MIN,0.09827706296922319
6.0,18.0,15.0,7.0,1.0,3.0,4.0,0.0,0.0,11.0,1.0,3.0,0.0,2.0,0.0,0.0,0.0,0.0,0.0,0.0,0.0,1.0,5.0,0.0,0.0,0.4666666666666667,0.5555555555555556,0.7333333333333333,1.2888888888888888,0.2666666666666666,0.5384615384615384,,0.0,0.1111111111111111,0.16666666666666666,0.16666666666666666,0.8333333333333334,0.2,181.88888888888889,0.5555555555555556,0.7333333333333333,1.9285436169164232,0.28650000000000003,1.0,5.0,S1,2030,WAS,True,WAS,0.3584743020410245
4.0,11.0,11.0,2.0,1.0,2.0,0.0,0.0,0.0,2.0,0.0,0.0,0.0,4.0,0.0,0.0,0.0,0.0,0.0,0.0,0.0,3.0,2.0,0.0,0.0,0.18181818181818182,0.18181818181818182,0.18181818181818182,0.36363636363636365,0.0,0.2857142857142857,,0.0,0.36363636363636365,0.0,0.6,0.4,1.5,267.45454545454544,0.18181818181818182,0.18181818181818182,-1.9656376606046835,-0.2993,3.0,2.0,S1,2032,HOU,False,HOU,-0.09535158029140145
7.0,19.0,16.0,6.0,3.0,4.0,1.0,1.0,0.0,9.0,1.0,3.0,0.0,3.0,0.0,0.0,0.0,0.0,0.0,0.0,0.0,4.0,2.0,1.0,0.0,0.375,0.47368421052631576,0.5625,1.0361842105263157,0.1875,0.46153846153846156,,0.0,0.15789473684210525,0.15789473684210525,0.5714285714285714,0.42857142857142855,1.3333333333333333,220.0,0.47368421052631576,0.5625,4.5934556689763975,0.1775,4.0,3.0,S1,2033,2TM,False,ARI,0.6341666150442098
6.0,17.0,14.0,4.0,3.0,2.0,1.0,1.0,0.0,7.0,0.0,3.0,0.0,3.0,0.0,0.0,0.0,0.0,0.0,0.0,0.0,4.0,2.0,1.0,0.0,0.2857142857142857,0.4117647058823529,0.5,0.9117647058823529,0.2142857142857143,0.36363636363636365,,0.0,0.17647058823529413,0.17647058823529413,0.5714285714285714,0.42857142857142855,1.3333333333333333,238.05882352941177,0.4117647058823529,0.5,4.535536414318012,0.10499999999999998,4.0,3.0,S1,2033,PIT,True,PIT,0.6099724739839955
1.0,2.0,2.0,2.0,0.0,2.0,0.0,0.0,0.0,2.0,1.0,0.0,0.0,0.0,0.0,0.0,0.0,0.0,0.0,0.0,0.0,0.0,0.0,0.0,0.0,1.0,1.0,1.0,2.0,0.0,1.0,,0.0,0.0,0.0,,,,66.5,1.0,1.0,0.0579192546583851,0.07250000000000001,0.0,0.0,S1,2033,ARI,True,ARI,0.024194141060214308
7.0,17.0,15.0,2.0,1.0,1.0,1.0,0.0,0.0,3.0,3.0,1.0,0.0,3.0,0.0,0.0,0.0,0.0,1.0,0.0,0.0,8.0,1.0,2.0,0.0,0.13333333333333333,0.17647058823529413,0.2,0.3764705882352941,0.06666666666666668,0.15384615384615385,,0.0,0.17647058823529413,0.058823529411764705,0.6666666666666666,0.3333333333333333,2.0,330.7647058823529,0.17647058823529413,0.2,-0.8110551329960405,-0.14560000000000003,8.0,4.0,S1,2037,NYM,False,NYM,0.07531331925259024
4.0,9.0,8.0,2.0,0.0,2.0,0.0,0.0,0.0,2.0,1.0,1.0,0.0,2.0,1.0,1.0,0.0,0.0,0.0,2.0,0.0,2.0,2.0,0.0,0.0,0.25,0.3333333333333333,0.25,0.5833333333333333,0.0,0.3333333333333333,1.0,0.0,0.2222222222222222,0.1111111111111111,0.6666666666666666,0.3333333333333333,2.0,250.66666666666666,0.3333333333333333,0.25,-1.9555125541147675,-0.12360000000000003,4.0,2.0,S1,2039,PHI,False,PHI,-0.11274128523678566
7.0,22.0,21.0,9.0,5.0,9.0,0.0,0.0,0.0,9.0,3.0,1.0,0.0,6.0,0.0,1.0,1.0,0.0,0.0,0.0,0.0,2.0,3.0,1.0,0.0,0.42857142857142855,0.45454545454545453,0.42857142857142855,0.8831168831168831,0.0,0.6,0.5,0.0,0.2727272727272727,0.045454545454545456,0.3333333333333333,0.6666666666666666,0.5,227.33333333333334,0.45454545454545453,0.42857142857142855,2.997669872233906,0.05019999999999995,2.0,4.0,S1,2040,WAS,False,WAS,0.5021913587615244
4.0,7.0,7.0,3.0,1.0,3.0,0.0,0.0,0.0,3.0,1.0,0.0,0.0,2.0,0.0,0.0,0.0,0.0,0.0,0.0,0.0,1.0,1.0,0.0,0.0,0.42857142857142855,0.42857142857142855,0.42857142857142855,0.8571428571428571,0.0,0.6,,0.0,0.2857142857142857,0.0,0.5,0.5,1.0,233.0,0.42857142857142855,0.42857142857142855,-1.02177503883493,0.07139999999999996,1.0,1.0,S1,2042,2TM,False,PHI,-0.03776974930317771
2.0,4.0,4.0,2.0,1.0,2.0,0.0,0.0,0.0,2.0,1.0,0.0,0.0,0.0,0.0,0.0,0.0,0.0,0.0,0.0,0.0,1.0,1.0,0.0,0.0,0.5,0.5,0.5,1.0,0.0,0.5,,0.0,0.0,0.0,0.5,0.5,1.0,232.5,0.5,0.5,-0.9258948653685497,0.09529999999999997,1.0,1.0,S1,2042,DET,True,DET,-0.05578505534810337
2.0,3.0,3.0,1.0,0.0,1.0,0.0,0.0,0.0,1.0,0.0,0.0,0.0,2.0,0.0,0.0,0.0,0.0,0.0,0.0,0.0,0.0,0.0,0.0,0.0,0.3333333333333333,0.3333333333333333,0.3333333333333333,0.6666666666666666,0.0,1.0,,0.0,0.6666666666666666,0.0,,,,233.66666666666666,0.3333333333333333,0.3333333333333333,-0.09588017346638039,-0.023899999999999998,0.0,0.0,S1,2042,PHI,True,PHI,0.018015306044925655
6.0,17.0,15.0,7.0,4.0,4.0,2.0,1.0,0.0,11.0,1.0,2.0,0.0,2.0,0.0,1.0,2.0,0.0,0.0,0.0,0.0,2.0,4.0,0.0,0.0,0.4666666666666667,0.5294117647058824,0.7333333333333333,1.2627450980392156,0.2666666666666666,0.5384615384615384,0.3333333333333333,0.0,0.11764705882352941,0.11764705882352941,0.3333333333333333,0.6666666666666666,0.5,207.4,0.5294117647058824,0.7333333333333333,6.182057898825161,0.09879999999999999,2.0,4.0,S1,2051,WAS,False,WAS,0.7746246224347104
2.0,5.0,4.0,1.0,1.0,1.0,0.0,0.0,0.0,1.0,1.0,1.0,0.0,3.0,0.0,0.0,0.0,0.0,0.0,0.0,0.0,0.0,0.0,0.0,0.0,0.25,0.4,0.25,0.65,0.0,1.0,,0.0,0.6,0.2,,,,275.0,0.4,0.25,0.4218529929174608,-0.006300000000000014,0.0,0.0,S1,2052,WAS,False,WAS,0.08819083827768558
5.0,14.0,14.0,4.0,4.0,0.0,2.0,0.0,2.0,12.0,8.0,0.0,0.0,4.0,0.0,0.0,0.0,0.0,0.0,2.0,0.0,4.0,2.0,0.0,0.0,0.2857142857142857,0.2857142857142857,0.8571428571428571,1.1428571428571428,0.5714285714285714,0.25,,0.14285714285714285,0.2857142857142857,0.0,0.75,0.25,3.0,274.2857142857143,0.2857142857142857,0.8571428571428571,-2.0614356916586107,-0.008499999999999994,6.0,2.0,S1,2053,WAS,False,WAS,-0.07732806000523049
6.0,19.0,18.0,4.0,2.0,3.0,1.0,0.0,0.0,5.0,3.0,1.0,0.0,3.0,0.0,1.0,0.0,0.0,0.0,1.0,0.0,7.0,3.0,1.0,0.0,0.2222222222222222,0.2631578947368421,0.2777777777777778,0.5409356725146199,0.05555555555555558,0.26666666666666666,1.0,0.0,0.15789473684210525,0.05263157894736842,0.6666666666666666,0.3333333333333333,2.0,283.05,0.2631578947368421,0.2777777777777778,-1.8316545829847466,0.02149999999999995,8.0,4.0,S1,2055,WAS,False,WAS,-0.008344410151904569
1.0,3.0,2.0,1.0,1.0,0.0,0.0,0.0,1.0,4.0,3.0,0.0,0.0,0.0,0.0,0.0,0.0,0.0,1.0,0.0,0.0,1.0,1.0,0.0,0.0,0.5,0.3333333333333333,2.0,2.3333333333333335,1.5,0.0,,0.3333333333333333,0.0,0.0,0.3333333333333333,0.6666666666666666,0.5,241.0,0.3333333333333333,2.0,0.08940347092520995,0.10170000000000001,1.0,2.0,S1,2059,WAS,False,WAS,0.03654367048408469
7.0,17.0,15.0,6.0,2.0,2.0,2.0,1.0,1.0,13.0,4.0,2.0,0.0,3.0,0.0,0.0,0.0,0.0,0.0,1.0,0.0,1.0,3.0,2.0,0.0,0.4,0.47058823529411764,0.8666666666666667,1.3372549019607844,0.4666666666666667,0.45454545454545453,,0.058823529411764705,0.17647058823529413,0.11764705882352941,0.2857142857142857,0.7142857142857143,0.4,199.41176470588235,0.47058823529411764,0.8666666666666667,1.961839683951438,0.21390000000000006,2.0,5.0,S1,2060,NYM,False,NYM,0.3526028009473381
5.0,14.0,14.0,1.0,1.0,0.0,0.0,0.0,1.0,4.0,1.0,0.0,0.0,6.0,0.0,0.0,0.0,0.0,0.0,0.0,0.0,2.0,4.0,1.0,0.0,0.07142857142857142,0.07142857142857142,0.2857142857142857,0.3571428571428571,0.21428571428571427,0.0,,0.07142857142857142,0.42857142857142855,0.0,0.2857142857142857,0.7142857142857143,0.4,308.7857142857143,0.07142857142857142,0.2857142857142857,-2.9068760043496304,-0.42510000000000003,2.0,5.0,S1,2062,2TM,False,NYM,-0.16187209127433247
1.0,3.0,3.0,0.0,0.0,0.0,0.0,0.0,0.0,0.0,0.0,0.0,0.0,2.0,0.0,0.0,0.0,0.0,0.0,0.0,0.0,0.0,1.0,0.0,0.0,0.0,0.0,0.0,0.0,0.0,0.0,,0.0,0.6666666666666666,0.0,0.0,1.0,0.0,320.3333333333333,0.0,0.0,-0.7557237019101424,-0.0030999999999999995,0.0,1.0,S1,2062,WAS,True,WAS,-0.04796904679945054
4.0,11.0,11.0,1.0,1.0,0.0,0.0,0.0,1.0,4.0,1.0,0.0,0.0,4.0,0.0,0.0,0.0,0.0,0.0,0.0,0.0,2.0,3.0,1.0,0.0,0.09090909090909091,0.09090909090909091,0.36363636363636365,0.4545454545454546,0.2727272727272727,0.0,,0.09090909090909091,0.36363636363636365,0.0,0.3333333333333333,0.6666666666666666,0.5,305.6363636363636,0.09090909090909091,0.36363636363636365,-2.151152302439488,-0.42200000000000004,2.0,4.0,S1,2062,NYM,True,NYM,-0.11390304447488189
4.0,11.0,11.0,4.0,1.0,3.0,0.0,0.0,1.0,7.0,3.0,0.0,0.0,1.0,0.0,0.0,0.0,0.0,0.0,1.0,0.0,2.0,2.0,2.0,0.0,0.36363636363636365,0.36363636363636365,0.6363636363636364,1.0,0.2727272727272727,0.3333333333333333,,0.09090909090909091,0.09090909090909091,0.0,0.42857142857142855,0.5714285714285714,0.75,238.1818181818182,0.36363636363636365,0.6363636363636364,-1.7822227846503937,0.35509999999999997,3.0,4.0,S1,2063,NYM,False,NYM,-0.07701009269597248
3.0,5.0,5.0,0.0,0.0,0.0,0.0,0.0,0.0,0.0,0.0,0.0,0.0,3.0,0.0,0.0,0.0,0.0,0.0,1.0,0.0,2.0,0.0,0.0,0.0,0.0,0.0,0.0,0.0,0.0,0.0,,0.0,0.6,0.0,1.0,0.0,,364.2,0.0,0.0,-1.7602115608862237,-0.2188,3.0,0.0,S1,2065,MIN,False,MIN,-0.13001561710268286
7.0,20.0,19.0,7.0,3.0,4.0,0.0,0.0,3.0,16.0,5.0,1.0,0.0,3.0,0.0,0.0,0.0,0.0,0.0,0.0,0.0,2.0,7.0,0.0,0.0,0.3684210526315789,0.4,0.8421052631578947,1.2421052631578946,0.47368421052631576,0.3076923076923077,,0.15,0.15,0.05,0.2222222222222222,0.7777777777777778,0.2857142857142857,213.0,0.4,0.8421052631578947,0.8580583640738638,-0.03870000000000002,2.0,7.0,S1,2066,BAL,False,BAL,0.26982799235114435
7.0,22.0,18.0,8.0,3.0,5.0,2.0,0.0,1.0,13.0,8.0,4.0,0.0,1.0,0.0,1.0,0.0,0.0,0.0,1.0,0.0,4.0,4.0,1.0,0.0,0.4444444444444444,0.5454545454545454,0.7222222222222222,1.2676767676767677,0.2777777777777778,0.4375,1.0,0.045454545454545456,0.045454545454545456,0.18181818181818182,0.5,0.5,1.0,194.7391304347826,0.5454545454545454,0.7222222222222222,-0.19226840699065395,0.5172,5.0,5.0,S1,2070,PIT,False,PIT,0.1831975308390684
5.0,13.0,12.0,3.0,2.0,2.0,1.0,0.0,0.0,4.0,2.0,1.0,0.0,2.0,1.0,0.0,0.0,0.0,0.0,2.0,0.0,4.0,2.0,1.0,0.0,0.25,0.3076923076923077,0.3333333333333333,0.641025641025641,0.08333333333333331,0.3,,0.0,0.15384615384615385,0.07692307692307693,0.6666666666666666,0.3333333333333333,2.0,294.1818181818182,0.3076923076923077,0.3333333333333333,-0.9887113728216257,0.08969999999999999,6.0,3.0,S1,2073,PIT,False,PIT,0.020743264081280112
4.0,10.0,10.0,2.0,2.0,0.0,0.0,0.0,2.0,8.0,2.0,0.0,0.0,6.0,0.0,0.0,0.0,0.0,0.0,1.0,0.0,1.0,1.0,0.0,0.0,0.2,0.2,0.8,1.0,0.6000000000000001,0.0,,0.2,0.6,0.0,0.6666666666666666,0.3333333333333333,2.0,276.5,0.2,0.8,-0.2135563727238341,-0.15980000000000003,2.0,1.0,S1,2078,ARI,False,ARI,0.07065544069949559
4.0,9.0,9.0,1.0,1.0,0.0,1.0,0.0,0.0,2.0,0.0,0.0,0.0,3.0,0.0,0.0,0.0,0.0,0.0,1.0,0.0,1.0,4.0,0.0,0.0,0.1111111111111111,0.1111111111111111,0.2222222222222222,0.3333333333333333,0.1111111111111111,0.16666666666666666,,0.0,0.3333333333333333,0.0,0.3333333333333333,0.6666666666666666,0.5,246.77777777777777,0.1111111111111111,0.2222222222222222,0.04918854193493202,-0.17489999999999997,2.0,4.0,S1,2088,2TM,False,DET,0.0877288243681843
2.0,4.0,4.0,1.0,1.0,0.0,1.0,0.0,0.0,2.0,0.0,0.0,0.0,3.0,0.0,0.0,0.0,0.0,0.0,0.0,0.0,0.0,0.0,0.0,0.0,0.25,0.25,0.5,0.75,0.25,1.0,,0.0,0.75,0.0,,,,256.75,0.25,0.5,1.332837319050134,-0.007499999999999979,0.0,0.0,S1,2088,PHI,True,PHI,0.170088163093765
2.0,5.0,5.0,0.0,0.0,0.0,0.0,0.0,0.0,0.0,0.0,0.0,0.0,0.0,0.0,0.0,0.0,0.0,0.0,1.0,0.0,1.0,4.0,0.0,0.0,0.0,0.0,0.0,0.0,0.0,0.0,,0.0,0.0,0.0,0.3333333333333333,0.6666666666666666,0.5,238.8,0.0,0.0,-1.2836487771152019,-0.1674,2.0,4.0,S1,2088,DET,True,DET,-0.08235933872558068
4.0,12.0,10.0,2.0,1.0,1.0,0.0,1.0,0.0,4.0,1.0,1.0,0.0,2.0,1.0,0.0,0.0,0.0,1.0,1.0,0.0,2.0,3.0,2.0,0.0,0.2,0.25,0.4,0.65,0.2,0.2222222222222222,,0.0,0.16666666666666666,0.08333333333333333,0.3333333333333333,0.6666666666666666,0.5,280.3636363636364,0.25,0.4,-2.9800626158249663,-0.5275,3.0,6.0,S1,2089,DET,False,DET,-0.18759296801624187
3.0,8.0,7.0,3.0,0.0,2.0,1.0,0.0,0.0,4.0,2.0,0.0,0.0,2.0,0.0,0.0,0.0,0.0,1.0,0.0,0.0,0.0,2.0,1.0,0.0,0.42857142857142855,0.375,0.5714285714285714,0.9464285714285714,0.14285714285714285,0.5,,0.0,0.25,0.0,0.0,1.0,0.0,224.5,0.375,0.5714285714285714,-1.5001113252764777,-0.004799999999999978,0.0,4.0,S1,2091,DET,False,DET,-0.07640227015014459
7.0,16.0,15.0,3.0,1.0,2.0,1.0,0.0,0.0,4.0,1.0,1.0,0.0,2.0,0.0,0.0,0.0,0.0,0.0,2.0,0.0,5.0,4.0,1.0,0.0,0.2,0.25,0.26666666666666666,0.5166666666666666,0.06666666666666665,0.23076923076923078,,0.0,0.125,0.0625,0.5833333333333334,0.4166666666666667,1.4,283.375,0.25,0.26666666666666666,-2.3592118585026096,-0.21989999999999996,7.0,5.0,S1,2095,OAK,False,OAK,-0.08870346109525458
7.0,19.0,19.0,4.0,2.0,3.0,0.0,1.0,0.0,6.0,2.0,0.0,0.0,3.0,1.0,0.0,0.0,0.0,0.0,1.0,0.0,7.0,4.0,1.0,0.0,0.21052631578947367,0.21052631578947367,0.3157894736842105,0.5263157894736842,0.10526315789473684,0.25,,0.0,0.15789473684210525,0.0,0.6153846153846154,0.38461538461538464,1.6,289.27777777777777,0.21052631578947367,0.3157894736842105,-0.7770146284101822,-0.18920000000000006,8.0,5.0,S1,2096,OAK,False,OAK,0.09711958530555187
6.0,18.0,17.0,2.0,0.0,2.0,0.0,0.0,0.0,2.0,0.0,1.0,0.0,10.0,1.0,0.0,0.0,0.0,0.0,0.0,0.0,0.0,4.0,1.0,0.0,0.11764705882352941,0.16666666666666666,0.11764705882352941,0.28431372549019607,0.0,0.2857142857142857,,0.0,0.5555555555555556,0.05555555555555555,0.0,1.0,0.0,276.3529411764706,0.16666666666666666,0.11764705882352941,-3.028492436547885,-0.37220000000000003,0.0,5.0,S1,2101,2TM,False,ARI,-0.1372293033054063
5.0,16.0,15.0,1.0,0.0,1.0,0.0,0.0,0.0,1.0,0.0,1.0,0.0,9.0,1.0,0.0,0.0,0.0,0.0,0.0,0.0,0.0,4.0,1.0,0.0,0.06666666666666667,0.125,0.06666666666666667,0.19166666666666665,0.0,0.16666666666666666,,0.0,0.5625,0.0625,0.0,1.0,0.0,282.73333333333335,0.125,0.06666666666666667,-3.551194118288468,-0.4576,0.0,5.0,S1,2101,TOR,True,TOR,-0.20790168707384044
1.0,2.0,2.0,1.0,0.0,1.0,0.0,0.0,0.0,1.0,0.0,0.0,0.0,1.0,0.0,0.0,0.0,0.0,0.0,0.0,0.0,0.0,0.0,0.0,0.0,0.5,0.5,0.5,1.0,0.0,1.0,,0.0,0.5,0.0,,,,228.5,0.5,0.5,0.5227016817405833,0.0854,0.0,0.0,S1,2101,ARI,True,ARI,0.07067238376843413
7.0,19.0,17.0,9.0,6.0,4.0,3.0,0.0,2.0,18.0,3.0,2.0,0.0,2.0,0.0,0.0,0.0,0.0,0.0,2.0,0.0,2.0,4.0,0.0,0.0,0.5294117647058824,0.5789473684210527,1.0588235294117647,1.6377708978328174,0.5294117647058824,0.5384615384615384,,0.10526315789473684,0.10526315789473684,0.10526315789473684,0.5,0.5,1.0,171.26315789473685,0.5789473684210527,1.0588235294117647,5.417437825689504,0.3325,4.0,4.0,S1,2103,OAK,False,OAK,0.7165648307155206
7.0,22.0,22.0,5.0,2.0,4.0,0.0,0.0,1.0,8.0,2.0,0.0,0.0,2.0,0.0,0.0,0.0,0.0,0.0,1.0,0.0,9.0,4.0,2.0,0.0,0.22727272727272727,0.22727272727272727,0.36363636363636365,0.5909090909090909,0.13636363636363638,0.21052631578947367,,0.045454545454545456,0.09090909090909091,0.0,0.625,0.375,1.6666666666666667,308.27272727272725,0.22727272727272727,0.36363636363636365,-3.414267757676974,-0.44759999999999994,10.0,6.0,S1,2107,NYM,False,NYM,-0.13900240422956361
4.0,12.0,10.0,4.0,3.0,3.0,0.0,0.0,1.0,7.0,5.0,2.0,0.0,2.0,0.0,0.0,0.0,0.0,0.0,0.0,0.0,1.0,3.0,0.0,0.0,0.4,0.5,0.7,1.2,0.29999999999999993,0.42857142857142855,,0.08333333333333333,0.16666666666666666,0.16666666666666666,0.25,0.75,0.3333333333333333,203.33333333333334,0.5,0.7,-2.327216610780878,0.0905,1.0,3.0,S1,2108,HOU,False,HOU,-0.12230836751183301
7.0,12.0,10.0,4.0,3.0,1.0,0.0,0.0,3.0,13.0,6.0,2.0,0.0,2.0,0.0,0.0,0.0,0.0,0.0,0.0,0.0,1.0,2.0,1.0,0.0,0.4,0.5,1.3,1.8,0.9,0.2,,0.25,0.16666666666666666,0.16666666666666666,0.25,0.75,0.3333333333333333,201.5,0.5,1.3,1.6856213277474832,0.2913,1.0,3.0,S1,2111,PHI,False,PHI,0.2789754263410031
7.0,18.0,16.0,5.0,0.0,5.0,0.0,0.0,0.0,5.0,4.0,2.0,0.0,7.0,0.0,0.0,0.0,0.0,0.0,0.0,0.0,0.0,3.0,1.0,0.0,0.3125,0.3888888888888889,0.3125,0.7013888888888888,0.0,0.5555555555555556,,0.0,0.3888888888888889,0.1111111111111111,0.0,1.0,0.0,248.88888888888889,0.3888888888888889,0.3125,-1.0638910729892683,-0.07249999999999998,0.0,4.0,S1,2114,2TM,False,MIN,0.05923083305045536
6.0,17.0,15.0,5.0,0.0,5.0,0.0,0.0,0.0,5.0,4.0,2.0,0.0,6.0,0.0,0.0,0.0,0.0,0.0,0.0,0.0,0.0,3.0,1.0,0.0,0.3333333333333333,0.4117647058823529,0.3333333333333333,0.7450980392156863,0.0,0.5555555555555556,,0.0,0.35294117647058826,0.11764705882352941,0.0,1.0,0.0,239.1764705882353,0.4117647058823529,0.3333333333333333,-0.5996053587035539,-0.04159999999999999,0.0,4.0,S1,2114,TOR,True,TOR,0.09645829668183889
1.0,1.0,1.0,0.0,0.0,0.0,0.0,0.0,0.0,0.0,0.0,0.0,0.0,1.0,0.0,0.0,0.0,0.0,0.0,0.0,0.0,0.0,0.0,0.0,0.0,0.0,0.0,0.0,0.0,0.0,,,0.0,1.0,0.0,,,,414.0,0.0,0.0,-0.4642857142857143,-0.030899999999999997,0.0,0.0,S1,2114,MIN,True,MIN,-0.03722746363138353
5.0,11.0,10.0,5.0,3.0,2.0,2.0,0.0,1.0,10.0,4.0,0.0,0.0,2.0,0.0,0.0,1.0,0.0,1.0,1.0,0.0,3.0,1.0,0.0,0.0,0.5,0.45454545454545453,1.0,1.4545454545454546,0.5,0.5,0.0,0.09090909090909091,0.18181818181818182,0.0,0.6666666666666666,0.3333333333333333,2.0,255.58333333333334,0.45454545454545453,1.0,1.2848212779175041,0.2607999999999999,4.0,2.0,S1,2124,MIN,False,MIN,0.22969431356081732
3.0,7.0,7.0,3.0,1.0,1.0,1.0,0.0,1.0,7.0,2.0,0.0,0.0,1.0,0.0,0.0,0.0,0.0,0.0,0.0,0.0,1.0,2.0,0.0,0.0,0.42857142857142855,0.42857142857142855,1.0,1.4285714285714286,0.5714285714285714,0.4,,0.14285714285714285,0.14285714285714285,0.0,0.3333333333333333,0.6666666666666666,0.5,191.85714285714286,0.42857142857142855,1.0,-0.7443469876342312,0.02030000000000004,1.0,2.0,S1,2125,MIN,False,MIN,-0.010026944183107834
5.0,13.0,13.0,6.0,1.0,5.0,1.0,0.0,0.0,7.0,1.0,0.0,0.0,1.0,0.0,0.0,0.0,0.0,0.0,2.0,0.0,4.0,2.0,0.0,0.0,0.46153846153846156,0.46153846153846156,0.5384615384615384,1.0,0.07692307692307687,0.5,,0.0,0.07692307692307693,0.0,0.75,0.25,3.0,238.6153846153846,0.46153846153846156,0.5384615384615384,0.27461043710732225,-0.09119999999999999,6.0,2.0,S1,2126,MIN,False,MIN,0.14707544507417492
7.0,17.0,16.0,4.0,0.0,4.0,0.0,0.0,0.0,4.0,0.0,1.0,0.0,2.0,0.0,0.0,0.0,0.0,0.0,0.0,0.0,4.0,6.0,0.0,0.0,0.25,0.29411764705882354,0.25,0.5441176470588236,0.0,0.2857142857142857,,0.0,0.11764705882352941,0.058823529411764705,0.4,0.6,0.6666666666666666,272.47058823529414,0.29411764705882354,0.25,-0.7385415626208455,-0.3432,4.0,6.0,S1,2127,MIN,False,MIN,0.08256467629010975
7.0,20.0,18.0,6.0,1.0,4.0,1.0,0.0,1.0,10.0,2.0,2.0,0.0,6.0,0.0,0.0,1.0,0.0,0.0,0.0,0.0,2.0,4.0,0.0,0.0,0.3333333333333333,0.4,0.5555555555555556,0.9555555555555556,0.22222222222222227,0.45454545454545453,0.0,0.05,0.3,0.1,0.3333333333333333,0.6666666666666666,0.5,231.23809523809524,0.4,0.5555555555555556,-0.7513553289512864,0.2501,2.0,4.0,S1,2128,MIN,False,MIN,0.10888662304862935
5.0,9.0,7.0,1.0,1.0,0.0,1.0,0.0,0.0,2.0,0.0,2.0,0.0,4.0,1.0,0.0,0.0,0.0,0.0,0.0,0.0,2.0,0.0,0.0,0.0,0.14285714285714285,0.3333333333333333,0.2857142857142857,0.6190476190476191,0.14285714285714285,0.3333333333333333,,0.0,0.4444444444444444,0.2222222222222222,1.0,0.0,,260.375,0.3333333333333333,0.2857142857142857,0.9145600367852441,-0.12220000000000002,2.0,0.0,S1,2132,ARI,False,ARI,0.17426597385321552
5.0,11.0,11.0,5.0,2.0,3.0,1.0,0.0,1.0,9.0,2.0,0.0,0.0,2.0,0.0,0.0,0.0,0.0,0.0,0.0,0.0,3.0,1.0,0.0,0.0,0.45454545454545453,0.45454545454545453,0.8181818181818182,1.2727272727272727,0.3636363636363637,0.5,,0.09090909090909091,0.18181818181818182,0.0,0.75,0.25,3.0,220.8181818181818,0.45454545454545453,0.8181818181818182,0.9702941384086412,-0.017699999999999994,3.0,1.0,S1,2136,ARI,False,ARI,0.198241599609931
7.0,19.0,17.0,4.0,4.0,1.0,2.0,0.0,1.0,9.0,4.0,2.0,0.0,5.0,0.0,0.0,0.0,0.0,0.0,1.0,0.0,5.0,3.0,0.0,0.0,0.23529411764705882,0.3157894736842105,0.5294117647058824,0.8452012383900929,0.29411764705882354,0.2727272727272727,,0.05263157894736842,0.2631578947368421,0.10526315789473684,0.6666666666666666,0.3333333333333333,2.0,270.4736842105263,0.3157894736842105,0.5294117647058824,0.9700720228529014,-0.09809999999999998,6.0,3.0,S1,2139,OAK,False,OAK,0.2718282504318602
4.0,11.0,11.0,2.0,2.0,0.0,0.0,0.0,2.0,8.0,2.0,0.0,0.0,6.0,0.0,0.0,0.0,0.0,0.0,1.0,0.0,2.0,1.0,0.0,0.0,0.18181818181818182,0.18181818181818182,0.7272727272727273,0.9090909090909092,0.5454545454545454,0.0,,0.18181818181818182,0.5454545454545454,0.0,0.75,0.25,3.0,304.6363636363636,0.18181818181818182,0.7272727272727273,-2.0936513806237476,-0.2476,3.0,1.0,S1,2143,WAS,False,WAS,-0.10815295229330786
5.0,11.0,10.0,3.0,1.0,2.0,0.0,0.0,1.0,6.0,3.0,1.0,1.0,2.0,0.0,0.0,0.0,0.0,0.0,1.0,0.0,2.0,2.0,1.0,0.0,0.3,0.36363636363636365,0.6,0.9636363636363636,0.3,0.2857142857142857,,0.09090909090909091,0.18181818181818182,0.09090909090909091,0.5,0.5,1.0,259.3,0.36363636363636365,0.6,-0.49693219738084493,0.04669999999999999,3.0,3.0,S1,2147,OAK,False,OAK,0.051518966030982404
1.0,2.0,2.0,0.0,0.0,0.0,0.0,0.0,0.0,0.0,0.0,0.0,0.0,1.0,0.0,0.0,0.0,0.0,0.0,0.0,0.0,0.0,1.0,0.0,0.0,0.0,0.0,0.0,0.0,0.0,0.0,,0.0,0.5,0.0,0.0,1.0,0.0,293.5,0.0,0.0,-0.8706521739130435,-0.0201,0.0,1.0,S1,2151,WAS,False,WAS,-0.06866300179692855
6.0,15.0,13.0,2.0,3.0,0.0,1.0,0.0,1.0,6.0,3.0,2.0,0.0,4.0,1.0,0.0,0.0,0.0,0.0,1.0,0.0,4.0,3.0,0.0,0.0,0.15384615384615385,0.26666666666666666,0.46153846153846156,0.7282051282051283,0.3076923076923077,0.125,,0.06666666666666667,0.26666666666666666,0.13333333333333333,0.625,0.375,1.6666666666666667,274.64285714285717,0.26666666666666666,0.46153846153846156,0.21527839490712897,-0.5665,5.0,3.0,S1,2166,HOU,False,HOU,0.15954445644853138
1.0,1.0,1.0,0.0,0.0,0.0,0.0,0.0,0.0,0.0,0.0,0.0,0.0,1.0,1.0,0.0,0.0,0.0,0.0,0.0,0.0,0.0,0.0,0.0,0.0,0.0,0.0,0.0,0.0,0.0,,,0.0,1.0,0.0,,,,,0.0,0.0,-1.1153846153846154,-0.0048,0.0,0.0,S1,2184,ARI,False,ARI,-0.10233735374127365
3.0,8.0,8.0,1.0,0.0,1.0,0.0,0.0,0.0,1.0,0.0,0.0,0.0,0.0,0.0,0.0,0.0,0.0,0.0,2.0,0.0,5.0,2.0,0.0,0.0,0.125,0.125,0.125,0.25,0.0,0.125,,0.0,0.0,0.0,0.7777777777777778,0.2222222222222222,3.5,334.25,0.125,0.125,-2.0300084100999434,-0.30160000000000003,7.0,2.0,S1,2186,PHI,False,PHI,-0.12939197863249113
3.0,9.0,8.0,2.0,2.0,0.0,0.0,2.0,0.0,6.0,3.0,1.0,0.0,3.0,0.0,0.0,0.0,0.0,0.0,0.0,0.0,2.0,1.0,0.0,0.0,0.25,0.3333333333333333,0.75,1.0833333333333333,0.5,0.4,,0.0,0.3333333333333333,0.1111111111111111,0.6666666666666666,0.3333333333333333,2.0,252.11111111111111,0.3333333333333333,0.75,0.8888925290408756,0.14039999999999997,2.0,1.0,S1,2201,WAS,False,WAS,0.17169922307877866
4.0,9.0,9.0,3.0,0.0,2.0,1.0,0.0,0.0,4.0,0.0,0.0,0.0,5.0,2.0,0.0,0.0,0.0,0.0,0.0,0.0,1.0,0.0,0.0,0.0,0.3333333333333333,0.3333333333333333,0.4444444444444444,0.7777777777777777,0.1111111111111111,0.75,,0.0,0.5555555555555556,0.0,1.0,0.0,,230.57142857142858,0.3333333333333333,0.4444444444444444,-1.2695887260838603,-0.0025000000000000022,1.0,0.0,S1,2202,HOU,False,HOU,-0.04414890243369494
4.0,12.0,11.0,4.0,3.0,2.0,2.0,0.0,0.0,6.0,0.0,1.0,0.0,5.0,0.0,1.0,0.0,0.0,0.0,0.0,0.0,1.0,1.0,0.0,0.0,0.36363636363636365,0.4166666666666667,0.5454545454545454,0.9621212121212122,0.18181818181818177,0.6666666666666666,1.0,0.0,0.4166666666666667,0.08333333333333333,0.5,0.5,1.0,228.53846153846155,0.4166666666666667,0.5454545454545454,2.5626189397194157,0.005200000000000001,1.0,1.0,S1,2203,WAS,False,WAS,0.36667518753819633
4.0,12.0,8.0,5.0,4.0,1.0,1.0,1.0,2.0,14.0,4.0,3.0,0.0,2.0,0.0,1.0,1.0,0.0,1.0,0.0,0.0,1.0,1.0,0.0,0.0,0.625,0.6666666666666666,1.75,2.4166666666666665,1.125,0.6,0.5,0.16666666666666666,0.16666666666666666,0.25,0.3333333333333333,0.6666666666666666,0.5,173.14285714285714,0.6666666666666666,1.75,4.61224952774648,0.2285,1.0,2.0,S1,2271,PIT,False,PIT,0.5716382463409028
