G,PA,AB,H,R,1B,2B,3B,HR,TB,RBI,BB,IBB,K,Auto K,SB,CS,SH,SF,GIDP,RGO,LGO,FO,PO,LO,AVG,OBP,SLG,OPS,ISO,BABIP,SB%,HR%,SO%,BB%,GB%,FB%,GB/FB,Avg Diff,nOBP,nSLG,RE24,WPA,GB_outs,FB_outs,Type,nPA,nAB,nH,nTB,nBB,nSF,nSH,Season,Hitter ID,is_sub_row,Team,Last Team,WAR
2,6,4,1,1,1,0,0,0,1,1,2,0,0,0,0,0,0,0,0,2,0,1,0,0,0.25,0.5,0.25,0.75,0.0,0.25,,0.0,0.0,0.3333333333333333,0.6666666666666666,0.3333333333333333,2.0,234.33333333333334,0.5,0.25,0.40486884736061934,-0.04159999999999999,2,1,TT,6,4,1,1,2,0,0,S12,1.0,False,STL,STL,0.07144326057498811
1,2,1,0,0,0,0,0,0,0,0,1,0,1,0,0,0,0,0,0,0,0,0,0,0,0.0,0.5,0.0,0.5,0.0,,,0.0,0.5,0.5,,,,241.5,0.5,0.0,-0.10242698477992607,0.07500000000000001,0,0,BC,2,1,0,0,1,0,0,S12,10.0,False,TBR,TBR,7.609346831611713e-05
1,2,1,0,0,0,0,0,0,0,0,1,0,1,0,0,0,0,0,0,0,0,0,0,0,0.0,0.5,0.0,0.5,0.0,,,0.0,0.5,0.5,,,,240.5,0.5,0.0,0.030975274725274726,0.0165,0,0,TT,2,1,0,0,1,0,0,S12,14.0,False,OAK,OAK,0.013416319418836198
1,2,2,0,0,0,0,0,0,0,0,0,0,1,0,0,0,0,0,0,1,0,0,0,0,0.0,0.0,0.0,0.0,0.0,0.0,,0.0,0.5,0.0,1.0,0.0,,356.0,0.0,0.0,-0.3648632258546051,-0.0168,1,0,WC,2,2,0,0,0,0,0,S12,20.0,False,PHI,PHI,-0.02616753063915179
2,5,5,3,1,1,1,0,1,7,2,0,0,1,0,1,0,0,0,0,1,0,0,0,0,0.6,0.6,1.4,2.0,0.7999999999999999,0.6666666666666666,1.0,0.2,0.2,0.0,1.0,0.0,,141.83333333333334,0.6,1.4,1.8654952791034423,0.1318,1,0,EN,5,5,3,7,0,0,0,S12,32.0,False,BAL,BAL,0.21234650777611605
2,6,3,1,1,0,1,0,0,2,0,3,0,0,0,0,0,0,0,1,0,1,1,0,0,0.3333333333333333,0.6666666666666666,0.6666666666666666,1.3333333333333333,0.3333333333333333,0.3333333333333333,,0.0,0.0,0.5,0.6666666666666666,0.3333333333333333,2.0,197.0,0.6666666666666666,0.6666666666666666,0.5551389067957516,0.2323,2,1,WC,6,3,1,2,3,0,0,S12,34.0,False,BOS,BOS,0.08647026651850134
1,1,1,0,0,0,0,0,0,0,0,0,0,0,0,0,0,0,0,0,0,0,1,0,0,0.0,0.0,0.0,0.0,0.0,0.0,,0.0,0.0,0.0,0.0,1.0,0.0,201.0,0.0,0.0,-0.35576923076923084,-0.0364,0,1,BC,1,1,0,0,0,0,0,S12,48.0,False,SFG,SFG,-0.030417527103768723
2,5,4,3,2,2,0,1,0,5,1,1,0,0,0,0,0,0,0,0,1,0,0,0,0,0.75,0.8,1.25,2.05,0.5,0.75,,0.0,0.0,0.2,1.0,0.0,,159.8,0.8,1.25,2.423338728092234,0.17650000000000002,1,0,XB,5,4,3,5,1,0,0,S12,54.0,False,SFG,SFG,0.26813085267499515
2,3,3,1,1,1,0,0,0,1,0,0,0,0,0,0,0,0,0,0,0,0,0,2,0,0.3333333333333333,0.3333333333333333,0.3333333333333333,0.6666666666666666,0.0,0.3333333333333333,,0.0,0.0,0.0,0.0,1.0,0.0,226.33333333333334,0.3333333333333333,0.3333333333333333,-0.13250715932203183,0.008199999999999999,0,2,BC,3,3,1,1,0,0,0,S12,65.0,False,PHI,PHI,0.002227471987259902
1,3,2,0,0,0,0,0,0,0,0,1,0,1,0,0,0,0,0,0,0,0,0,1,0,0.0,0.3333333333333333,0.0,0.3333333333333333,0.0,0.0,,0.0,0.3333333333333333,0.3333333333333333,0.0,1.0,0.0,243.0,0.3333333333333333,0.0,-0.04294656840288502,-0.028499999999999998,0,1,SF,3,2,0,0,1,0,0,S12,66.0,False,SEA,SEA,0.011183531079174584
2,5,5,2,1,2,0,0,0,2,0,0,0,2,0,0,0,0,0,0,0,0,1,0,0,0.4,0.4,0.4,0.8,0.0,0.6666666666666666,,0.0,0.4,0.0,0.0,1.0,0.0,203.0,0.4,0.4,-0.43161871201884217,-0.10379999999999998,0,1,WC,5,5,2,2,0,0,0,S12,68.0,False,CHC,CHC,-0.01736489133611241
2,4,3,0,0,0,0,0,0,0,0,1,0,1,0,0,0,0,0,0,0,2,0,0,0,0.0,0.25,0.0,0.25,0.0,0.0,,0.0,0.25,0.25,1.0,0.0,,368.0,0.25,0.0,-0.04555154642581433,0.009000000000000005,2,0,1B,4,3,0,0,1,0,0,S12,71.0,False,TOR,TOR,0.016082429250036015
2,4,3,1,2,1,0,0,0,1,0,1,0,1,0,0,0,0,0,0,1,0,0,0,0,0.3333333333333333,0.5,0.3333333333333333,0.8333333333333333,0.0,0.5,,0.0,0.25,0.25,1.0,0.0,,235.5,0.5,0.3333333333333333,0.4577220642931027,0.01500000000000001,1,0,BP,4,3,1,1,1,0,0,S12,80.0,False,COL,COL,0.06640979032192772
1,1,1,1,0,1,0,0,0,1,1,0,0,0,0,0,0,0,0,0,0,0,0,0,0,1.0,1.0,1.0,2.0,0.0,1.0,,0.0,0.0,0.0,,,,90.0,1.0,1.0,0.525,0.1207,0,0,BC,1,1,1,1,0,0,0,S12,81.0,False,COL,COL,0.05765939597315436
1,4,3,0,1,0,0,0,0,0,0,1,0,1,0,0,0,0,0,0,0,1,1,0,0,0.0,0.25,0.0,0.25,0.0,0.0,,0.0,0.25,0.25,0.5,0.5,1.0,276.5,0.25,0.0,-0.3753931697775225,-0.0023999999999999994,1,1,1B,4,3,0,0,1,0,0,S12,82.0,False,COL,COL,-0.016901733085134804
1,1,1,1,1,0,1,0,0,2,0,0,0,0,0,0,0,0,0,0,0,0,0,0,0,1.0,1.0,2.0,3.0,1.0,1.0,,0.0,0.0,0.0,,,,66.0,1.0,2.0,0.25552825552825553,0.050300000000000004,0,0,BP,1,1,1,2,0,0,0,S12,84.0,False,COL,COL,0.030712221525979917
2,4,3,1,1,0,0,0,1,4,2,1,0,0,0,0,0,0,0,0,0,1,1,0,0,0.3333333333333333,0.5,1.3333333333333333,1.8333333333333333,1.0,0.0,,0.25,0.0,0.25,0.5,0.5,1.0,196.25,0.5,1.3333333333333333,1.5576298701298703,0.1709,1,1,EN,4,3,1,4,1,0,0,S12,89.0,False,COL,COL,0.1764005709056045
2,5,4,1,2,0,0,0,1,4,2,1,0,1,0,0,0,0,0,0,0,2,0,0,0,0.25,0.4,1.0,1.4,0.75,0.0,,0.2,0.2,0.2,1.0,0.0,,267.8,0.4,1.0,0.6626180836707153,0.22640000000000002,2,0,TT,5,4,1,4,1,0,0,S12,91.0,False,SDP,SDP,0.09205878823284333
2,5,4,1,1,0,1,0,0,2,0,1,0,1,0,0,0,0,0,0,1,0,1,0,0,0.25,0.4,0.5,0.9,0.25,0.3333333333333333,,0.0,0.2,0.2,0.5,0.5,1.0,246.0,0.4,0.5,-0.1369254661232273,0.009200000000000014,1,1,WC,5,4,1,2,1,0,0,S12,93.0,False,ARI,ARI,0.012104433253449075
1,1,1,0,0,0,0,0,0,0,0,0,0,0,0,0,0,0,0,0,0,0,0,1,0,0.0,0.0,0.0,0.0,0.0,0.0,,0.0,0.0,0.0,0.0,1.0,0.0,386.0,0.0,0.0,-0.2211850649350649,-0.0227,0,1,SM,1,1,0,0,0,0,0,S12,99.0,False,DET,DET,-0.01695911052035213
1,3,2,0,0,0,0,0,0,0,0,1,0,0,0,0,1,0,0,0,0,0,1,1,0,0.0,0.3333333333333333,0.0,0.3333333333333333,0.0,0.0,0.0,0.0,0.0,0.3333333333333333,0.0,1.0,0.0,305.0,0.3333333333333333,0.0,-0.8423701298701299,-0.0694,0,2,BN,3,2,0,0,1,0,0,S12,104.0,False,DET,DET,-0.0687588250675499
2,5,5,2,0,1,1,0,0,3,2,0,0,3,0,0,0,0,0,0,0,0,0,0,0,0.4,0.4,0.6,1.0,0.19999999999999996,1.0,,0.0,0.6,0.0,,,,206.6,0.4,0.6,0.10632183908045978,0.12860000000000002,0,0,BC,5,5,2,3,0,0,0,S12,108.0,False,HOU,HOU,0.03642916377381779
2,5,5,0,0,0,0,0,0,0,0,0,0,4,0,0,0,0,0,0,1,0,0,0,0,0.0,0.0,0.0,0.0,0.0,0.0,,0.0,0.8,0.0,1.0,0.0,,314.8,0.0,0.0,-1.5596745164166594,-0.1066,1,0,HK,5,5,0,0,0,0,0,S12,113.0,False,HOU,HOU,-0.13017047177589414
2,5,4,1,0,1,0,0,0,1,0,1,0,0,0,0,0,0,0,0,2,0,0,1,0,0.25,0.4,0.25,0.65,0.0,0.25,,0.0,0.0,0.2,0.6666666666666666,0.3333333333333333,2.0,281.8,0.4,0.25,0.26070887361455314,-0.051199999999999996,2,1,1B,5,4,1,1,1,0,0,S12,119.0,False,HOU,HOU,0.05186786722722712
2,3,3,2,0,1,0,1,0,4,0,0,0,0,0,0,0,0,0,0,1,0,0,0,0,0.6666666666666666,0.6666666666666666,1.3333333333333333,2.0,0.6666666666666666,0.6666666666666666,,0.0,0.0,0.0,1.0,0.0,,159.66666666666666,0.6666666666666666,1.6666666666666667,0.6590662644663946,0.1519,1,0,SF,3,3,2,5,0,0,0,S12,127.0,False,OAK,OAK,0.08138481436610254
2,4,3,0,1,0,0,0,0,0,0,1,0,0,0,0,0,0,0,0,0,0,2,1,0,0.0,0.25,0.0,0.25,0.0,0.0,,0.0,0.0,0.25,0.0,1.0,0.0,233.75,0.0,0.0,-0.7814066416040101,-0.07939999999999998,0,3,1B,4,4,0,0,0,0,0,S12,130.0,False,KCR,KCR,-0.05750308026778356
2,5,4,1,2,0,0,0,1,4,1,1,0,0,0,0,0,0,0,0,1,1,0,1,0,0.25,0.4,1.0,1.4,0.75,0.0,,0.2,0.0,0.2,0.6666666666666666,0.3333333333333333,2.0,278.6,0.4,1.0,0.7252375213704103,0.014700000000000001,2,1,S,5,4,1,4,1,0,0,S12,138.0,False,NYY,NYY,0.09832073200281284
1,1,1,1,1,1,0,0,0,1,0,0,0,0,0,0,0,0,0,0,0,0,0,0,0,1.0,1.0,1.0,2.0,0.0,1.0,,0.0,0.0,0.0,,,,119.0,1.0,1.0,0.4391080617495712,0.0276,0,0,EN,1,1,1,1,0,0,0,S12,140.0,False,KCR,KCR,0.04907020214811148
2,4,4,1,1,0,1,0,0,2,0,0,0,0,0,0,0,0,0,1,1,1,1,0,0,0.25,0.25,0.5,0.75,0.25,0.25,,0.0,0.0,0.0,0.75,0.25,3.0,301.5,0.25,0.25,-1.5220571891485037,-0.014099999999999988,3,1,BC,4,4,1,1,0,0,0,S12,151.0,False,KCR,KCR,-0.1315681350222329
2,5,5,1,1,0,1,0,0,2,1,0,0,0,0,0,0,0,0,0,1,1,1,1,0,0.2,0.2,0.4,0.6000000000000001,0.2,0.2,,0.0,0.0,0.0,0.5,0.5,1.0,306.4,0.2,0.4,0.09697133966987337,0.029600000000000005,2,2,BN,5,5,1,2,0,0,0,S12,161.0,False,SDP,SDP,0.03549411383275915
2,5,5,2,1,1,1,0,0,3,0,0,0,1,0,0,0,0,0,0,0,2,0,0,0,0.4,0.4,0.6,1.0,0.19999999999999996,0.5,,0.0,0.2,0.0,1.0,0.0,,278.2,0.4,0.6,-0.06954956867530065,0.0011999999999999962,2,0,1B,5,5,2,3,0,0,0,S12,163.0,False,LAD,LAD,0.018842022998241743
1,2,2,0,0,0,0,0,0,0,0,0,0,1,0,0,0,0,0,0,0,1,0,0,0,0.0,0.0,0.0,0.0,0.0,0.0,,0.0,0.5,0.0,1.0,0.0,,376.5,0.0,0.0,-0.49268547544409613,-0.0528,1,0,BN,2,2,0,0,0,0,0,S12,168.0,False,LAD,LAD,-0.03894975559810089
1,3,2,0,1,0,0,0,0,0,0,1,0,0,0,0,0,0,0,0,0,1,0,1,0,0.0,0.3333333333333333,0.0,0.3333333333333333,0.0,0.0,,0.0,0.0,0.3333333333333333,0.5,0.5,1.0,336.3333333333333,0.0,0.0,0.16907342572910516,0.09699999999999999,1,1,BC,3,3,0,0,0,0,0,S12,170.0,False,LAD,LAD,0.0323855304923736
1,2,2,0,0,0,0,0,0,0,0,0,0,2,0,0,0,0,0,0,0,0,0,0,0,0.0,0.0,0.0,0.0,0.0,,,0.0,1.0,0.0,,,,299.5,0.0,0.0,-0.41517857142857145,-0.0379,0,0,BN,2,2,0,0,0,0,0,S12,178.0,False,CWS,CWS,-0.03119906519654842
2,6,5,0,0,0,0,0,0,0,0,1,0,2,0,0,0,0,0,0,1,1,1,0,0,0.0,0.16666666666666666,0.0,0.16666666666666666,0.0,0.0,,0.0,0.3333333333333333,0.16666666666666666,0.6666666666666666,0.3333333333333333,2.0,309.0,0.16666666666666666,0.0,-1.5839741157537848,-0.0868,2,1,BC,6,5,0,0,1,0,0,S12,180.0,False,CLE,CLE,-0.12744103573645232
1,2,2,2,2,1,1,0,0,3,1,0,0,0,0,0,0,0,0,0,0,0,0,0,0,1.0,1.0,1.5,2.5,0.5,1.0,,0.0,0.0,0.0,,,,57.5,1.0,1.5,1.0750054976470071,0.1809,0,0,BC,2,2,2,3,0,0,0,S12,190.0,False,FLA,FLA,0.11781934171100943
1,1,1,0,0,0,0,0,0,0,0,0,0,1,0,0,0,0,0,0,0,0,0,0,0,0.0,0.0,0.0,0.0,0.0,,,0.0,1.0,0.0,,,,354.0,0.0,0.0,-1.0,-0.056799999999999996,0,0,BC,1,1,0,0,0,0,0,S12,191.0,False,COL,COL,-0.09484060402684565
1,2,2,0,0,0,0,0,0,0,0,0,0,0,0,0,0,0,0,0,0,0,2,0,0,0.0,0.0,0.0,0.0,0.0,0.0,,0.0,0.0,0.0,0.0,1.0,0.0,227.5,0.0,0.0,-0.4423701298701298,-0.038000000000000006,0,2,1B,2,2,0,0,0,0,0,S12,204.0,False,LAD,LAD,-0.03391822104070426
1,2,2,2,1,1,0,0,1,5,1,0,0,0,0,0,0,0,0,0,0,0,0,0,0,1.0,1.0,2.5,3.5,1.5,1.0,,0.5,0.0,0.0,,,,60.5,1.0,2.5,1.484500574052813,0.2084,0,0,SM,2,2,2,5,0,0,0,S12,219.0,False,CHC,CHC,0.15876884935159002
1,1,1,1,0,1,0,0,0,1,0,0,0,0,0,1,0,0,0,0,0,0,0,0,0,1.0,1.0,1.0,2.0,0.0,1.0,1.0,0.0,0.0,0.0,,,,164.5,1.0,2.0,0.24402515723270446,0.07329999999999999,0,0,S,1,1,1,2,0,0,0,S12,220.0,False,PHI,PHI,0.02956191169642481
1,2,2,0,0,0,0,0,0,0,0,0,0,0,0,0,0,0,0,0,0,0,2,0,0,0.0,0.0,0.0,0.0,0.0,0.0,,0.0,0.0,0.0,0.0,1.0,0.0,216.5,0.0,0.0,-0.3648632258546051,-0.018799999999999997,0,2,SF,2,2,0,0,0,0,0,S12,226.0,False,PHI,PHI,-0.02616753063915179
2,5,5,2,2,0,1,1,0,5,1,0,0,1,0,0,0,0,0,0,1,0,0,1,0,0.4,0.4,1.0,1.4,0.6,0.5,,0.0,0.2,0.0,0.5,0.5,1.0,243.0,0.4,1.2,0.4270470700895229,0.47159999999999996,1,1,XB,5,5,2,6,0,0,0,S12,230.0,False,CWS,CWS,0.0685016868747241
1,2,1,0,1,0,0,0,0,0,0,1,0,1,0,0,0,0,0,0,0,0,0,0,0,0.0,0.5,0.0,0.5,0.0,,,0.0,0.5,0.5,,,,225.5,0.5,0.0,0.18741192436830628,0.014599999999999998,0,0,BP,2,1,0,0,1,0,0,S12,233.0,False,LAD,LAD,0.029059984383139354
2,3,3,1,0,1,0,0,0,1,0,0,0,0,0,1,0,0,0,0,1,1,0,0,0,0.3333333333333333,0.3333333333333333,0.3333333333333333,0.6666666666666666,0.0,0.3333333333333333,1.0,0.0,0.0,0.0,1.0,0.0,,322.5,0.3333333333333333,0.3333333333333333,-0.20771563342318067,0.023200000000000002,2,0,SF,3,3,1,1,0,0,0,S12,238.0,False,NYM,NYM,-0.005293375422854981
1,2,2,0,0,0,0,0,0,0,0,0,0,1,0,0,0,0,0,0,0,1,0,0,0,0.0,0.0,0.0,0.0,0.0,0.0,,0.0,0.5,0.0,1.0,0.0,,376.5,0.0,0.0,-0.49268547544409613,-0.028700000000000003,1,0,HK,2,2,0,0,0,0,0,S12,241.0,False,ARI,ARI,-0.03894975559810089
1,2,2,1,1,0,0,0,1,4,1,0,0,0,0,0,0,0,0,0,0,0,0,1,0,0.5,0.5,2.0,2.5,1.5,0.0,,0.5,0.0,0.0,0.0,1.0,0.0,176.0,0.5,2.0,0.7788149350649352,0.1594,0,1,EN,2,2,1,4,0,0,0,S12,255.0,False,BAL,BAL,0.08820028545280224
2,4,2,0,2,0,0,0,0,0,0,2,0,1,0,0,0,0,0,0,0,0,1,0,0,0.0,0.5,0.0,0.5,0.0,0.0,,0.0,0.25,0.5,0.0,1.0,0.0,225.5,0.5,0.0,0.378901354207606,0.028399999999999995,0,1,WC,4,2,0,0,2,0,0,S12,259.0,False,NYY,NYY,0.058527719313378045
2,6,6,3,1,3,0,0,0,3,1,0,0,1,0,0,0,0,0,0,1,0,0,1,0,0.5,0.5,0.5,1.0,0.0,0.6,,0.0,0.16666666666666666,0.0,0.5,0.5,1.0,238.5,0.5,0.4,1.114420725740206,0.037800000000000014,1,1,WC,6,5,2,2,1,0,0,S12,264.0,False,TBR,TBR,0.14239844841294674
2,4,1,0,0,0,0,0,0,0,1,2,0,0,0,0,0,0,1,0,0,0,1,1,0,0.0,0.5,0.0,0.5,0.0,0.0,,0.0,0.0,0.5,0.0,1.0,0.0,222.25,0.5,0.0,0.5247394115318644,0.004900000000000002,0,3,BP,4,2,0,0,2,0,0,S12,265.0,False,CIN,CIN,0.0731115250458039
1,3,3,1,0,0,1,0,0,2,0,0,0,0,0,0,0,0,0,0,1,0,0,1,0,0.3333333333333333,0.3333333333333333,0.6666666666666666,1.0,0.3333333333333333,0.3333333333333333,,0.0,0.0,0.0,0.5,0.5,1.0,277.6666666666667,0.3333333333333333,0.6666666666666666,-0.5054501051361112,-0.050499999999999996,1,1,XB,3,3,1,2,0,0,0,S12,268.0,False,COL,COL,-0.03506682259414804
1,2,2,0,0,0,0,0,0,0,0,0,0,0,0,0,0,0,0,0,0,1,0,1,0,0.0,0.0,0.0,0.0,0.0,0.0,,0.0,0.0,0.0,0.5,0.5,1.0,406.0,0.0,0.0,-1.4,-0.1549,1,1,BC,2,2,0,0,0,0,0,S12,271.0,False,BAL,BAL,-0.12968120805369127
2,2,2,1,0,1,0,0,0,1,0,0,0,0,0,0,0,0,0,0,0,0,1,0,0,0.5,0.5,0.5,1.0,0.0,0.5,,0.0,0.0,0.0,0.0,1.0,0.0,129.5,0.5,0.5,0.1389932511869994,0.03710000000000001,0,1,1B,2,2,1,1,0,0,0,S12,278.0,False,NYM,NYM,0.024218117065008666
1,2,2,0,0,0,0,0,0,0,0,0,0,0,0,0,0,0,0,0,0,1,0,1,0,0.0,0.0,0.0,0.0,0.0,0.0,,0.0,0.0,0.0,0.5,0.5,1.0,392.0,0.0,0.0,-0.7878517316017315,-0.0822,1,1,BC,2,2,0,0,0,0,0,S12,287.0,False,PHI,PHI,-0.06846638121386442
2,5,4,2,1,1,1,0,0,3,0,1,0,0,0,0,0,0,0,0,0,0,1,1,0,0.5,0.6,0.75,1.35,0.25,0.5,,0.0,0.0,0.2,0.0,1.0,0.0,191.4,0.4,0.6,0.8006438417047013,0.08920000000000003,0,2,BN,5,5,2,3,0,0,0,S12,295.0,False,LAD,LAD,0.10586136403624194
2,4,4,0,0,0,0,0,0,0,0,0,0,0,0,0,0,0,0,0,1,1,1,1,0,0.0,0.0,0.0,0.0,0.0,0.0,,0.0,0.0,0.0,0.5,0.5,1.0,377.75,0.0,0.0,-0.9152513321864596,-0.0595,2,2,BC,4,4,0,0,0,0,0,S12,298.0,False,PHI,PHI,-0.0708875493260285
1,1,1,0,0,0,0,0,0,0,0,0,0,1,0,0,0,0,0,0,0,0,0,0,0,0.0,0.0,0.0,0.0,0.0,,,0.0,1.0,0.0,,,,299.0,0.0,0.0,-0.5666666666666667,-0.0858,0,0,BC,1,1,0,0,0,0,0,S12,305.0,False,PIT,PIT,-0.05150727069351231
2,4,4,1,1,0,1,0,0,2,1,0,0,0,0,0,0,0,0,0,0,0,3,0,0,0.25,0.25,0.5,0.75,0.25,0.25,,0.0,0.0,0.0,0.0,1.0,0.0,173.75,0.25,0.5,0.3510079567701977,0.0675,0,3,BC,4,4,1,2,0,0,0,S12,308.0,False,PIT,PIT,0.05573837956963722
2,6,5,3,3,2,0,0,1,6,1,1,0,0,0,0,0,0,0,0,1,1,0,0,0,0.6,0.6666666666666666,1.2,1.8666666666666667,0.6,0.5,,0.16666666666666666,0.0,0.16666666666666666,1.0,0.0,,212.83333333333334,0.6666666666666666,1.25,1.7383216788633185,0.14100000000000001,2,0,WC,6,4,2,5,2,0,0,S12,327.0,False,TBR,TBR,0.20478854372525804
2,4,4,1,1,0,0,0,1,4,1,0,0,1,0,0,0,0,0,1,1,1,0,0,0,0.25,0.25,1.0,1.25,0.75,0.0,,0.25,0.25,0.0,1.0,0.0,,280.5,0.25,1.0,-0.38400541250267084,-0.1373,3,0,HK,4,4,1,4,0,0,0,S12,339.0,False,CIN,CIN,-0.017762957357649635
1,3,3,0,0,0,0,0,0,0,0,0,0,1,0,0,0,0,0,0,0,1,1,0,0,0.0,0.0,0.0,0.0,0.0,0.0,,0.0,0.3333333333333333,0.0,0.5,0.5,1.0,327.0,0.0,0.0,-0.6635551948051948,-0.0818,1,1,1B,3,3,0,0,0,0,0,S12,344.0,False,TOR,TOR,-0.050877331561056394
2,5,4,2,1,2,0,0,0,2,0,1,0,0,0,1,0,0,0,0,1,1,0,0,0,0.5,0.6,0.5,1.1,0.0,0.5,1.0,0.0,0.0,0.2,1.0,0.0,,228.33333333333334,0.6,0.5,-0.17131391119679984,0.0899,2,0,BC,5,4,2,2,1,0,0,S12,349.0,False,CIN,CIN,0.008665588746091824
1,3,2,0,1,0,0,0,0,0,0,1,0,0,0,0,0,0,0,0,0,2,0,0,0,0.0,0.3333333333333333,0.0,0.3333333333333333,0.0,0.0,,0.0,0.0,0.3333333333333333,1.0,0.0,,320.6666666666667,0.3333333333333333,0.0,-0.23849275724275726,-0.015000000000000003,2,0,MH,3,2,0,0,1,0,0,S12,354.0,False,TOR,TOR,-0.008371087804812641
1,2,2,1,0,1,0,0,0,1,1,0,0,0,0,0,0,0,0,0,0,0,0,1,0,0.5,0.5,0.5,1.0,0.0,0.5,,0.0,0.0,0.0,0.0,1.0,0.0,218.0,0.5,0.5,0.6834253654693763,0.0869,0,1,BP,2,2,1,1,0,0,0,S12,355.0,False,DET,DET,0.07866132849324635
2,4,3,1,1,0,0,0,1,4,1,1,0,0,0,0,0,0,0,0,0,0,2,0,0,0.3333333333333333,0.5,1.3333333333333333,1.8333333333333333,1.0,0.0,,0.25,0.0,0.25,0.0,1.0,0.0,154.0,0.5,1.3333333333333333,0.8384046098437503,0.1046,0,2,1B,4,3,1,4,1,0,0,S12,357.0,False,STL,STL,0.10447804487699248
2,4,4,3,1,2,1,0,0,4,0,0,0,0,0,0,0,0,0,0,0,0,1,0,0,0.75,0.75,1.0,1.75,0.25,0.75,,0.0,0.0,0.0,0.0,1.0,0.0,122.75,0.75,0.6666666666666666,0.4090510554037322,0.0753,0,1,BC,4,3,2,2,1,0,0,S12,362.0,False,KCR,KCR,0.06154268943299067
2,3,3,0,0,0,0,0,0,0,0,0,0,1,0,0,0,0,0,0,0,1,1,0,0,0.0,0.0,0.0,0.0,0.0,0.0,,0.0,0.3333333333333333,0.0,0.5,0.5,1.0,332.6666666666667,0.0,0.0,-0.713870540379161,-0.0921,1,1,WC,3,3,0,0,0,0,0,S12,391.0,False,MTL,MTL,-0.05590886611845301
2,5,4,2,0,1,1,0,0,3,0,1,0,1,0,0,1,0,0,0,0,0,1,0,0,0.5,0.6,0.75,1.35,0.25,0.6666666666666666,0.0,0.0,0.2,0.2,0.0,1.0,0.0,165.5,0.6,0.75,-1.108771007899289,0.003500000000000003,0,1,BC,5,4,2,3,1,0,0,S12,396.0,False,TOR,TOR,-0.0850801209241571
2,5,5,1,1,1,0,0,0,1,0,0,0,2,0,0,0,0,0,0,1,0,1,0,0,0.2,0.2,0.2,0.4,0.0,0.3333333333333333,,0.0,0.4,0.0,0.5,0.5,1.0,254.4,0.2,0.2,-0.704596211174312,-0.039700000000000006,1,1,BC,5,5,1,1,0,0,0,S12,400.0,False,TOR,TOR,-0.0446626412516594
1,3,3,2,1,0,2,0,0,4,0,0,0,0,0,0,0,0,0,0,1,0,0,0,0,0.6666666666666666,0.6666666666666666,1.3333333333333333,2.0,0.6666666666666666,0.6666666666666666,,0.0,0.0,0.0,1.0,0.0,,157.0,0.6666666666666666,1.6666666666666667,0.24180612859858142,0.10460000000000001,1,0,SF,3,3,2,5,0,0,0,S12,402.0,False,SDP,SDP,0.03965880077932123
1,2,2,1,0,1,0,0,0,1,0,0,0,0,0,0,0,0,0,0,1,0,0,0,0,0.5,0.5,0.5,1.0,0.0,0.5,,0.0,0.0,0.0,1.0,0.0,,245.0,0.5,0.5,0.08129062029924106,0.0066,1,0,BC,2,2,1,1,0,0,0,S12,405.0,False,TOR,TOR,0.01844785397623283
1,3,3,0,0,0,0,0,0,0,0,0,0,2,0,0,0,0,0,0,0,0,0,1,0,0.0,0.0,0.0,0.0,0.0,0.0,,0.0,0.6666666666666666,0.0,0.0,1.0,0.0,335.6666666666667,0.0,0.0,-0.713870540379161,-0.0491,0,1,XB,3,3,0,0,0,0,0,S12,413.0,False,CLE,CLE,-0.05590886611845301
2,6,6,3,1,2,1,0,0,4,3,0,0,1,0,0,0,0,0,0,0,0,1,1,0,0.5,0.5,0.6666666666666666,1.1666666666666665,0.16666666666666663,0.6,,0.0,0.16666666666666666,0.0,0.0,1.0,0.0,180.16666666666666,0.5,0.6666666666666666,1.4480339841188896,0.284,0,2,1B,6,6,3,4,0,0,0,S12,443.0,False,SFG,SFG,0.17575977425081513
1,2,2,0,0,0,0,0,0,0,0,0,0,0,0,0,0,0,0,0,0,0,1,1,0,0.0,0.0,0.0,0.0,0.0,0.0,,0.0,0.0,0.0,0.0,1.0,0.0,287.5,0.0,0.0,-0.7176542566628774,-0.0451,0,2,BP,2,2,0,0,0,0,0,S12,480.0,False,TOR,TOR,-0.061446633719979014
1,3,3,0,0,0,0,0,0,0,0,0,0,1,0,0,0,0,0,0,1,0,0,1,0,0.0,0.0,0.0,0.0,0.0,0.0,,0.0,0.3333333333333333,0.0,0.5,0.5,1.0,358.0,0.0,0.0,-1.1520976353928298,-0.237,1,1,HK,3,3,0,0,0,0,0,S12,488.0,False,CIN,CIN,-0.0997315756198199
2,4,4,1,0,1,0,0,0,1,0,0,0,2,0,0,0,0,0,0,0,0,0,1,0,0.25,0.25,0.25,0.5,0.0,0.5,,0.0,0.5,0.0,0.0,1.0,0.0,276.75,0.25,0.25,-0.5060465590638006,-0.021399999999999995,0,1,WC,4,4,1,1,0,0,0,S12,490.0,False,CIN,CIN,-0.029967072013762606
2,3,3,1,0,1,0,0,0,1,0,0,0,0,0,0,0,0,0,0,1,0,1,0,0,0.3333333333333333,0.3333333333333333,0.3333333333333333,0.6666666666666666,0.0,0.3333333333333333,,0.0,0.0,0.0,0.5,0.5,1.0,233.66666666666666,0.3333333333333333,0.3333333333333333,-0.16159539015624963,-0.03319999999999999,1,1,BC,3,3,1,1,0,0,0,S12,492.0,False,NYM,NYM,-0.0006813510961618779
2,5,5,2,1,1,0,0,1,5,1,0,0,1,0,0,0,0,0,0,0,0,2,0,0,0.4,0.4,1.0,1.4,0.6,0.3333333333333333,,0.2,0.2,0.0,0.0,1.0,0.0,164.2,0.4,1.0,0.5975799172949199,0.03680000000000002,0,2,TT,5,5,2,5,0,0,0,S12,516.0,False,MIL,MIL,0.08555497159526379
2,6,5,4,3,3,0,0,1,7,2,1,0,1,0,0,0,0,0,0,0,0,0,0,0,0.8,0.8333333333333334,1.4,2.2333333333333334,0.5999999999999999,1.0,,0.16666666666666666,0.16666666666666666,0.16666666666666666,,,,129.66666666666666,0.8333333333333334,1.4,2.8465659340659344,0.294,0,0,SF,6,5,4,7,1,0,0,S12,518.0,False,MIN,MIN,0.3156129692455196
1,1,1,0,0,0,0,0,0,0,0,0,0,0,0,0,0,0,0,1,0,1,0,0,0,0.0,0.0,0.0,0.0,0.0,0.0,,0.0,0.0,0.0,1.0,0.0,,467.0,0.0,0.0,-1.2307692307692308,-0.1286,2,0,TT,1,1,0,0,0,0,0,S12,522.0,False,CHC,CHC,-0.11791752710376872
2,6,5,1,0,0,0,1,0,3,0,1,0,1,0,0,0,0,0,0,1,0,1,1,0,0.2,0.3333333333333333,0.6,0.9333333333333333,0.39999999999999997,0.25,,0.0,0.16666666666666666,0.16666666666666666,0.3333333333333333,0.6666666666666666,0.5,216.5,0.3333333333333333,0.6,-0.6794586304028642,-0.05909999999999999,1,2,1B,6,5,1,3,1,0,0,S12,525.0,False,SDP,SDP,-0.036989487201360256
2,4,4,1,0,0,1,0,0,2,0,0,0,1,0,0,0,0,0,0,1,1,0,0,0,0.25,0.25,0.5,0.75,0.25,0.3333333333333333,,0.0,0.25,0.0,1.0,0.0,,294.75,0.25,0.5,-0.1867121125061233,-0.0372,2,0,BC,4,4,1,2,0,0,0,S12,529.0,False,ANA,ANA,0.001966372642005118
1,2,2,1,0,0,1,0,0,2,2,0,0,0,0,0,0,0,0,0,1,0,0,0,0,0.5,0.5,1.0,1.5,0.5,0.5,,0.0,0.0,0.0,1.0,0.0,,225.0,0.5,0.5,1.3553585049580472,0.17500000000000002,1,0,MH,2,2,1,1,0,0,0,S12,530.0,False,MIN,MIN,0.14585464244211344
1,2,2,0,0,0,0,0,0,0,0,0,0,0,0,0,0,0,0,0,1,0,0,1,0,0.0,0.0,0.0,0.0,0.0,0.0,,0.0,0.0,0.0,0.5,0.5,1.0,350.0,0.0,0.0,-0.5212998754976367,-0.0414,1,1,1B,2,2,0,0,0,0,0,S12,549.0,False,MIL,MIL,-0.04181119560345494
2,6,6,3,2,2,0,1,0,5,1,0,0,0,0,0,0,0,0,0,2,1,0,0,0,0.5,0.5,0.8333333333333334,1.3333333333333335,0.33333333333333337,0.5,,0.0,0.0,0.0,1.0,0.0,,249.16666666666666,0.5,0.8333333333333334,0.8780370038310148,0.04030000000000001,3,0,WC,6,6,3,5,0,0,0,S12,557.0,False,STL,STL,0.11876007622202764
1,3,3,0,0,0,0,0,0,0,0,0,0,2,0,0,0,0,0,0,1,0,0,0,0,0.0,0.0,0.0,0.0,0.0,0.0,,0.0,0.6666666666666666,0.0,1.0,0.0,,335.6666666666667,0.0,0.0,-1.0342288911935011,-0.032600000000000004,1,0,TT,3,3,0,0,0,0,0,S12,559.0,False,NYY,NYY,-0.08794470119988704
1,2,2,1,1,1,0,0,0,1,0,0,0,0,0,0,0,0,0,0,0,0,0,1,0,0.5,0.5,0.5,1.0,0.0,0.5,,0.0,0.0,0.0,0.0,1.0,0.0,228.0,0.5,0.5,0.16985767929164153,0.018799999999999997,0,1,BP,2,2,1,1,0,0,0,S12,563.0,False,FLA,FLA,0.027304559875472877
1,2,2,0,0,0,0,0,0,0,0,0,0,1,0,0,0,0,0,0,0,0,0,1,0,0.0,0.0,0.0,0.0,0.0,0.0,,0.0,0.5,0.0,0.0,1.0,0.0,241.5,0.0,0.0,-0.6226415094339622,-0.0803,0,1,XB,2,2,0,0,0,0,0,S12,564.0,False,ATL,ATL,-0.0519453589970875
1,3,3,0,0,0,0,0,0,0,0,0,0,0,0,0,0,0,0,0,1,2,0,0,0,0.0,0.0,0.0,0.0,0.0,0.0,,0.0,0.0,0.0,1.0,0.0,,453.6666666666667,0.0,0.0,-0.7956896551724137,-0.08279999999999998,3,0,BC,3,3,0,0,0,0,0,S12,567.0,False,CIN,CIN,-0.06409077759777829
1,1,1,0,0,0,0,0,0,0,0,0,0,1,0,0,0,0,0,0,0,0,0,0,0,0.0,0.0,0.0,0.0,0.0,,,0.0,1.0,0.0,,,,227.0,0.0,0.0,-0.27150041050903123,-0.023799999999999998,0,0,P,1,1,0,0,0,0,0,S12,583.0,False,HOU,HOU,-0.021990645077748762
2,4,4,1,0,0,1,0,0,2,0,0,0,2,0,0,0,0,0,0,0,0,0,1,0,0.25,0.25,0.5,0.75,0.25,0.5,,0.0,0.5,0.0,0.0,1.0,0.0,235.25,0.25,0.25,-0.40802693927693917,-0.026899999999999986,0,1,XB,4,4,1,1,0,0,0,S12,597.0,False,CIN,CIN,-0.02016511003507647
2,6,6,0,0,0,0,0,0,0,0,0,0,5,0,0,0,0,0,0,0,0,1,0,0,0.0,0.0,0.0,0.0,0.0,0.0,,0.0,0.8333333333333334,0.0,0.0,1.0,0.0,309.3333333333333,0.0,0.0,-1.593461688107805,-0.1489,0,1,1B,6,6,0,0,0,0,0,S12,606.0,False,MIN,MIN,-0.12838979297185432
1,3,3,1,1,0,0,0,1,4,2,0,0,1,0,0,0,0,0,0,0,0,1,0,0,0.3333333333333333,0.3333333333333333,1.3333333333333333,1.6666666666666665,1.0,0.0,,0.3333333333333333,0.3333333333333333,0.0,0.0,1.0,0.0,209.0,0.3333333333333333,1.3333333333333333,0.8935530271615177,0.1729,0,1,BP,3,3,1,4,0,0,0,S12,620.0,False,COL,COL,0.10483349063561487
2,3,3,1,1,0,1,0,0,2,0,0,0,1,0,0,0,0,0,0,0,0,1,0,0,0.3333333333333333,0.3333333333333333,0.6666666666666666,1.0,0.3333333333333333,0.5,,0.0,0.3333333333333333,0.0,0.0,1.0,0.0,190.33333333333334,0.3333333333333333,0.6666666666666666,-0.10933497032634959,-0.0249,0,1,1B,3,3,1,2,0,0,0,S12,622.0,False,BOS,BOS,0.004544690886828126
2,4,4,0,0,0,0,0,0,0,0,0,0,0,0,0,0,0,0,0,0,1,3,0,0,0.0,0.0,0.0,0.0,0.0,0.0,,0.0,0.0,0.0,0.25,0.75,0.3333333333333333,298.5,0.0,0.0,-0.9637834149849461,-0.15200000000000002,1,3,SM,4,4,0,0,0,0,0,S12,638.0,False,TEX,TEX,-0.07574075760587716
1,3,3,1,1,0,0,1,0,3,2,0,0,1,0,0,0,0,0,0,0,0,1,0,0,0.3333333333333333,0.3333333333333333,1.0,1.3333333333333333,0.6666666666666667,0.5,,0.0,0.3333333333333333,0.0,0.0,1.0,0.0,183.66666666666666,0.3333333333333333,1.0,1.1107779650393275,0.2606,0,1,SM,3,3,1,3,0,0,0,S12,647.0,False,PIT,PIT,0.12655598442339583
1,3,3,1,1,0,0,0,1,4,1,0,0,1,0,0,0,0,0,0,1,0,0,0,0,0.3333333333333333,0.3333333333333333,1.3333333333333333,1.6666666666666665,1.0,0.0,,0.3333333333333333,0.3333333333333333,0.0,1.0,0.0,,280.6666666666667,0.3333333333333333,1.3333333333333333,0.18936915470836002,0.2257,1,0,HK,3,3,1,4,0,0,0,S12,649.0,False,BAL,BAL,0.03441510339029909
1,1,1,1,1,0,0,0,1,4,2,0,0,0,0,0,0,0,0,0,0,0,0,0,0,1.0,1.0,4.0,5.0,3.0,,,1.0,0.0,0.0,,,,21.0,1.0,4.0,1.7925370619946093,0.1451,0,0,TT,1,1,1,4,0,0,0,S12,651.0,False,ARI,ARI,0.18441310217261528
1,3,1,0,0,0,0,0,0,0,1,1,0,0,0,0,0,0,1,0,0,0,2,0,0,0.0,0.3333333333333333,0.0,0.3333333333333333,0.0,0.0,,0.0,0.0,0.3333333333333333,0.0,1.0,0.0,166.33333333333334,0.3333333333333333,0.0,0.5102619079034172,-0.10719999999999999,0,3,S,3,2,0,0,1,0,0,S12,675.0,False,SFG,SFG,0.0665043787098048
1,2,2,0,0,0,0,0,0,0,0,0,0,1,0,0,0,0,0,0,0,1,0,0,0,0.0,0.0,0.0,0.0,0.0,0.0,,0.0,0.5,0.0,1.0,0.0,,429.5,0.0,0.0,-0.5430008210180625,-0.0493,1,0,S,2,2,0,0,0,0,0,S12,679.0,False,TOR,TOR,-0.043981290155497524
1,4,1,0,0,0,0,0,0,0,1,3,0,1,0,0,0,0,0,0,0,0,0,0,0,0.0,0.75,0.0,0.75,0.0,,,0.0,0.25,0.75,,,,165.5,0.75,0.0,1.1709521004002543,0.02140000000000001,0,0,1B,4,1,0,0,3,0,0,S12,683.0,False,HOU,HOU,0.13773279393264287
1,1,1,0,0,0,0,0,0,0,0,0,0,0,0,0,0,0,0,0,0,1,0,0,0,0.0,0.0,0.0,0.0,0.0,0.0,,0.0,0.0,0.0,1.0,0.0,,496.0,0.0,0.0,-0.2608695652173913,-0.0447,1,0,MH,1,1,0,0,0,0,0,S12,686.0,False,PHI,PHI,-0.020927560548584766
2,3,3,0,0,0,0,0,0,0,0,0,0,2,0,0,0,0,0,0,0,0,0,1,0,0.0,0.0,0.0,0.0,0.0,0.0,,0.0,0.6666666666666666,0.0,0.0,1.0,0.0,345.6666666666667,0.0,0.0,-0.5465920106870952,-0.0917,0,1,BP,3,3,0,0,0,0,0,S12,703.0,False,MTL,MTL,-0.039181013149246435
2,6,6,2,2,1,1,0,0,3,0,0,0,3,0,0,0,0,0,0,0,0,1,0,0,0.3333333333333333,0.3333333333333333,0.5,0.8333333333333333,0.16666666666666669,0.6666666666666666,,0.0,0.5,0.0,0.0,1.0,0.0,202.16666666666666,0.3333333333333333,0.5,-0.8054279918277292,0.028099999999999997,0,1,HK,6,6,2,3,0,0,0,S12,713.0,False,CLE,CLE,-0.04958642334384675
1,1,1,0,0,0,0,0,0,0,0,0,0,0,0,0,0,0,0,0,0,0,1,0,0,0.0,0.0,0.0,0.0,0.0,0.0,,0.0,0.0,0.0,0.0,1.0,0.0,252.0,0.0,0.0,-0.27150041050903123,-0.0236,0,1,S,1,1,0,0,0,0,0,S12,734.0,False,BOS,BOS,-0.021990645077748762
1,3,2,2,2,2,0,0,0,2,0,1,0,0,0,1,0,0,0,0,0,0,0,0,0,1.0,1.0,1.0,2.0,0.0,1.0,1.0,0.0,0.0,0.3333333333333333,,,,92.25,1.0,1.0,1.2986987674487676,0.0951,0,0,BC,3,2,2,2,1,0,0,S12,772.0,False,SDP,SDP,0.14534806466433986
2,4,4,3,2,1,1,0,1,7,1,0,0,0,0,0,0,0,0,0,0,0,1,0,0,0.75,0.75,1.75,2.5,1.0,0.6666666666666666,,0.25,0.0,0.0,0.0,1.0,0.0,89.0,0.75,1.75,1.4429401798965618,0.1592,0,1,1B,4,4,3,7,0,0,0,S12,778.0,False,ARI,ARI,0.16493160188227363
2,5,5,3,2,1,0,0,2,9,5,0,0,1,0,0,0,0,0,0,0,1,0,0,0,0.6,0.6,1.8,2.4,1.2000000000000002,0.5,,0.4,0.2,0.0,1.0,0.0,,170.8,0.6,1.6,3.951255658049276,0.3121,1,0,TT,5,5,3,8,0,0,0,S12,814.0,False,NYY,NYY,0.4209225456706994
2,4,4,1,0,0,1,0,0,2,0,0,0,2,0,0,0,0,0,0,0,0,1,0,0,0.25,0.25,0.5,0.75,0.25,0.5,,0.0,0.5,0.0,0.0,1.0,0.0,223.0,0.25,0.5,-1.2105378830126716,-0.0688,0,1,HK,4,4,1,2,0,0,0,S12,1703.0,False,MIN,MIN,-0.1004162044086497
2,5,4,1,1,1,0,0,0,1,2,1,0,1,0,1,1,0,0,0,0,0,1,1,0,0.25,0.4,0.25,0.65,0.0,0.3333333333333333,0.5,0.0,0.2,0.2,0.0,1.0,0.0,221.57142857142858,0.4,0.25,1.1958424256773312,0.12530000000000002,0,2,S,5,4,1,1,1,0,0,S12,1705.0,False,SDP,SDP,0.14538122243350493
2,4,3,0,0,0,0,0,0,0,0,1,0,0,0,1,0,0,0,0,1,0,1,1,0,0.0,0.25,0.0,0.25,0.0,0.0,1.0,0.0,0.0,0.25,0.3333333333333333,0.6666666666666666,0.5,282.2,0.25,0.0,-0.9834258766322586,0.004399999999999994,1,2,WC,4,3,0,0,1,0,0,S12,1709.0,False,TEX,TEX,-0.0777050037706084
1,3,2,1,2,0,1,0,0,2,0,1,0,0,0,0,0,0,0,0,0,0,1,0,0,0.5,0.6666666666666666,1.0,1.6666666666666665,0.5,0.5,,0.0,0.0,0.3333333333333333,0.0,1.0,0.0,135.66666666666666,0.6666666666666666,1.0,0.2843744093744093,0.0763,0,1,1B,3,2,1,2,1,0,0,S12,1717.0,False,CHC,CHC,0.04391562885690401
1,3,3,2,1,1,1,0,0,3,2,0,0,1,0,0,0,0,0,0,0,0,0,0,0,0.6666666666666666,0.6666666666666666,1.0,1.6666666666666665,0.33333333333333337,1.0,,0.0,0.3333333333333333,0.0,,,,145.33333333333334,0.6666666666666666,1.0,-0.03699983645621835,0.1599,0,0,1B,3,3,2,3,0,0,0,S12,1719.0,False,HOU,HOU,0.01177820427384125
1,1,1,1,1,1,0,0,0,1,0,0,0,0,0,0,0,0,0,0,0,0,0,0,0,1.0,1.0,1.0,2.0,0.0,1.0,,0.0,0.0,0.0,,,,110.0,1.0,1.0,0.462989840348331,0.1267,0,0,BN,1,1,1,1,0,0,0,S12,1724.0,False,TBR,TBR,0.051458380007987456
1,1,1,0,0,0,0,0,0,0,0,0,0,1,0,0,0,0,0,0,0,0,0,0,0,0.0,0.0,0.0,0.0,0.0,,,0.0,1.0,0.0,,,,323.0,0.0,0.0,-0.2608695652173913,-0.0555,0,0,BP,1,1,0,0,0,0,0,S12,1733.0,False,OAK,OAK,-0.020927560548584766
2,3,3,1,1,0,0,0,1,4,1,0,0,0,0,0,0,0,0,0,0,1,0,1,0,0.3333333333333333,0.3333333333333333,1.3333333333333333,1.6666666666666665,1.0,0.0,,0.3333333333333333,0.0,0.0,0.5,0.5,1.0,292.0,0.3333333333333333,1.3333333333333333,0.47881493506493505,0.1676,1,1,EN,3,3,1,4,0,0,0,S12,1734.0,False,ATL,ATL,0.06335968142595659
1,1,1,0,0,0,0,0,0,0,0,0,0,1,0,0,0,0,0,0,0,0,0,0,0,0.0,0.0,0.0,0.0,0.0,,,0.0,1.0,0.0,,,,283.0,0.0,0.0,-0.1333333333333333,-0.0596,0,0,BN,1,1,0,0,0,0,0,S12,1737.0,False,PIT,PIT,-0.008173937360178967
1,2,1,0,0,0,0,0,0,0,0,1,0,0,0,0,0,0,0,0,1,0,0,0,0,0.0,0.5,0.0,0.5,0.0,0.0,,0.0,0.0,0.5,1.0,0.0,,277.0,0.5,0.0,0.29542990083003096,0.0241,1,0,BP,2,1,0,0,1,0,0,S12,1745.0,False,TOR,TOR,0.03986178202931182
2,6,4,3,0,2,1,0,0,4,3,2,0,0,0,1,0,0,0,0,0,0,1,0,0,0.75,0.8333333333333334,1.0,1.8333333333333335,0.25,0.75,1.0,0.0,0.0,0.3333333333333333,0.0,1.0,0.0,113.28571428571429,0.8333333333333334,1.0,2.8652971281977444,0.47729999999999995,0,1,BP,6,4,3,4,2,0,0,S12,1763.0,False,TBR,TBR,0.31748608865870065
2,6,5,2,1,1,0,1,0,4,1,1,0,1,0,0,0,0,0,0,0,0,1,1,0,0.4,0.5,0.8,1.3,0.4,0.5,,0.0,0.16666666666666666,0.16666666666666666,0.0,1.0,0.0,203.83333333333334,0.5,0.8,1.1001976644339284,0.27929999999999994,0,2,BC,6,5,2,4,1,0,0,S12,1764.0,False,TBR,TBR,0.140976142282319
2,4,4,1,0,1,0,0,0,1,1,0,0,1,0,0,0,0,0,0,1,0,0,1,0,0.25,0.25,0.25,0.5,0.0,0.3333333333333333,,0.0,0.25,0.0,0.5,0.5,1.0,290.25,0.25,0.25,0.47141374055729374,0.03939999999999999,1,1,SM,4,4,1,1,0,0,0,S12,1776.0,False,KCR,KCR,0.06777895794834682
1,2,2,0,0,0,0,0,0,0,0,0,0,2,0,0,0,0,0,0,0,0,0,0,0,0.0,0.0,0.0,0.0,0.0,,,0.0,1.0,0.0,,,,267.5,0.0,0.0,-0.4423701298701298,-0.063,0,0,BP,2,2,0,0,0,0,0,S12,1781.0,False,NYY,NYY,-0.03391822104070426
1,2,2,0,0,0,0,0,0,0,0,0,0,0,0,0,0,0,0,0,1,0,1,0,0,0.0,0.0,0.0,0.0,0.0,0.0,,0.0,0.0,0.0,0.5,0.5,1.0,314.5,0.0,0.0,-0.28735632183908044,-0.0407,1,1,BC,2,2,0,0,0,0,0,S12,1788.0,False,NYY,NYY,-0.01841684023759932
1,2,2,1,0,1,0,0,0,1,0,0,0,1,0,0,0,0,0,0,0,0,0,0,0,0.5,0.5,0.5,1.0,0.0,1.0,,0.0,0.5,0.0,,,,179.0,0.5,0.5,-0.18983200707338638,0.0069,0,0,SF,2,2,1,1,0,0,0,S12,1797.0,False,DET,DET,-0.008664408761029915
1,2,2,0,0,0,0,0,0,0,0,0,0,0,0,0,0,0,0,0,1,0,1,0,0,0.0,0.0,0.0,0.0,0.0,0.0,,0.0,0.0,0.0,0.5,0.5,1.0,318.0,0.0,0.0,-0.3436781609195402,-0.0258,1,1,BN,2,2,0,0,0,0,0,S12,1799.0,False,SDP,SDP,-0.024049024145645293
2,4,3,0,0,0,0,0,0,0,0,1,0,1,0,0,0,0,0,0,0,1,0,1,0,0.0,0.25,0.0,0.25,0.0,0.0,,0.0,0.25,0.25,0.5,0.5,1.0,338.5,0.25,0.0,-0.243709379700759,-0.08530000000000001,1,1,WC,4,3,0,0,1,0,0,S12,1813.0,False,MTL,MTL,-0.003733354077458453
1,2,2,0,0,0,0,0,0,0,0,0,0,1,0,0,0,0,0,0,0,0,1,0,0,0.0,0.0,0.0,0.0,0.0,0.0,,0.0,0.5,0.0,0.0,1.0,0.0,253.0,0.0,0.0,-1.1611422743498214,-0.08560000000000001,0,1,BC,2,2,0,0,0,0,0,S12,1814.0,False,COL,COL,-0.10579543548867343
1,2,2,1,1,0,1,0,0,2,0,0,0,1,0,0,0,0,0,0,0,0,0,0,0,0.5,0.5,1.0,1.5,0.5,1.0,,0.0,0.5,0.0,,,,167.0,0.5,1.0,0.12636484432083345,0.014999999999999996,0,0,TT,2,2,1,2,0,0,0,S12,1824.0,False,DET,DET,0.02295527637839207
1,1,1,0,0,0,0,0,0,0,0,0,0,0,0,0,0,0,0,0,0,1,0,0,0,0.0,0.0,0.0,0.0,0.0,0.0,,0.0,0.0,0.0,1.0,0.0,,452.0,0.0,0.0,-0.27150041050903123,-0.0278,1,0,EN,1,1,0,0,0,0,0,S12,1826.0,False,ANA,ANA,-0.021990645077748762
1,3,3,0,0,0,0,0,0,0,0,0,0,0,0,0,0,0,0,1,1,2,0,0,0,0.0,0.0,0.0,0.0,0.0,0.0,,0.0,0.0,0.0,1.0,0.0,,472.3333333333333,0.0,0.0,-2.377269641278262,-0.2348,4,0,WC,3,3,0,0,0,0,0,S12,1838.0,False,MTL,MTL,-0.22224877620836314
2,4,4,3,2,2,1,0,0,4,0,0,0,0,0,0,0,0,0,0,0,0,1,0,0,0.75,0.75,1.0,1.75,0.25,0.75,,0.0,0.0,0.0,0.0,1.0,0.0,113.25,0.75,1.0,1.004715098706849,0.18910000000000002,0,1,XB,4,4,3,4,0,0,0,S12,1839.0,False,SFG,SFG,0.12110909376330234
2,4,4,1,0,0,1,0,0,2,1,0,0,2,0,0,0,0,0,0,0,0,1,0,0,0.25,0.25,0.5,0.75,0.25,0.5,,0.0,0.5,0.0,0.0,1.0,0.0,175.0,0.25,0.5,-1.5223750840810732,0.12569999999999998,0,1,HK,4,4,1,2,0,0,0,S12,1844.0,False,ATL,ATL,-0.13159992451548988
2,4,4,1,0,1,0,0,0,1,0,0,0,1,0,0,0,0,0,0,0,0,1,1,0,0.25,0.25,0.25,0.5,0.0,0.3333333333333333,,0.0,0.25,0.0,0.0,1.0,0.0,234.5,0.25,0.25,-0.7909667105115774,-0.06169999999999999,0,2,BC,4,4,1,1,0,0,0,S12,1949.0,False,KCR,KCR,-0.05845908715854029
1,1,1,1,0,1,0,0,0,1,0,0,0,0,0,0,0,0,0,0,0,0,0,0,0,1.0,1.0,1.0,2.0,0.0,1.0,,0.0,0.0,0.0,,,,87.0,1.0,1.0,0.4391080617495712,0.030899999999999997,0,0,BC,1,1,1,1,0,0,0,S12,1960.0,False,PIT,PIT,0.04907020214811148
1,2,1,0,1,0,0,0,0,0,0,1,0,0,0,0,0,0,0,0,1,0,0,0,0,0.0,0.5,0.0,0.5,0.0,0.0,,0.0,0.0,0.5,1.0,0.0,,281.0,0.5,0.0,0.10121789613176008,0.047,1,0,TT,2,1,0,0,1,0,0,S12,2135.0,False,FLA,FLA,0.020440581559484732
2,5,5,2,2,0,0,0,2,8,2,0,0,3,0,0,0,0,0,0,0,0,0,0,0,0.4,0.4,1.6,2.0,1.2000000000000002,,,0.4,0.6,0.0,,,,196.6,0.4,1.4,0.700081168831169,0.5245,0,0,TT,5,5,2,7,0,0,0,S12,2229.0,False,MIN,MIN,0.09580509674888871
1,1,1,0,0,0,0,0,0,0,0,0,0,0,0,0,0,0,0,0,0,0,1,0,0,0.0,0.0,0.0,0.0,0.0,0.0,,0.0,0.0,0.0,0.0,1.0,0.0,156.0,0.0,0.0,-0.3001148105625718,-0.020099999999999996,0,1,BP,1,1,0,0,0,0,0,S12,2230.0,False,CIN,CIN,-0.024852085083102816
1,2,2,2,0,2,0,0,0,2,0,0,0,0,0,2,0,0,0,0,0,0,0,0,0,1.0,1.0,1.0,2.0,0.0,1.0,1.0,0.0,0.0,0.0,,,,161.5,1.0,1.0,0.45148809523809524,0.040499999999999994,0,0,SF,2,2,2,2,0,0,0,S12,2248.0,False,SDP,SDP,0.05546760147011824
1,3,3,1,0,0,1,0,0,2,3,0,0,1,0,0,0,0,0,0,1,0,0,0,0,0.3333333333333333,0.3333333333333333,0.6666666666666666,1.0,0.3333333333333333,0.5,,0.0,0.3333333333333333,0.0,1.0,0.0,,282.3333333333333,0.3333333333333333,0.3333333333333333,2.126364844320833,0.36230000000000007,1,0,WC,3,3,1,1,0,0,0,S12,2256.0,False,KCR,KCR,0.22811467235154637
2,4,4,0,0,0,0,0,0,0,0,0,0,0,0,0,0,0,0,0,1,0,1,2,0,0.0,0.0,0.0,0.0,0.0,0.0,,0.0,0.0,0.0,0.25,0.75,0.3333333333333333,316.25,0.0,0.0,-1.6760481366459627,-0.222,1,3,SF,4,4,0,0,0,0,0,S12,2262.0,False,TBR,TBR,-0.14696722977197882
1,2,2,1,1,0,0,0,1,4,3,0,0,1,0,0,0,0,0,0,0,0,0,0,0,0.5,0.5,2.0,2.5,1.5,,,0.5,0.5,0.0,,,,155.0,0.5,2.0,1.997177750410509,0.4258,0,0,BP,2,2,1,4,0,0,0,S12,2282.0,False,TOR,TOR,0.21003656698735962
1,1,1,0,0,0,0,0,0,0,0,0,0,1,0,0,0,0,0,0,0,0,0,0,0,0.0,0.0,0.0,0.0,0.0,,,0.0,1.0,0.0,,,,263.0,0.0,0.0,-0.3292030413967896,-0.022400000000000003,0,0,SF,1,1,0,0,0,0,0,S12,2291.0,False,CIN,CIN,-0.027760908166524594
1,2,2,0,0,0,0,0,0,0,0,0,0,0,0,0,0,0,0,0,0,0,2,0,0,0.0,0.0,0.0,0.0,0.0,0.0,,0.0,0.0,0.0,0.0,1.0,0.0,235.0,0.0,0.0,-0.7124131351105034,-0.036599999999999994,0,2,BC,2,2,0,0,0,0,0,S12,2329.0,False,CLE,CLE,-0.060922521564741615
2,5,5,0,0,0,0,0,0,0,0,0,0,0,0,0,0,0,0,0,1,0,1,3,0,0.0,0.0,0.0,0.0,0.0,0.0,,0.0,0.0,0.0,0.2,0.8,0.25,348.4,0.0,0.0,-1.2914378257915309,-0.13539999999999996,1,4,SF,5,5,0,0,0,0,0,S12,2334.0,False,TEX,TEX,-0.10334680271338129
2,4,4,2,1,1,1,0,0,3,2,0,0,0,0,0,0,0,0,0,0,0,1,1,0,0.5,0.5,0.75,1.25,0.25,0.5,,0.0,0.0,0.0,0.0,1.0,0.0,193.25,0.5,0.75,1.571225034362179,0.17469999999999997,0,2,BC,4,4,2,3,0,0,0,S12,2342.0,False,KCR,KCR,0.17776008732883536
1,3,3,1,0,1,0,0,0,1,0,0,0,1,0,0,0,0,0,0,0,0,1,0,0,0.3333333333333333,0.3333333333333333,0.3333333333333333,0.6666666666666666,0.0,0.5,,0.0,0.3333333333333333,0.0,0.0,1.0,0.0,198.33333333333334,0.3333333333333333,0.3333333333333333,-0.19020979020979017,-0.055099999999999996,0,1,BC,3,3,1,1,0,0,0,S12,2353.0,False,PIT,PIT,-0.0035427911015159324
2,5,4,1,1,0,0,0,1,4,1,1,0,1,0,0,0,0,0,0,0,1,1,0,0,0.25,0.4,1.0,1.4,0.75,0.0,,0.2,0.2,0.2,0.5,0.5,1.0,233.8,0.4,1.0,0.5547439333823713,0.1246,1,1,TT,5,4,1,4,1,0,0,S12,2371.0,False,CHC,CHC,0.08127137320400893
2,5,5,1,1,0,1,0,0,2,0,0,0,1,0,0,0,0,0,0,0,0,2,1,0,0.2,0.2,0.4,0.6000000000000001,0.2,0.25,,0.0,0.2,0.0,0.0,1.0,0.0,241.0,0.2,0.4,-0.5897557241094291,0.06499999999999999,0,3,WC,5,5,1,2,0,0,0,S12,2389.0,False,MIL,MIL,-0.0331785925451711
2,4,3,0,1,0,0,0,0,0,1,1,0,1,0,0,0,0,0,0,0,0,0,2,0,0.0,0.25,0.0,0.25,0.0,0.0,,0.0,0.25,0.25,0.0,1.0,0.0,313.0,0.25,0.0,-1.064705882352941,-0.20700000000000002,0,2,S,4,3,0,0,1,0,0,S12,2397.0,False,SFG,SFG,-0.08583300434267664
1,2,2,1,0,1,0,0,0,1,2,0,0,0,0,0,0,0,0,0,0,1,0,0,0,0.5,0.5,0.5,1.0,0.0,0.5,,0.0,0.0,0.0,1.0,0.0,,282.0,0.5,0.5,1.178814935064935,0.09920000000000001,1,0,HK,2,2,1,1,0,0,0,S12,2455.0,False,SFG,SFG,0.1282002854528022
1,3,3,0,0,0,0,0,0,0,0,0,0,0,0,0,0,0,0,1,2,1,0,0,0,0.0,0.0,0.0,0.0,0.0,0.0,,0.0,0.0,0.0,1.0,0.0,,434.3333333333333,0.0,0.0,-2.100874508319135,-0.16030000000000003,4,0,BP,3,3,0,0,0,0,0,S12,2467.0,False,SDP,SDP,-0.1946092629124504
1,2,2,0,0,0,0,0,0,0,0,0,0,2,0,0,0,0,0,0,0,0,0,0,0,0.0,0.0,0.0,0.0,0.0,,,0.0,1.0,0.0,,,,318.5,0.0,0.0,-0.41517857142857145,-0.0241,0,0,TT,2,2,0,0,0,0,0,S12,2482.0,False,ARI,ARI,-0.03119906519654842
1,3,2,0,0,0,0,0,0,0,0,1,0,0,0,0,0,0,0,0,0,1,1,0,0,0.0,0.3333333333333333,0.0,0.3333333333333333,0.0,0.0,,0.0,0.0,0.3333333333333333,0.5,0.5,1.0,266.3333333333333,0.3333333333333333,0.0,0.28170642071504154,-0.06810000000000001,1,1,SF,3,2,0,0,1,0,0,S12,2486.0,False,ATL,ATL,0.04364882999096724
1,2,2,1,0,1,0,0,0,1,0,0,0,0,0,0,0,0,0,1,0,1,0,0,0,0.5,0.5,0.5,1.0,0.0,0.5,,0.0,0.0,0.0,1.0,0.0,,290.0,0.5,0.5,-0.26316054860830984,0.043699999999999996,2,0,BC,2,2,1,1,0,0,0,S12,2487.0,False,OAK,OAK,-0.015997262914522258
2,3,3,1,1,1,0,0,0,1,2,0,0,1,0,1,0,0,0,0,0,0,1,0,0,0.3333333333333333,0.3333333333333333,0.3333333333333333,0.6666666666666666,0.0,0.5,1.0,0.0,0.3333333333333333,0.0,0.0,1.0,0.0,163.25,0.3333333333333333,0.3333333333333333,1.83862956598185,0.12539999999999998,0,1,HK,3,3,1,1,0,0,0,S12,2501.0,False,FLA,FLA,0.1993411445176481
2,3,3,1,0,1,0,0,0,1,0,0,0,0,0,0,0,0,0,0,1,1,0,0,0,0.3333333333333333,0.3333333333333333,0.3333333333333333,0.6666666666666666,0.0,0.3333333333333333,,0.0,0.0,0.0,1.0,0.0,,327.3333333333333,0.3333333333333333,0.3333333333333333,0.04213044418268308,0.020900000000000005,2,0,BC,3,3,1,1,0,0,0,S12,2504.0,False,MIL,MIL,0.019691232337731394
1,1,1,1,1,0,0,0,1,4,1,0,0,0,0,0,0,0,0,0,0,0,0,0,0,1.0,1.0,4.0,5.0,3.0,,,1.0,0.0,0.0,,,,4.0,1.0,4.0,1.0,0.0933,0,0,SM,1,1,1,4,0,0,0,S12,2508.0,False,STL,STL,0.10515939597315435
2,4,3,0,0,0,0,0,0,0,0,1,0,0,0,1,0,0,0,0,0,0,1,2,0,0.0,0.25,0.0,0.25,0.0,0.0,1.0,0.0,0.0,0.25,0.0,1.0,0.0,221.4,0.25,0.0,-0.33912907268170434,-0.022399999999999996,0,3,S,4,3,0,0,1,0,0,S12,2518.0,False,DET,DET,-0.013275323375552987
2,6,4,1,1,1,0,0,0,1,1,2,0,2,0,0,0,0,0,0,1,0,0,0,0,0.25,0.5,0.25,0.75,0.0,0.5,,0.0,0.3333333333333333,0.3333333333333333,1.0,0.0,,226.0,0.5,0.4,0.4852606971612201,0.012900000000000014,1,0,TT,6,5,2,2,1,0,0,S12,2524.0,False,CHC,CHC,0.07948244555504817
1,1,1,0,0,0,0,0,0,0,0,0,0,0,0,0,0,0,0,0,1,0,0,0,0,0.0,0.0,0.0,0.0,0.0,0.0,,0.0,0.0,0.0,1.0,0.0,,430.0,0.0,0.0,-0.3,-0.07339999999999999,1,0,S,1,1,0,0,0,0,0,S12,2532.0,False,PIT,PIT,-0.024840604026845636
1,2,2,2,1,1,0,0,1,5,1,0,0,0,0,0,1,0,0,0,0,0,0,0,0,1.0,1.0,2.5,3.5,1.5,1.0,0.0,0.5,0.0,0.0,,,,152.0,1.0,2.5,0.7284995894909687,0.063,0,0,BC,2,2,2,5,0,0,0,S12,2542.0,False,TBR,TBR,0.0831687508954056
2,4,4,1,0,1,0,0,0,1,0,0,0,0,0,0,0,0,0,0,1,0,2,0,0,0.25,0.25,0.25,0.5,0.0,0.25,,0.0,0.0,0.0,0.3333333333333333,0.6666666666666666,0.5,240.25,0.25,0.0,-0.90640664160401,-0.04590000000000001,1,2,1B,4,3,0,0,1,0,0,S12,2545.0,False,MIN,MIN,-0.07000308026778354
1,3,2,0,0,0,0,0,0,0,0,1,0,0,0,0,1,0,0,0,1,0,0,1,0,0.0,0.3333333333333333,0.0,0.3333333333333333,0.0,0.0,0.0,0.0,0.0,0.3333333333333333,0.5,0.5,1.0,366.0,0.3333333333333333,0.0,-1.188076956826957,-0.1538,1,1,XB,3,2,0,0,1,0,0,S12,2589.0,False,BAL,BAL,-0.1033295077632326
1,3,3,1,1,0,0,0,1,4,1,0,0,0,0,0,0,0,0,0,2,0,0,0,0,0.3333333333333333,0.3333333333333333,1.3333333333333333,1.6666666666666665,1.0,0.0,,0.3333333333333333,0.0,0.0,1.0,0.0,,214.33333333333334,0.3333333333333333,1.3333333333333333,0.332661088911089,0.05740000000000001,2,0,MH,3,3,1,4,0,0,0,S12,2591.0,False,NYY,NYY,0.048744296810571984
1,2,2,0,0,0,0,0,0,0,0,0,0,0,0,0,0,0,0,0,0,1,1,0,0,0.0,0.0,0.0,0.0,0.0,0.0,,0.0,0.0,0.0,0.5,0.5,1.0,370.0,0.0,0.0,-0.41517857142857145,-0.032100000000000004,1,1,BC,2,2,0,0,0,0,0,S12,2597.0,False,TOR,TOR,-0.03119906519654842
1,3,3,0,0,0,0,0,0,0,0,0,0,1,0,0,0,0,0,0,0,0,1,1,0,0.0,0.0,0.0,0.0,0.0,0.0,,0.0,0.3333333333333333,0.0,0.0,1.0,0.0,288.6666666666667,0.0,0.0,-0.7083677349628195,-0.1774,0,2,S,3,3,0,0,0,0,0,S12,2598.0,False,KCR,KCR,-0.055358585576818865
1,2,2,0,0,0,0,0,0,0,0,0,0,0,0,0,0,0,0,0,0,1,0,1,0,0.0,0.0,0.0,0.0,0.0,0.0,,0.0,0.0,0.0,0.5,0.5,1.0,381.0,0.0,0.0,-0.5430008210180625,-0.0492,1,1,XB,2,2,0,0,0,0,0,S12,2616.0,False,NYY,NYY,-0.043981290155497524
1,1,1,1,1,0,1,0,0,2,2,0,0,0,0,0,0,0,0,0,0,0,0,0,0,1.0,1.0,2.0,3.0,1.0,1.0,,0.0,0.0,0.0,,,,51.0,1.0,2.0,1.1019607843137256,0.45659999999999995,0,0,BC,1,1,1,2,0,0,0,S12,2625.0,False,LAD,LAD,0.11535547440452691
1,1,1,1,0,0,1,0,0,2,0,0,0,0,0,0,0,0,0,0,0,0,0,0,0,1.0,1.0,2.0,3.0,1.0,1.0,,0.0,0.0,0.0,,,,51.0,1.0,2.0,0.20746293800539078,0.0458,0,0,SM,1,1,1,2,0,0,0,S12,2634.0,False,TEX,TEX,0.025905689773693442
2,6,3,1,0,0,1,0,0,2,1,2,1,0,0,0,0,0,1,0,0,1,2,0,0,0.3333333333333333,0.5,0.6666666666666666,1.1666666666666665,0.3333333333333333,0.25,,0.0,0.0,0.3333333333333333,0.25,0.75,0.3333333333333333,226.0,0.3333333333333333,0.4,-0.0884318218187018,0.1495,1,3,BC,6,5,1,2,1,0,0,S12,2637.0,False,TBR,TBR,0.02211319365705599
1,2,2,1,0,0,1,0,0,2,1,0,0,0,0,0,0,0,0,0,0,0,1,0,0,0.5,0.5,1.0,1.5,0.5,0.5,,0.0,0.0,0.0,0.0,1.0,0.0,132.5,0.5,1.0,0.7284995894909687,0.09219999999999998,0,1,EN,2,2,1,2,0,0,0,S12,2640.0,False,ANA,ANA,0.0831687508954056
2,4,4,0,0,0,0,0,0,0,0,0,0,2,0,0,0,0,0,0,2,0,0,0,0,0.0,0.0,0.0,0.0,0.0,0.0,,0.0,0.5,0.0,1.0,0.0,,292.25,0.0,0.0,-1.033436268411057,-0.1199,2,0,MH,4,4,0,0,0,0,0,S12,2641.0,False,MTL,MTL,-0.08270604294848824
1,2,2,0,0,0,0,0,0,0,0,0,0,0,0,0,0,0,0,0,2,0,0,0,0,0.0,0.0,0.0,0.0,0.0,0.0,,0.0,0.0,0.0,1.0,0.0,,445.0,0.0,0.0,-0.49268547544409613,-0.0437,2,0,WC,2,2,0,0,0,0,0,S12,2642.0,False,ATL,ATL,-0.03894975559810089
2,3,3,1,0,0,1,0,0,2,0,0,0,1,0,0,0,0,0,0,0,0,0,1,0,0.3333333333333333,0.3333333333333333,0.6666666666666666,1.0,0.3333333333333333,0.5,,0.0,0.3333333333333333,0.0,0.0,1.0,0.0,238.66666666666666,0.3333333333333333,0.6666666666666666,-0.5972562467126287,0.032299999999999995,0,1,BN,3,3,1,2,0,0,0,S12,2651.0,False,ATL,ATL,-0.04424743675179978
1,2,1,0,0,0,0,0,0,0,0,1,0,0,0,0,0,0,0,0,0,0,0,1,0,0.0,0.5,0.0,0.5,0.0,0.0,,0.0,0.0,0.5,0.0,1.0,0.0,246.5,0.5,0.0,0.3391304347826087,-0.029100000000000004,0,1,XB,2,1,0,0,1,0,0,S12,2660.0,False,SFG,SFG,0.04423183542456959
2,5,5,4,3,0,1,0,3,14,5,0,0,1,0,0,0,0,0,0,0,0,0,0,0,0.8,0.8,2.8,3.5999999999999996,1.9999999999999998,1.0,,0.6,0.2,0.0,,,,104.8,0.8,2.6,4.323247049347312,0.42189999999999994,0,0,TT,5,5,4,13,0,0,0,S12,2664.0,False,LAD,LAD,0.458121684800503
2,4,4,2,1,2,0,0,0,2,1,0,0,0,0,0,0,0,0,0,0,0,2,0,0,0.5,0.5,0.5,1.0,0.0,0.5,,0.0,0.0,0.0,0.0,1.0,0.0,180.75,0.5,0.5,-0.4602527954501639,0.046000000000000006,0,2,BC,4,4,2,2,0,0,0,S12,2668.0,False,CWS,CWS,-0.025387695652398946
1,3,2,0,0,0,0,0,0,0,0,1,0,1,0,0,0,0,0,0,0,1,0,0,0,0.0,0.3333333333333333,0.0,0.3333333333333333,0.0,0.0,,0.0,0.3333333333333333,0.3333333333333333,1.0,0.0,,301.6666666666667,0.3333333333333333,0.0,-0.062387540620299164,-0.013099999999999999,1,0,BP,3,2,0,0,1,0,0,S12,2671.0,False,NYY,NYY,0.009239433857433168
1,2,2,1,1,0,0,1,0,3,3,0,0,0,0,0,0,0,0,0,0,0,0,1,0,0.5,0.5,1.5,2.0,1.0,0.5,,0.0,0.0,0.0,0.0,1.0,0.0,230.5,0.5,1.5,1.735179307084487,0.2179,0,1,S,2,2,1,3,0,0,0,S12,2673.0,False,CLE,CLE,0.18383672265475742
1,1,1,0,0,0,0,0,0,0,0,0,0,0,0,0,0,0,0,0,0,0,1,0,0,0.0,0.0,0.0,0.0,0.0,0.0,,0.0,0.0,0.0,0.0,1.0,0.0,147.0,0.0,0.0,-0.14367816091954022,-0.0169,0,1,BP,1,1,0,0,0,0,0,S12,2675.0,False,SEA,SEA,-0.00920842011879966
1,2,2,1,1,1,0,0,0,1,0,0,0,0,0,1,0,0,0,0,0,0,0,1,0,0.5,0.5,0.5,1.0,0.0,0.5,1.0,0.0,0.0,0.0,0.0,1.0,0.0,210.0,0.5,0.5,-0.0925370619946092,-0.0059000000000000025,0,1,BC,2,2,1,1,0,0,0,S12,2679.0,False,PHI,PHI,0.0010650857468478033
1,1,1,0,0,0,0,0,0,0,0,0,0,0,0,0,0,0,0,0,0,0,1,0,0,0.0,0.0,0.0,0.0,0.0,0.0,,0.0,0.0,0.0,0.0,1.0,0.0,193.0,0.0,0.0,-0.49122807017543857,-0.0541,0,1,TT,1,1,0,0,0,0,0,S12,2681.0,False,MTL,MTL,-0.04396341104438949
2,3,3,0,0,0,0,0,0,0,0,0,0,2,0,0,0,0,0,0,0,0,1,0,0,0.0,0.0,0.0,0.0,0.0,0.0,,0.0,0.6666666666666666,0.0,0.0,1.0,0.0,262.0,0.0,0.0,-0.9335982000455683,-0.11359999999999999,0,1,BC,3,3,0,0,0,0,0,S12,2683.0,False,NYM,NYM,-0.07788163208509374
1,1,1,0,0,0,0,0,0,0,0,0,0,0,0,0,0,0,0,0,1,0,0,0,0,0.0,0.0,0.0,0.0,0.0,0.0,,0.0,0.0,0.0,1.0,0.0,,446.0,0.0,0.0,-0.2211850649350649,-0.023700000000000002,1,0,SM,1,1,0,0,0,0,0,S12,2689.0,False,SEA,SEA,-0.01695911052035213
2,5,5,1,0,1,0,0,0,1,1,0,0,0,0,0,0,0,0,0,2,2,0,0,0,0.2,0.2,0.2,0.4,0.0,0.2,,0.0,0.0,0.0,1.0,0.0,,370.2,0.2,0.2,-0.5536156107957377,-0.0601,4,0,BC,5,5,1,1,0,0,0,S12,2691.0,False,ANA,ANA,-0.029564581213801965
1,2,2,0,0,0,0,0,0,0,0,0,0,0,0,0,0,0,0,0,1,0,0,1,0,0.0,0.0,0.0,0.0,0.0,0.0,,0.0,0.0,0.0,0.5,0.5,1.0,384.5,0.0,0.0,-0.5430008210180625,-0.0374,1,1,1B,2,2,0,0,0,0,0,S12,2692.0,False,SEA,SEA,-0.043981290155497524
2,5,4,3,0,1,2,0,0,5,2,0,0,1,0,1,0,0,1,0,0,0,1,0,0,0.75,0.6,1.25,1.85,0.5,0.75,1.0,0.0,0.2,0.0,0.0,1.0,0.0,173.5,0.6,1.0,0.7574150479810857,0.5009,0,2,BN,5,5,3,5,0,0,0,S12,2696.0,False,FLA,FLA,0.10153848466388038
1,2,2,0,0,0,0,0,0,0,0,0,0,1,0,0,0,0,0,0,0,1,0,0,0,0.0,0.0,0.0,0.0,0.0,0.0,,0.0,0.5,0.0,1.0,0.0,,354.5,0.0,0.0,-0.49268547544409613,-0.07200000000000001,1,0,HK,2,2,0,0,0,0,0,S12,2702.0,False,CWS,CWS,-0.03894975559810089
1,1,1,1,1,0,1,0,0,2,0,0,0,0,0,0,0,0,0,0,0,0,0,0,0,1.0,1.0,2.0,3.0,1.0,1.0,,0.0,0.0,0.0,,,,50.0,1.0,2.0,0.34754990925589835,0.033,0,0,WC,1,1,1,2,0,0,0,S12,2706.0,False,MTL,MTL,0.0399143868987442
2,3,3,0,0,0,0,0,0,0,0,0,0,0,0,0,0,0,0,1,2,1,0,0,0,0.0,0.0,0.0,0.0,0.0,0.0,,0.0,0.0,0.0,1.0,0.0,,445.0,0.0,0.0,-1.3275069040155245,-0.168,4,0,HK,3,3,0,0,0,0,0,S12,2710.0,False,OAK,OAK,-0.11727250248208936
2,4,4,2,2,1,0,0,1,5,2,0,0,0,0,1,0,0,0,1,1,0,1,0,0,0.5,0.5,1.25,1.75,0.75,0.3333333333333333,1.0,0.25,0.0,0.0,0.6666666666666666,0.3333333333333333,2.0,187.8,0.75,1.6666666666666667,0.10263978504590676,0.5669000000000001,2,1,BC,4,3,2,5,1,0,0,S12,2722.0,False,OAK,OAK,0.030901562397208128
2,3,3,2,1,1,0,0,1,5,1,0,0,0,0,0,0,0,0,0,0,0,0,1,0,0.6666666666666666,0.6666666666666666,1.6666666666666667,2.3333333333333335,1.0,0.5,,0.3333333333333333,0.0,0.0,0.0,1.0,0.0,154.0,0.6666666666666666,1.6666666666666667,1.3408224131332727,0.0296,0,1,S,3,3,2,5,0,0,0,S12,2723.0,False,PHI,PHI,0.14956042923279037
2,5,5,3,1,1,1,0,1,7,1,0,0,1,0,1,0,0,0,0,1,0,0,0,0,0.6,0.6,1.4,2.0,0.7999999999999999,0.6666666666666666,1.0,0.2,0.2,0.0,1.0,0.0,,183.33333333333334,0.6,1.6,0.4624023007521706,0.3313,1,0,XB,5,5,3,8,0,0,0,S12,2734.0,False,ANA,ANA,0.07203720994098886
2,4,4,0,0,0,0,0,0,0,0,0,0,0,0,0,0,0,0,1,2,1,1,0,0,0.0,0.0,0.0,0.0,0.0,0.0,,0.0,0.0,0.0,0.8,0.2,4.0,425.75,0.0,0.0,-2.722640602775536,-0.10260000000000001,4,1,S,4,4,0,0,0,0,0,S12,2736.0,False,NYY,NYY,-0.2516264763849362
2,4,4,0,0,0,0,0,0,0,0,0,0,1,0,0,0,0,0,1,2,1,0,0,0,0.0,0.0,0.0,0.0,0.0,0.0,,0.0,0.25,0.0,1.0,0.0,,418.0,0.0,0.0,-1.5178418279833372,-0.2043,4,0,WC,4,4,0,0,0,0,0,S12,2760.0,False,NYM,NYM,-0.13114659890571628
2,5,3,0,0,0,0,0,0,0,1,1,0,1,0,0,0,0,1,0,0,2,1,0,0,0.0,0.2,0.0,0.2,0.0,0.0,,0.0,0.2,0.2,0.5,0.5,1.0,329.0,0.2,0.0,-0.4010695187165775,-0.0649,2,2,TT,5,4,0,0,1,0,0,S12,2761.0,False,CHC,CHC,-0.01430997200588594
1,3,3,0,0,0,0,0,0,0,0,0,0,1,0,0,0,0,0,0,1,0,1,0,0,0.0,0.0,0.0,0.0,0.0,0.0,,0.0,0.3333333333333333,0.0,0.5,0.5,1.0,297.6666666666667,0.0,0.0,-1.3173701298701297,-0.0715,1,1,BP,3,3,0,0,0,0,0,S12,2768.0,False,STL,STL,-0.11625882506754988
2,5,5,2,1,1,1,0,0,3,0,0,0,1,0,1,0,0,0,0,1,1,0,0,0,0.4,0.4,0.6,1.0,0.19999999999999996,0.5,1.0,0.0,0.2,0.0,1.0,0.0,,241.66666666666666,0.4,0.6,-0.17112241477888845,0.09299999999999999,2,0,XB,5,5,2,3,0,0,0,S12,2772.0,False,BOS,BOS,0.008684738387882963
1,2,2,0,0,0,0,0,0,0,0,0,0,0,0,0,0,0,0,0,0,0,2,0,0,0.0,0.0,0.0,0.0,0.0,0.0,,0.0,0.0,0.0,0.0,1.0,0.0,191.5,0.0,0.0,-0.3648632258546051,-0.0286,0,2,BN,2,2,0,0,0,0,0,S12,2773.0,False,ARI,ARI,-0.02616753063915179
1,1,1,0,0,0,0,0,0,0,0,0,0,1,0,0,0,0,0,0,0,0,0,0,0,0.0,0.0,0.0,0.0,0.0,,,0.0,1.0,0.0,,,,300.0,0.0,0.0,-0.3001148105625718,-0.0316,0,0,BP,1,1,0,0,0,0,0,S12,2785.0,False,STL,STL,-0.024852085083102816
1,2,2,1,1,0,0,0,1,4,2,0,0,1,0,0,0,0,0,0,0,0,0,0,0,0.5,0.5,2.0,2.5,1.5,,,0.5,0.5,0.0,,,,149.5,0.5,2.0,1.5087719298245612,0.2245,0,0,BC,2,2,1,4,0,0,0,S12,2787.0,False,SEA,SEA,0.16119598492876483
1,2,2,0,0,0,0,0,0,0,0,0,0,1,0,0,0,0,0,0,0,1,0,0,0,0.0,0.0,0.0,0.0,0.0,0.0,,0.0,0.5,0.0,1.0,0.0,,410.0,0.0,0.0,-0.7627284806844699,-0.0652,1,0,XB,2,2,0,0,0,0,0,S12,2789.0,False,FLA,FLA,-0.06595405612213825
2,5,5,0,0,0,0,0,0,0,0,0,0,0,0,0,0,0,0,0,0,1,4,0,0,0.0,0.0,0.0,0.0,0.0,0.0,,0.0,0.0,0.0,0.2,0.8,0.25,276.0,0.0,0.0,-1.9815020218412271,-0.0794,1,4,BC,5,5,0,0,0,0,0,S12,2800.0,False,STL,STL,-0.1723532223183509
2,5,2,0,1,0,0,0,0,0,0,3,0,0,0,0,0,0,0,0,0,2,0,0,0,0.0,0.6,0.0,0.6,0.0,0.0,,0.0,0.0,0.6,1.0,0.0,,275.2,0.6,0.0,1.1290070293191825,0.11729999999999999,2,0,WC,5,2,0,0,3,0,0,S12,2802.0,False,SFG,SFG,0.13869768279769007
1,1,1,0,0,0,0,0,0,0,0,0,0,1,1,0,0,0,0,0,0,0,0,0,0,0.0,0.0,0.0,0.0,0.0,,,0.0,1.0,0.0,,,,,0.0,0.0,-0.14367816091954022,-0.0196,0,0,WC,1,1,0,0,0,0,0,S12,2804.0,False,NYM,NYM,-0.00920842011879966
1,3,3,0,0,0,0,0,0,0,0,0,0,2,0,0,0,0,0,0,1,0,0,0,0,0.0,0.0,0.0,0.0,0.0,0.0,,0.0,0.6666666666666666,0.0,1.0,0.0,,313.3333333333333,0.0,0.0,-0.9966781753115497,-0.0818,1,0,HK,3,3,0,0,0,0,0,S12,2805.0,False,SEA,SEA,-0.08418962961169188
2,5,4,1,2,0,0,0,1,4,2,1,0,1,0,0,0,0,0,0,0,1,1,0,0,0.25,0.4,1.0,1.4,0.75,0.0,,0.2,0.2,0.2,0.5,0.5,1.0,202.4,0.4,1.0,0.888336404703516,0.2965,1,1,TT,5,4,1,4,1,0,0,S12,2811.0,False,SEA,SEA,0.11463062033612341
1,2,2,1,0,0,1,0,0,2,1,0,0,0,0,0,0,0,0,0,0,0,0,1,0,0.5,0.5,1.0,1.5,0.5,0.5,,0.0,0.0,0.0,0.0,1.0,0.0,203.5,0.5,1.0,0.7758238415636628,0.024900000000000005,0,1,S,2,2,1,2,0,0,0,S12,2815.0,False,ATL,ATL,0.087901176102675
1,2,2,1,1,1,0,0,0,1,0,0,0,0,0,0,0,0,0,0,0,0,1,0,0,0.5,0.5,0.5,1.0,0.0,0.5,,0.0,0.0,0.0,0.0,1.0,0.0,161.5,0.5,0.5,0.16760765124053995,0.0292,0,1,BC,2,2,1,1,0,0,0,S12,2816.0,False,ANA,ANA,0.02707955707036272
1,1,1,0,0,0,0,0,0,0,0,0,0,0,0,0,0,0,0,0,0,0,1,0,0,0.0,0.0,0.0,0.0,0.0,0.0,,0.0,0.0,0.0,0.0,1.0,0.0,211.0,0.0,0.0,-0.2211850649350649,-0.027000000000000003,0,1,XB,1,1,0,0,0,0,0,S12,2821.0,False,TEX,TEX,-0.01695911052035213
2,5,5,0,0,0,0,0,0,0,0,0,0,0,0,0,0,0,0,0,0,2,3,0,0,0.0,0.0,0.0,0.0,0.0,0.0,,0.0,0.0,0.0,0.4,0.6,0.6666666666666666,298.2,0.0,0.0,-1.3487767714741399,-0.1406,2,3,BC,5,5,0,0,0,0,0,S12,2825.0,False,FLA,FLA,-0.10908069728164219
1,2,2,0,0,0,0,0,0,0,0,0,0,0,0,0,0,0,0,0,0,1,1,0,0,0.0,0.0,0.0,0.0,0.0,0.0,,0.0,0.0,0.0,0.5,0.5,1.0,333.0,0.0,0.0,-1.3662280701754386,-0.078,1,1,XB,2,2,0,0,0,0,0,S12,2826.0,False,LAD,LAD,-0.12630401507123515
1,3,2,2,2,1,0,0,1,5,1,1,0,0,0,0,0,0,0,0,0,0,0,0,0,1.0,1.0,2.5,3.5,1.5,1.0,,0.3333333333333333,0.0,0.3333333333333333,,,,86.66666666666667,0.6666666666666666,1.6666666666666667,1.8782161234991424,0.2813,0,0,BP,3,3,2,5,0,0,0,S12,2827.0,False,MIN,MIN,0.20329980026937733
2,5,4,2,1,1,1,0,0,3,0,1,0,1,0,2,0,0,0,0,0,1,0,0,0,0.5,0.6,0.75,1.35,0.25,0.6666666666666666,1.0,0.0,0.2,0.2,1.0,0.0,,184.14285714285714,0.6,0.75,0.22808400166890735,0.09639999999999999,1,0,BN,5,4,2,3,1,0,0,S12,2833.0,False,SEA,SEA,0.04860538003266254
2,5,4,1,0,1,0,0,0,1,0,1,0,1,0,1,0,0,0,0,0,1,1,0,0,0.25,0.4,0.25,0.65,0.0,0.3333333333333333,1.0,0.0,0.2,0.2,0.5,0.5,1.0,260.3333333333333,0.4,0.25,0.1181799429295502,0.019100000000000006,1,1,BC,5,4,1,1,1,0,0,S12,2834.0,False,TEX,TEX,0.037614974158726826
1,1,1,1,0,0,1,0,0,2,0,0,0,0,0,0,0,0,0,0,0,0,0,0,0,1.0,1.0,2.0,3.0,1.0,1.0,,0.0,0.0,0.0,,,,49.0,1.0,2.0,0.34754990925589835,0.0305,0,0,BC,1,1,1,2,0,0,0,S12,2835.0,False,OAK,OAK,0.0399143868987442
1,2,2,0,0,0,0,0,0,0,0,0,0,0,0,0,0,0,0,0,0,1,1,0,0,0.0,0.0,0.0,0.0,0.0,0.0,,0.0,0.0,0.0,0.5,0.5,1.0,377.5,0.0,0.0,-0.3648632258546051,-0.04869999999999999,1,1,SM,2,2,0,0,0,0,0,S12,2840.0,False,NYM,NYM,-0.02616753063915179
1,1,1,1,0,1,0,0,0,1,0,0,0,0,0,0,0,0,0,0,0,0,0,0,0,1.0,1.0,1.0,2.0,0.0,1.0,,0.0,0.0,0.0,,,,113.0,1.0,1.0,0.3310900852878465,0.0091,0,0,SF,1,1,1,1,0,0,0,S12,2842.0,False,ARI,ARI,0.03826840450193901
2,5,4,1,1,0,1,0,0,2,3,1,0,1,0,0,0,0,0,0,0,0,1,0,1,0.25,0.4,0.5,0.9,0.25,0.3333333333333333,,0.0,0.2,0.2,0.0,1.0,0.0,248.8,0.4,0.5,1.8145863698784297,0.1763,0,2,1B,5,4,1,2,1,0,0,S12,2844.0,False,BOS,BOS,0.20725561685361477
1,1,0,0,0,0,0,0,0,0,0,1,0,0,0,0,0,0,0,0,0,0,0,0,0,,1.0,,,,,,0.0,0.0,1.0,,,,116.0,1.0,,0.6,0.0166,0,0,BP,1,0,0,,1,0,0,S12,2846.0,False,COL,COL,0.06515939597315436
2,5,4,1,2,1,0,0,0,1,0,1,0,0,0,1,0,0,0,1,0,2,0,1,0,0.25,0.4,0.25,0.65,0.0,0.25,1.0,0.0,0.0,0.2,0.75,0.25,3.0,291.3333333333333,0.4,0.25,0.20273762773142134,0.00880000000000001,3,1,BC,5,4,1,1,1,0,0,S12,2847.0,False,LAD,LAD,0.04607074263891394
1,1,1,0,0,0,0,0,0,0,0,0,0,0,0,0,0,0,0,0,0,0,1,0,0,0.0,0.0,0.0,0.0,0.0,0.0,,0.0,0.0,0.0,0.0,1.0,0.0,214.0,0.0,0.0,-0.49122807017543857,-0.039900000000000005,0,1,WC,1,1,0,0,0,0,0,S12,2848.0,False,TEX,TEX,-0.04396341104438949
1,1,1,1,1,0,0,0,1,4,1,0,0,0,0,0,0,0,0,0,0,0,0,0,0,1.0,1.0,4.0,5.0,3.0,,,1.0,0.0,0.0,,,,2.0,1.0,4.0,1.0,0.1133,0,0,BN,1,1,1,4,0,0,0,S12,2852.0,False,DET,DET,0.10515939597315435
2,5,4,3,1,3,0,0,0,3,0,1,0,0,0,0,1,0,0,0,0,0,1,0,0,0.75,0.8,0.75,1.55,0.0,0.75,0.0,0.0,0.0,0.2,0.0,1.0,0.0,160.83333333333334,0.8,0.75,0.7893950159036367,0.066,0,1,WC,5,4,3,3,1,0,0,S12,2853.0,False,SEA,SEA,0.10473648145613548
1,4,3,1,0,0,1,0,0,2,1,1,0,1,0,0,0,0,0,1,1,0,0,0,0,0.3333333333333333,0.5,0.6666666666666666,1.1666666666666665,0.3333333333333333,0.5,,0.0,0.25,0.25,1.0,0.0,,231.25,0.5,1.0,-1.3086157970650947,-0.19009999999999996,2,0,BC,4,3,1,3,1,0,0,S12,2854.0,False,SFG,SFG,-0.11022399581389201
2,4,3,1,1,0,1,0,0,2,0,1,0,1,0,0,0,0,0,0,0,0,1,0,0,0.3333333333333333,0.5,0.6666666666666666,1.1666666666666665,0.3333333333333333,0.5,,0.0,0.25,0.25,0.0,1.0,0.0,193.5,0.5,0.6666666666666666,0.048482471123980575,0.1367,0,1,WC,4,3,1,2,1,0,0,S12,2856.0,False,OAK,OAK,0.025485831005015502
2,3,3,1,0,1,0,0,0,1,1,0,0,0,0,0,1,0,0,0,1,1,0,0,0,0.3333333333333333,0.3333333333333333,0.3333333333333333,0.6666666666666666,0.0,0.3333333333333333,0.0,0.0,0.0,0.0,1.0,0.0,,338.75,0.3333333333333333,0.3333333333333333,-0.14879792246733786,-0.0174,2,0,SF,3,3,1,1,0,0,0,S12,2857.0,False,PHI,PHI,0.0005983956727292989
2,4,3,1,1,1,0,0,0,1,1,1,0,0,0,1,0,0,0,1,1,1,0,0,0,0.3333333333333333,0.5,0.3333333333333333,0.8333333333333333,0.0,0.3333333333333333,1.0,0.0,0.0,0.25,1.0,0.0,,261.2,0.5,0.3333333333333333,0.19268496428121396,0.12940000000000002,3,0,BN,4,3,1,1,1,0,0,S12,2858.0,False,PIT,PIT,0.03990608032073885
2,5,4,3,3,1,0,1,1,8,4,1,0,0,0,1,1,0,0,0,1,0,0,0,0,0.75,0.8,2.0,2.8,1.25,0.6666666666666666,0.5,0.2,0.0,0.2,1.0,0.0,,154.57142857142858,0.8,2.0,3.535306548200101,0.35240000000000005,1,0,S,5,4,3,8,1,0,0,S12,2864.0,False,SDP,SDP,0.37932763468578196
2,5,5,0,0,0,0,0,0,0,0,0,0,0,0,0,0,0,0,0,1,1,3,0,0,0.0,0.0,0.0,0.0,0.0,0.0,,0.0,0.0,0.0,0.4,0.6,0.6666666666666666,315.4,0.2,0.0,-0.9114552365417002,-0.1221,2,3,SM,5,4,0,0,1,0,0,S12,2868.0,False,ANA,ANA,-0.06534854378839822
2,5,4,1,1,1,0,0,0,1,0,1,0,0,0,0,0,0,0,0,0,1,1,1,0,0.25,0.4,0.25,0.65,0.0,0.25,,0.0,0.0,0.2,0.3333333333333333,0.6666666666666666,0.5,237.2,0.4,0.25,-0.2475709201880315,-0.03159999999999999,1,2,BP,5,4,1,1,1,0,0,S12,2869.0,False,PIT,PIT,0.0010398878469686569
1,2,2,0,0,0,0,0,0,0,0,0,0,1,0,0,0,0,0,0,0,1,0,0,0,0.0,0.0,0.0,0.0,0.0,0.0,,0.0,0.5,0.0,1.0,0.0,,407.0,0.0,0.0,-0.49268547544409613,-0.061399999999999996,1,0,BC,2,2,0,0,0,0,0,S12,2870.0,False,MIL,MIL,-0.03894975559810089
1,3,3,2,2,2,0,0,0,2,0,0,0,1,0,0,0,0,0,0,0,0,0,0,0,0.6666666666666666,0.6666666666666666,0.6666666666666666,1.3333333333333333,0.0,1.0,,0.0,0.3333333333333333,0.0,,,,167.66666666666666,0.6666666666666666,0.6666666666666666,0.455944055944056,0.061,0,0,BP,3,3,2,2,0,0,0,S12,2874.0,False,HOU,HOU,0.06107259351386869
1,2,1,0,0,0,0,0,0,0,0,1,0,0,0,0,1,0,0,0,0,0,0,1,0,0.0,0.5,0.0,0.5,0.0,0.0,0.0,0.0,0.0,0.5,0.0,1.0,0.0,295.0,0.0,0.0,-0.3362488258010646,-0.0087,0,1,S,2,2,0,0,0,0,0,S12,2878.0,False,PHI,PHI,-0.02330609063379773
2,4,4,0,0,0,0,0,0,0,0,0,0,0,0,0,0,0,0,0,0,1,0,3,0,0.0,0.0,0.0,0.0,0.0,0.0,,0.0,0.0,0.0,0.25,0.75,0.3333333333333333,348.25,0.0,0.0,-1.5733593259761098,-0.1636,1,3,SF,4,4,0,0,0,0,0,S12,2880.0,False,ANA,ANA,-0.13669834870499353
1,3,3,0,0,0,0,0,0,0,0,0,0,3,0,0,0,0,0,0,0,0,0,0,0,0.0,0.0,0.0,0.0,0.0,,,0.0,1.0,0.0,,,,396.6666666666667,0.0,0.0,-1.0319788631423994,-0.19269999999999998,0,0,TT,3,3,0,0,0,0,0,S12,2882.0,False,MIL,MIL,-0.08771969839477686
2,6,6,2,0,1,1,0,0,3,1,0,0,1,0,0,0,0,0,0,2,0,0,1,0,0.3333333333333333,0.3333333333333333,0.5,0.8333333333333333,0.16666666666666669,0.4,,0.0,0.16666666666666666,0.0,0.6666666666666666,0.3333333333333333,2.0,235.0,0.3333333333333333,0.5,0.7542152345211589,0.0075000000000000015,2,1,BC,6,6,2,3,0,0,0,S12,2886.0,False,CLE,CLE,0.10637789929104206
1,3,3,0,0,0,0,0,0,0,0,0,0,0,0,0,0,0,0,1,2,0,1,0,0,0.0,0.0,0.0,0.0,0.0,0.0,,0.0,0.0,0.0,0.75,0.25,3.0,330.0,0.0,0.0,-1.7702774486882433,-0.1874,3,1,BC,3,3,0,0,0,0,0,S12,2889.0,False,TBR,TBR,-0.16154955694936124
1,2,2,0,0,0,0,0,0,0,0,0,0,1,0,0,0,0,0,0,1,0,0,0,0,0.0,0.0,0.0,0.0,0.0,0.0,,0.0,0.5,0.0,1.0,0.0,,261.5,0.0,0.0,-0.41517857142857145,-0.018000000000000002,1,0,MH,2,2,0,0,0,0,0,S12,2893.0,False,ARI,ARI,-0.03119906519654842
1,2,2,0,0,0,0,0,0,0,0,0,0,0,0,0,0,0,0,0,1,1,0,0,0,0.0,0.0,0.0,0.0,0.0,0.0,,0.0,0.0,0.0,1.0,0.0,,444.5,0.0,0.0,-0.41517857142857145,-0.012299999999999998,2,0,BC,2,2,0,0,0,0,0,S12,2897.0,False,PHI,PHI,-0.03119906519654842
1,3,3,0,0,0,0,0,0,0,0,0,0,1,0,0,0,0,0,0,0,0,2,0,0,0.0,0.0,0.0,0.0,0.0,0.0,,0.0,0.3333333333333333,0.0,0.0,1.0,0.0,251.0,0.0,0.0,-0.8110170720084513,-0.09129999999999999,0,2,BN,3,3,0,0,0,0,0,S12,2900.0,False,MIN,MIN,-0.06562351928138205
1,2,2,0,0,0,0,0,0,0,0,0,0,1,0,0,0,0,0,0,1,0,0,0,0,0.0,0.0,0.0,0.0,0.0,0.0,,0.0,0.5,0.0,1.0,0.0,,374.5,0.0,0.0,-0.443792971482112,-0.017099999999999997,1,0,SM,2,2,0,0,0,0,0,S12,2902.0,False,ARI,ARI,-0.03406050520190247
1,2,2,0,0,0,0,0,0,0,0,0,0,0,0,0,0,0,0,0,1,0,1,0,0,0.0,0.0,0.0,0.0,0.0,0.0,,0.0,0.0,0.0,0.5,0.5,1.0,289.0,0.0,0.0,-0.49268547544409613,-0.042800000000000005,1,1,1B,2,2,0,0,0,0,0,S12,2904.0,False,CIN,CIN,-0.03894975559810089
1,1,1,0,0,0,0,0,0,0,0,0,0,0,0,0,0,0,0,0,0,0,1,0,0,0.0,0.0,0.0,0.0,0.0,0.0,,0.0,0.0,0.0,0.0,1.0,0.0,212.0,0.0,0.0,-0.27150041050903123,-0.0236,0,1,S,1,1,0,0,0,0,0,S12,2908.0,False,NYM,NYM,-0.021990645077748762
2,5,4,3,1,3,0,0,0,3,2,1,0,1,0,0,0,0,0,0,0,0,0,0,0,0.75,0.8,0.75,1.55,0.0,1.0,,0.0,0.2,0.2,,,,156.0,0.8,0.75,2.2968812796399005,0.2098,0,0,BC,5,4,3,3,1,0,0,S12,2911.0,False,CHC,CHC,0.25548510782976186
1,1,1,1,0,0,1,0,0,2,1,0,0,0,0,0,0,0,0,0,0,0,0,0,0,1.0,1.0,2.0,3.0,1.0,1.0,,0.0,0.0,0.0,,,,42.0,1.0,2.0,1.0,0.10490000000000001,0,0,BC,1,1,1,2,0,0,0,S12,2913.0,False,MTL,MTL,0.10515939597315435
1,3,2,1,1,0,0,0,1,4,1,1,0,1,0,0,0,0,0,0,0,0,0,0,0,0.5,0.6666666666666666,2.0,2.6666666666666665,1.5,,,0.3333333333333333,0.3333333333333333,0.3333333333333333,,,,142.0,0.6666666666666666,2.0,1.1628750297857593,0.34650000000000003,0,0,BN,3,2,1,4,1,0,0,S12,2914.0,False,MTL,MTL,0.13176569089803902
2,5,4,1,2,0,1,0,0,2,0,1,0,0,0,0,0,0,0,0,0,1,1,1,0,0.25,0.4,0.5,0.9,0.25,0.25,,0.0,0.0,0.2,0.3333333333333333,0.6666666666666666,0.5,240.2,0.4,0.5,1.4093497191605788,0.0571,1,2,BP,5,4,1,2,1,0,0,S12,2916.0,False,CLE,CLE,0.1667319517818297
1,2,2,1,1,0,1,0,0,2,0,0,0,0,0,0,0,0,0,0,1,0,0,0,0,0.5,0.5,1.0,1.5,0.5,0.5,,0.0,0.0,0.0,1.0,0.0,,248.0,0.5,1.0,-0.013722126929674117,0.016600000000000004,1,0,WC,2,2,1,2,0,0,0,S12,2922.0,False,BAL,BAL,0.008946579253341313
1,2,1,0,1,0,0,0,0,0,0,1,0,1,0,0,0,0,0,0,0,0,0,0,0,0.0,0.5,0.0,0.5,0.0,,,0.0,0.5,0.5,,,,204.5,0.5,0.0,-0.12755860491709547,-0.045899999999999996,0,0,HK,2,1,0,0,1,0,0,S12,2932.0,False,CIN,CIN,-0.0024370685454008236
2,5,4,1,1,0,1,0,0,2,0,1,0,1,0,0,0,0,0,0,0,1,0,1,0,0.25,0.4,0.5,0.9,0.25,0.3333333333333333,,0.0,0.2,0.2,0.5,0.5,1.0,280.2,0.4,0.25,-0.07835969560107486,0.015899999999999997,1,1,SF,5,4,1,1,1,0,0,S12,2942.0,False,ATL,ATL,0.01796101030566432
1,1,1,0,0,0,0,0,0,0,0,0,0,0,0,0,0,0,0,0,1,0,0,0,0,0.0,0.0,0.0,0.0,0.0,0.0,,0.0,0.0,0.0,1.0,0.0,,370.0,0.0,0.0,-0.2211850649350649,-0.0209,1,0,BN,1,1,0,0,0,0,0,S12,2943.0,False,DET,DET,-0.01695911052035213
1,3,2,0,0,0,0,0,0,0,0,1,0,1,0,0,0,0,0,0,0,0,0,1,0,0.0,0.3333333333333333,0.0,0.3333333333333333,0.0,0.0,,0.0,0.3333333333333333,0.3333333333333333,0.0,1.0,0.0,235.0,0.3333333333333333,0.0,-0.14810814185814192,-0.012899999999999995,0,1,XB,3,2,0,0,1,0,0,S12,2944.0,False,SEA,SEA,0.0006673737336488933
1,1,1,0,0,0,0,0,0,0,0,0,0,0,0,0,0,0,0,0,0,0,1,0,0,0.0,0.0,0.0,0.0,0.0,0.0,,0.0,0.0,0.0,0.0,1.0,0.0,207.0,0.0,0.0,-0.27150041050903123,-0.0282,0,1,BP,1,1,0,0,0,0,0,S12,2946.0,False,NYM,NYM,-0.021990645077748762
1,1,1,0,0,0,0,0,0,0,0,0,0,0,0,0,0,0,0,0,1,0,0,0,0,0.0,0.0,0.0,0.0,0.0,0.0,,0.0,0.0,0.0,1.0,0.0,,422.0,0.0,0.0,-0.27150041050903123,-0.0203,1,0,TT,1,1,0,0,0,0,0,S12,2948.0,False,MIL,MIL,-0.021990645077748762
2,5,5,4,3,1,2,1,0,8,1,0,0,1,0,0,0,0,0,0,0,0,0,0,0,0.8,0.8,1.6,2.4000000000000004,0.8,1.0,,0.0,0.2,0.0,,,,112.2,0.8,1.6,1.8102073633913256,0.24630000000000002,0,0,BC,5,5,4,8,0,0,0,S12,2950.0,False,FLA,FLA,0.20681771620490438
2,5,5,2,1,1,1,0,0,3,2,0,0,0,0,0,0,0,0,1,2,0,1,0,0,0.4,0.4,0.6,1.0,0.19999999999999996,0.4,,0.0,0.0,0.0,0.75,0.25,3.0,239.8,0.4,0.6,0.7751600374961083,0.075,3,1,BN,5,5,2,3,0,0,0,S12,2951.0,False,CLE,CLE,0.10331298361538263
1,2,2,1,0,1,0,0,0,1,0,0,0,1,0,0,0,0,0,0,0,0,0,0,0,0.5,0.5,0.5,1.0,0.0,1.0,,0.0,0.5,0.0,,,,169.5,0.5,0.5,-0.14367816091954022,-0.0654,0,0,BN,2,2,1,1,0,0,0,S12,2959.0,False,OAK,OAK,-0.004049024145645298
1,3,3,0,0,0,0,0,0,0,0,0,0,0,0,0,0,0,0,0,2,0,0,1,0,0.0,0.0,0.0,0.0,0.0,0.0,,0.0,0.0,0.0,0.6666666666666666,0.3333333333333333,2.0,407.0,0.0,0.0,-0.7800417972831766,-0.0625,2,1,BP,3,3,0,0,0,0,0,S12,2963.0,False,BAL,BAL,-0.06252599180885457
2,3,3,0,0,0,0,0,0,0,0,0,0,2,0,0,0,0,0,0,0,0,0,1,0,0.0,0.0,0.0,0.0,0.0,0.0,,0.0,0.6666666666666666,0.0,0.0,1.0,0.0,364.3333333333333,0.0,0.0,-0.9335982000455683,-0.1238,0,1,TT,3,3,0,0,0,0,0,S12,2965.0,False,MTL,MTL,-0.07788163208509374
1,2,2,1,1,1,0,0,0,1,0,0,0,0,0,0,0,0,0,0,0,0,1,0,0,0.5,0.5,0.5,1.0,0.0,0.5,,0.0,0.0,0.0,0.0,1.0,0.0,124.5,0.5,0.5,-0.06890991471215352,0.007300000000000001,0,1,S,2,2,1,1,0,0,0,S12,2969.0,False,SFG,SFG,0.0034278004750933717
2,4,4,0,0,0,0,0,0,0,0,0,0,1,0,0,0,0,0,0,1,0,1,1,0,0.0,0.0,0.0,0.0,0.0,0.0,,0.0,0.25,0.0,0.3333333333333333,0.6666666666666666,0.5,361.25,0.0,0.0,-0.7174617300481937,-0.17099999999999999,1,2,WC,4,4,0,0,0,0,0,S12,2970.0,False,MIL,MIL,-0.05110858911220192
1,3,3,1,1,1,0,0,0,1,0,0,0,0,0,0,0,0,0,0,0,0,1,1,0,0.3333333333333333,0.3333333333333333,0.3333333333333333,0.6666666666666666,0.0,0.3333333333333333,,0.0,0.0,0.0,0.0,1.0,0.0,220.66666666666666,0.3333333333333333,0.3333333333333333,-0.38132304982265697,-0.028800000000000006,0,2,SF,3,3,1,1,0,0,0,S12,2973.0,False,TEX,TEX,-0.02265411706280261
1,1,1,0,0,0,0,0,0,0,0,0,0,1,0,0,0,0,0,0,0,0,0,0,0,0.0,0.0,0.0,0.0,0.0,,,0.0,1.0,0.0,,,,311.0,0.0,0.0,-0.4461538461538462,-0.040999999999999995,0,0,BC,1,1,0,0,0,0,0,S12,2976.0,False,NYM,NYM,-0.03945598864223025
1,3,2,2,1,1,1,0,0,3,0,1,0,0,0,1,0,0,0,0,0,0,0,0,0,1.0,1.0,1.5,2.5,0.5,1.0,1.0,0.0,0.0,0.3333333333333333,,,,143.25,1.0,1.5,0.12828475604454204,0.303,0,0,BN,3,2,2,3,1,0,0,S12,2983.0,False,SFG,SFG,0.028306663523917287
1,1,1,0,0,0,0,0,0,0,0,0,0,0,0,0,0,0,0,0,0,0,0,1,0,0.0,0.0,0.0,0.0,0.0,0.0,,0.0,0.0,0.0,0.0,1.0,0.0,280.0,0.0,0.0,-0.14367816091954022,-0.0169,0,1,XB,1,1,0,0,0,0,0,S12,2988.0,False,DET,DET,-0.00920842011879966
2,6,5,2,2,0,0,1,1,7,2,1,0,2,0,0,0,0,0,0,0,0,1,0,0,0.4,0.5,1.4,1.9,0.9999999999999999,0.5,,0.16666666666666666,0.3333333333333333,0.16666666666666666,0.0,1.0,0.0,156.0,0.5,1.2,0.8723844495867532,0.5152,0,1,EN,6,5,2,6,1,0,0,S12,2992.0,False,MIN,MIN,0.11819482079760149
2,3,3,0,0,0,0,0,0,0,0,0,0,2,0,0,0,0,0,1,1,0,0,0,0,0.0,0.0,0.0,0.0,0.0,0.0,,0.0,0.6666666666666666,0.0,1.0,0.0,,309.6666666666667,0.0,0.0,-2.0782939477026985,-0.11149999999999999,2,0,XB,3,3,0,0,0,0,0,S12,2996.0,False,DET,DET,-0.19235120685080676
2,5,4,2,1,0,1,0,1,6,2,1,0,0,0,0,0,0,0,1,1,1,0,0,0,0.5,0.6,1.5,2.1,1.0,0.3333333333333333,,0.2,0.0,0.2,1.0,0.0,,208.6,0.6,1.25,1.3800961876044155,0.3428,3,0,MH,5,4,2,5,1,0,0,S12,3000.0,False,CWS,CWS,0.16380659862621336
1,2,2,1,1,0,1,0,0,2,0,0,0,0,0,0,0,0,0,0,0,0,1,0,0,0.5,0.5,1.0,1.5,0.5,0.5,,0.0,0.0,0.0,0.0,1.0,0.0,122.0,0.5,1.0,0.03434319059319063,0.034,0,1,BC,2,2,1,2,0,0,0,S12,3002.0,False,ANA,ANA,0.013753111005627788
2,6,5,1,0,0,1,0,0,2,0,1,0,0,0,0,0,0,0,1,1,1,1,1,0,0.2,0.3333333333333333,0.4,0.7333333333333334,0.2,0.2,,0.0,0.0,0.16666666666666666,0.6,0.4,1.5,280.8333333333333,0.3333333333333333,0.4,-1.454495140042329,-0.15999999999999998,3,2,WC,6,5,1,2,1,0,0,S12,3006.0,False,SFG,SFG,-0.11449313816530673
2,3,3,0,0,0,0,0,0,0,0,0,0,0,0,0,0,0,0,0,0,1,1,1,0,0.0,0.0,0.0,0.0,0.0,0.0,,0.0,0.0,0.0,0.3333333333333333,0.6666666666666666,0.5,358.3333333333333,0.0,0.0,-1.4519542957042957,-0.2534,1,2,BC,3,3,0,0,0,0,0,S12,3012.0,False,CHC,CHC,-0.12971724165096649
1,2,2,0,0,0,0,0,0,0,0,0,0,1,0,0,0,0,0,1,1,0,0,0,0,0.0,0.0,0.0,0.0,0.0,0.0,,0.0,0.5,0.0,1.0,0.0,,388.0,0.0,0.0,-1.1529786021287323,-0.20639999999999997,2,0,SM,2,2,0,0,0,0,0,S12,3013.0,False,OAK,OAK,-0.10497906826656452
1,2,1,0,0,0,0,0,0,0,0,1,0,0,0,0,0,0,0,0,0,0,1,0,0,0.0,0.5,0.0,0.5,0.0,0.0,,0.0,0.0,0.5,0.0,1.0,0.0,175.5,0.5,0.0,-0.007045784404275002,0.012200000000000003,0,1,WC,2,1,0,0,1,0,0,S12,3018.0,False,BOS,BOS,0.009614213505881224
1,2,2,0,0,0,0,0,0,0,0,0,0,0,0,0,0,0,0,0,1,0,0,1,0,0.0,0.0,0.0,0.0,0.0,0.0,,0.0,0.0,0.0,0.5,0.5,1.0,419.0,0.0,0.0,-0.7878517316017315,-0.12940000000000002,1,1,BC,2,2,0,0,0,0,0,S12,3021.0,False,ATL,ATL,-0.06846638121386442
1,2,2,0,0,0,0,0,0,0,0,0,0,1,0,0,0,0,0,0,0,0,1,0,0,0.0,0.0,0.0,0.0,0.0,0.0,,0.0,0.5,0.0,0.0,1.0,0.0,268.0,0.0,0.0,-0.3648632258546051,-0.07329999999999999,0,1,BP,2,2,0,0,0,0,0,S12,3023.0,False,CWS,CWS,-0.02616753063915179
2,5,5,2,1,2,0,0,0,2,0,0,0,1,0,1,0,0,0,1,1,0,0,1,0,0.4,0.4,0.4,0.8,0.0,0.5,1.0,0.0,0.2,0.0,0.6666666666666666,0.3333333333333333,2.0,242.66666666666666,0.4,0.4,-0.528578812919249,-0.03630000000000001,2,1,XB,5,5,2,2,0,0,0,S12,3026.0,False,LAD,LAD,-0.027060901426153094
2,5,4,1,0,1,0,0,0,1,0,1,0,1,0,0,0,0,0,0,1,0,0,1,0,0.25,0.4,0.25,0.65,0.0,0.3333333333333333,,0.0,0.2,0.2,0.5,0.5,1.0,269.8,0.4,0.25,-0.5316715146675015,-0.062200000000000005,1,1,WC,5,4,1,1,1,0,0,S12,3030.0,False,ARI,ARI,-0.027370171600978342
2,4,4,1,1,0,1,0,0,2,0,0,0,0,0,0,0,0,0,0,1,1,1,0,0,0.25,0.25,0.5,0.75,0.25,0.25,,0.0,0.0,0.0,0.6666666666666666,0.3333333333333333,2.0,302.75,0.25,0.5,-0.9060298192373665,-0.013800000000000014,2,1,WC,4,4,1,2,0,0,0,S12,3032.0,False,STL,STL,-0.0699653980311192
1,1,1,0,0,0,0,0,0,0,0,0,0,0,0,0,0,0,0,0,0,0,0,1,0,0.0,0.0,0.0,0.0,0.0,0.0,,0.0,0.0,0.0,0.0,1.0,0.0,429.0,0.0,0.0,-0.7647058823529411,-0.0915,0,1,SM,1,1,0,0,0,0,0,S12,3034.0,False,TBR,TBR,-0.07131119226213975
1,2,2,1,1,0,0,0,1,4,1,0,0,0,0,0,0,0,0,0,1,0,0,0,0,0.5,0.5,2.0,2.5,1.5,0.0,,0.5,0.0,0.0,1.0,0.0,,231.5,0.5,2.0,0.7788149350649352,0.09970000000000001,1,0,WC,2,2,1,4,0,0,0,S12,3039.0,False,SEA,SEA,0.08820028545280224
1,2,2,0,0,0,0,0,0,0,0,0,0,1,0,0,0,0,0,0,0,0,1,0,0,0.0,0.0,0.0,0.0,0.0,0.0,,0.0,0.5,0.0,0.0,1.0,0.0,299.5,0.0,0.0,-0.3648632258546051,-0.034,0,1,BP,2,2,0,0,0,0,0,S12,3040.0,False,FLA,FLA,-0.02616753063915179
1,2,1,0,1,0,0,0,0,0,0,1,0,0,0,0,0,0,0,0,1,0,0,0,0,0.0,0.5,0.0,0.5,0.0,0.0,,0.0,0.0,0.5,1.0,0.0,,238.0,0.5,0.0,0.05958967477881527,-0.0036999999999999984,1,0,BC,2,1,0,0,1,0,0,S12,3042.0,False,NYY,NYY,0.01627775942419025
2,5,5,4,2,1,3,0,0,7,3,0,0,0,0,1,0,0,0,0,0,0,0,1,0,0.8,0.8,1.4,2.2,0.5999999999999999,0.8,1.0,0.0,0.0,0.0,0.0,1.0,0.0,111.16666666666667,0.8,1.4,2.807718853200053,0.381,0,1,XB,5,5,4,7,0,0,0,S12,3045.0,False,COL,COL,0.3065688651857771
1,3,2,1,0,1,0,0,0,1,0,1,0,1,0,0,0,0,0,0,0,0,0,0,0,0.5,0.6666666666666666,0.5,1.1666666666666665,0.0,1.0,,0.0,0.3333333333333333,0.3333333333333333,,,,147.33333333333334,0.6666666666666666,0.5,0.10032085451861561,0.003500000000000003,0,0,XB,3,2,1,1,1,0,0,S12,3046.0,False,BOS,BOS,0.025510273371324645
1,3,3,1,1,0,1,0,0,2,0,0,0,0,0,0,0,0,0,0,1,0,1,0,0,0.3333333333333333,0.3333333333333333,0.6666666666666666,1.0,0.3333333333333333,0.3333333333333333,,0.0,0.0,0.0,0.5,0.5,1.0,229.66666666666666,0.3333333333333333,0.6666666666666666,-0.15965031590031592,0.08300000000000002,1,1,S,3,3,1,2,0,0,0,S12,3051.0,False,ATL,ATL,-0.00048684367056850696
1,3,3,1,0,0,1,0,0,2,0,0,0,0,0,0,0,0,0,0,0,0,1,1,0,0.3333333333333333,0.3333333333333333,0.6666666666666666,1.0,0.3333333333333333,0.3333333333333333,,0.0,0.0,0.0,0.0,1.0,0.0,194.0,0.3333333333333333,0.6666666666666666,-0.09707024866533304,-0.024,0,2,BP,3,3,1,2,0,0,0,S12,3052.0,False,PIT,PIT,0.005771163052929781
2,3,2,1,0,1,0,0,0,1,0,1,0,0,0,0,0,0,0,0,0,0,0,1,0,0.5,0.6666666666666666,0.5,1.1666666666666665,0.0,0.5,,0.0,0.0,0.3333333333333333,0.0,1.0,0.0,177.33333333333334,0.6666666666666666,0.5,0.41238070558708756,0.031400000000000004,0,1,BN,3,2,1,1,1,0,0,S12,3056.0,False,ATL,ATL,0.05671625847817184
1,4,4,1,1,0,0,0,1,4,1,0,0,2,0,0,0,0,0,0,0,1,0,0,0,0.25,0.25,1.0,1.25,0.75,0.0,,0.25,0.5,0.0,1.0,0.0,,283.0,0.25,1.0,0.2351367741453949,0.0387,1,0,BC,4,4,1,4,0,0,0,S12,3060.0,False,SEA,SEA,0.04415126130715694
2,5,5,0,0,0,0,0,0,0,0,0,0,3,0,0,0,0,0,0,0,0,1,1,0,0.0,0.0,0.0,0.0,0.0,0.0,,0.0,0.6,0.0,0.0,1.0,0.0,282.4,0.0,0.0,-1.0750780819930394,-0.1356,0,2,BC,5,5,0,0,0,0,0,S12,3068.0,False,SEA,SEA,-0.08171082833353213
2,4,4,1,1,0,0,0,1,4,1,0,0,1,0,0,0,0,0,0,2,0,0,0,0,0.25,0.25,1.0,1.25,0.75,0.0,,0.25,0.25,0.0,1.0,0.0,,289.25,0.25,1.0,0.3636363636363637,0.04329999999999999,2,0,SF,4,4,1,4,0,0,0,S12,3081.0,False,NYM,NYM,0.057001220256253815
1,3,2,0,1,0,0,0,0,0,0,1,0,0,0,0,0,0,0,0,0,1,1,0,0,0.0,0.3333333333333333,0.0,0.3333333333333333,0.0,0.0,,0.0,0.0,0.3333333333333333,0.5,0.5,1.0,284.0,0.3333333333333333,0.0,1.1902385860408249,0.0862,1,1,BC,3,2,0,0,1,0,0,S12,3085.0,False,NYY,NYY,0.13450204652354558
1,2,2,0,0,0,0,0,0,0,0,0,0,0,0,0,0,0,0,0,0,0,1,1,0,0.0,0.0,0.0,0.0,0.0,0.0,,0.0,0.0,0.0,0.0,1.0,0.0,285.0,0.0,0.0,-0.2750916001780639,-0.0337,0,2,XB,2,2,0,0,0,0,0,S12,3088.0,False,CLE,CLE,-0.017190368071497663
2,4,4,0,0,0,0,0,0,0,0,0,0,0,0,0,0,0,0,0,1,2,0,1,0,0.0,0.0,0.0,0.0,0.0,0.0,,0.0,0.0,0.0,0.75,0.25,3.0,400.75,0.0,0.0,-0.8452839796376848,-0.0691,3,1,XB,4,4,0,0,0,0,0,S12,3092.0,False,STL,STL,-0.06389081407115102
1,2,1,0,0,0,0,0,0,0,0,1,0,1,0,0,0,0,0,0,0,0,0,0,0,0.0,0.5,0.0,0.5,0.0,,,0.0,0.5,0.5,,,,227.0,0.5,0.0,-0.19725557461406518,-0.0011999999999999962,0,0,BC,2,1,0,0,1,0,0,S12,3093.0,False,OAK,OAK,-0.009406765515097794
1,2,2,1,0,1,0,0,0,1,0,0,0,1,0,0,0,0,0,0,0,0,0,0,0,0.5,0.5,0.5,1.0,0.0,1.0,,0.0,0.5,0.0,,,,229.5,0.5,0.5,0.1710622459757823,-0.0063999999999999994,0,0,WC,2,2,1,1,0,0,0,S12,3094.0,False,MIN,MIN,0.027425016543886953
2,4,3,1,1,0,0,0,1,4,2,1,0,1,0,0,0,0,0,0,1,0,0,0,0,0.3333333333333333,0.5,1.3333333333333333,1.8333333333333333,1.0,0.0,,0.25,0.25,0.25,1.0,0.0,,184.75,0.5,1.3333333333333333,1.6309416718383596,0.25639999999999996,1,0,MH,4,3,1,4,1,0,0,S12,3096.0,False,CWS,CWS,0.1837317510764534
2,5,4,1,0,0,1,0,0,2,1,1,0,1,0,0,0,0,0,0,0,0,1,1,0,0.25,0.4,0.5,0.9,0.25,0.3333333333333333,,0.0,0.2,0.2,0.0,1.0,0.0,220.8,0.4,0.5,0.06058087958127234,0.13570000000000002,0,2,BC,5,4,1,2,1,0,0,S12,3097.0,False,TEX,TEX,0.03185506782389904
2,6,6,2,1,1,1,0,0,3,2,0,0,1,0,0,0,0,0,0,1,1,1,0,0,0.3333333333333333,0.3333333333333333,0.5,0.8333333333333333,0.16666666666666669,0.4,,0.0,0.16666666666666666,0.0,0.6666666666666666,0.3333333333333333,2.0,257.0,0.3333333333333333,0.5,1.0920194822156855,0.1402,2,1,BC,6,6,2,3,0,0,0,S12,3099.0,False,CHC,CHC,0.14015832406049472
2,5,5,2,1,0,1,0,1,6,1,0,0,1,0,0,0,0,0,0,0,0,2,0,0,0.4,0.4,1.2,1.6,0.7999999999999999,0.3333333333333333,,0.2,0.2,0.0,0.0,1.0,0.0,140.0,0.4,1.2,0.5188994761703377,0.006099999999999994,0,2,BP,5,5,2,6,0,0,0,S12,3101.0,False,COL,COL,0.07768692748280558
1,3,2,1,1,1,0,0,0,1,1,1,0,0,0,0,0,0,0,0,1,0,0,0,0,0.5,0.6666666666666666,0.5,1.1666666666666665,0.0,0.5,,0.0,0.0,0.3333333333333333,1.0,0.0,,233.0,0.6666666666666666,0.0,1.1331642725105875,0.09939999999999999,1,0,WC,3,1,0,0,2,0,0,S12,3102.0,False,COL,COL,0.12879461517052185
1,3,3,1,0,1,0,0,0,1,0,0,0,1,0,1,0,0,0,0,0,0,0,1,0,0.3333333333333333,0.3333333333333333,0.3333333333333333,0.6666666666666666,0.0,0.5,1.0,0.0,0.3333333333333333,0.0,0.0,1.0,0.0,221.25,0.3333333333333333,0.3333333333333333,-0.28522253743870535,-0.0213,0,1,S,3,3,1,1,0,0,0,S12,3103.0,False,DET,DET,-0.013044065824407449
2,4,3,0,0,0,0,0,0,0,0,1,0,1,0,0,0,0,0,0,1,0,1,0,0,0.0,0.25,0.0,0.25,0.0,0.0,,0.0,0.25,0.25,0.5,0.5,1.0,287.5,0.25,0.0,-0.6937247663418777,-0.015999999999999993,1,1,WC,4,3,0,0,1,0,0,S12,3105.0,False,MIL,MIL,-0.04873489274157032
2,4,4,1,1,0,0,0,1,4,2,0,0,1,0,0,0,0,0,0,0,1,1,0,0,0.25,0.25,1.0,1.25,0.75,0.0,,0.25,0.25,0.0,0.5,0.5,1.0,279.25,0.25,1.0,1.160368527938008,0.11380000000000001,1,1,SM,4,4,1,4,0,0,0,S12,3106.0,False,LAD,LAD,0.13667443668641827
2,6,5,1,1,0,0,0,1,4,2,1,0,1,0,0,0,0,0,0,0,1,1,1,0,0.2,0.3333333333333333,0.8,1.1333333333333333,0.6000000000000001,0.0,,0.16666666666666666,0.16666666666666666,0.16666666666666666,0.3333333333333333,0.6666666666666666,0.5,273.6666666666667,0.3333333333333333,0.8,0.9621799191374663,0.1688,1,2,TT,6,5,1,4,1,0,0,S12,3108.0,False,CHC,CHC,0.1271743677526728
2,5,5,1,1,0,0,0,1,4,1,0,0,2,0,0,0,0,0,2,2,0,0,0,0,0.2,0.2,0.8,1.0,0.6000000000000001,0.0,,0.2,0.4,0.0,1.0,0.0,,311.0,0.2,0.8,-3.8295265752684546,-0.5772999999999999,4,0,BP,5,5,1,4,0,0,0,S12,3109.0,False,BOS,BOS,-0.3571556776610737
1,2,2,0,0,0,0,0,0,0,0,0,0,1,0,0,0,0,0,0,0,1,0,0,0,0.0,0.0,0.0,0.0,0.0,0.0,,0.0,0.5,0.0,1.0,0.0,,373.5,0.0,0.0,-0.49268547544409613,-0.020900000000000002,1,0,HK,2,2,0,0,0,0,0,S12,3110.0,False,PHI,PHI,-0.03894975559810089
1,3,3,1,1,0,0,0,1,4,1,0,0,1,0,0,0,0,0,0,0,1,0,0,0,0.3333333333333333,0.3333333333333333,1.3333333333333333,1.6666666666666665,1.0,0.0,,0.3333333333333333,0.3333333333333333,0.0,1.0,0.0,,266.3333333333333,0.3333333333333333,1.3333333333333333,0.5095645526070054,0.20539999999999997,1,0,WC,3,3,1,4,0,0,0,S12,3111.0,False,ANA,ANA,0.06643464318016362
2,4,4,0,0,0,0,0,0,0,0,0,0,1,0,0,0,0,0,0,1,0,1,1,0,0.0,0.0,0.0,0.0,0.0,0.0,,0.0,0.25,0.0,0.3333333333333333,0.6666666666666666,0.5,328.5,0.0,0.0,-1.080267454466381,-0.14479999999999998,1,2,BP,4,4,0,0,0,0,0,S12,3112.0,False,PIT,PIT,-0.08738916155402066
1,2,2,1,1,1,0,0,0,1,0,0,0,0,0,0,0,0,0,0,0,0,0,1,0,0.5,0.5,0.5,1.0,0.0,0.5,,0.0,0.0,0.0,0.0,1.0,0.0,196.5,0.5,0.5,-1.1542040323592124,-0.0595,0,1,XB,2,2,1,1,0,0,0,S12,3117.0,False,CLE,CLE,-0.10510161128961253
2,4,4,1,1,0,0,0,1,4,1,0,0,0,0,0,0,0,0,0,0,2,0,1,0,0.25,0.25,1.0,1.25,0.75,0.0,,0.25,0.0,0.0,0.6666666666666666,0.3333333333333333,2.0,339.25,0.25,1.0,0.23368032964649754,0.08439999999999999,2,1,XB,4,4,1,4,0,0,0,S12,3118.0,False,DET,DET,0.044005616857267206
2,6,6,4,2,2,1,0,1,8,1,0,0,2,0,1,0,0,0,0,0,0,0,0,0,0.6666666666666666,0.6666666666666666,1.3333333333333333,2.0,0.6666666666666666,1.0,1.0,0.16666666666666666,0.3333333333333333,0.0,,,,121.85714285714286,0.6666666666666666,1.3333333333333333,1.412868374574364,0.3135,0,0,BC,6,6,4,8,0,0,0,S12,3121.0,False,CWS,CWS,0.17224321329636255
2,5,4,3,0,2,1,0,0,4,1,1,0,0,0,0,0,0,0,0,0,0,1,0,0,0.75,0.8,1.0,1.8,0.25,0.75,,0.0,0.0,0.2,0.0,1.0,0.0,110.4,0.8,1.0,1.4147299061214156,0.4297,0,1,WC,5,4,3,4,1,0,0,S12,3124.0,False,CIN,CIN,0.16726997047791337
1,3,3,2,1,2,0,0,0,2,0,0,0,0,0,0,0,0,0,1,1,0,0,0,0,0.6666666666666666,0.6666666666666666,0.6666666666666666,1.3333333333333333,0.0,0.6666666666666666,,0.0,0.0,0.0,1.0,0.0,,209.0,0.6666666666666666,0.6666666666666666,-0.646857298059667,-0.0508,2,0,BC,3,3,2,2,0,0,0,S12,3126.0,False,TBR,TBR,-0.049207541886503614
2,4,3,1,1,0,0,0,1,4,1,1,0,0,0,0,0,0,0,0,2,0,0,0,0,0.3333333333333333,0.5,1.3333333333333333,1.8333333333333333,1.0,0.0,,0.25,0.0,0.25,1.0,0.0,,261.25,0.5,1.3333333333333333,0.5848214285714286,0.042200000000000015,2,0,WC,4,3,1,4,1,0,0,S12,3127.0,False,KCR,KCR,0.07911972674976031
1,1,1,0,0,0,0,0,0,0,0,0,0,0,0,0,0,0,0,0,0,0,1,0,0,0.0,0.0,0.0,0.0,0.0,0.0,,0.0,0.0,0.0,0.0,1.0,0.0,204.0,0.0,0.0,-0.14367816091954022,-0.0203,0,1,1B,1,1,0,0,0,0,0,S12,3132.0,False,HOU,HOU,-0.00920842011879966
1,2,2,2,1,1,1,0,0,3,0,0,0,0,0,0,0,0,0,0,0,0,0,0,0,1.0,1.0,1.5,2.5,0.5,1.0,,0.0,0.0,0.0,,,,87.5,1.0,1.5,0.5595060716998199,0.06609999999999999,0,0,XB,2,2,2,3,0,0,0,S12,3135.0,False,ARI,ARI,0.06626939911629072
1,2,2,0,0,0,0,0,0,0,0,0,0,0,0,0,0,0,0,0,1,0,1,0,0,0.0,0.0,0.0,0.0,0.0,0.0,,0.0,0.0,0.0,0.5,0.5,1.0,309.0,0.0,0.0,-0.3648632258546051,-0.04869999999999999,1,1,XB,2,2,0,0,0,0,0,S12,3138.0,False,CWS,CWS,-0.02616753063915179
2,2,2,2,0,2,0,0,0,2,1,0,0,0,0,0,0,0,0,0,0,0,0,0,0,1.0,1.0,1.0,2.0,0.0,1.0,,0.0,0.0,0.0,,,,131.0,1.0,1.0,1.2574014612127136,0.3166,0,0,BC,2,2,2,2,0,0,0,S12,3139.0,False,MIL,MIL,0.13605893806758007
1,1,1,0,0,0,0,0,0,0,0,0,0,0,0,0,0,0,0,0,0,1,0,0,0,0.0,0.0,0.0,0.0,0.0,0.0,,0.0,0.0,0.0,1.0,0.0,,471.0,0.0,0.0,-0.14367816091954022,-0.0213,1,0,BP,1,1,0,0,0,0,0,S12,3140.0,False,ANA,ANA,-0.00920842011879966
1,1,1,1,1,1,0,0,0,1,0,0,0,0,0,0,0,0,0,0,0,0,0,0,0,1.0,1.0,1.0,2.0,0.0,1.0,,0.0,0.0,0.0,,,,79.0,1.0,1.0,0.3310900852878465,0.030299999999999997,0,0,BP,1,1,1,1,0,0,0,S12,3141.0,False,KCR,KCR,0.03826840450193901
1,2,2,0,0,0,0,0,0,0,0,0,0,0,0,0,0,0,0,0,0,1,0,1,0,0.0,0.0,0.0,0.0,0.0,0.0,,0.0,0.0,0.0,0.5,0.5,1.0,383.0,0.0,0.0,-0.2750916001780639,-0.06620000000000001,1,1,XB,2,2,0,0,0,0,0,S12,3142.0,False,NYM,NYM,-0.017190368071497663
2,6,5,2,1,0,1,1,0,5,0,1,0,1,0,0,0,0,0,0,0,1,0,1,0,0.4,0.5,1.0,1.5,0.6,0.5,,0.0,0.16666666666666666,0.16666666666666666,0.5,0.5,1.0,221.0,0.5,1.0,0.18232473240498948,-0.0078000000000000005,1,1,WC,6,5,2,5,1,0,0,S12,3143.0,False,CLE,CLE,0.04918884907942512
1,3,3,0,0,0,0,0,0,0,0,0,0,0,0,0,0,0,0,0,0,2,1,0,0,0.0,0.0,0.0,0.0,0.0,0.0,,0.0,0.0,0.0,0.6666666666666666,0.3333333333333333,2.0,395.3333333333333,0.0,0.0,-0.7981393606393605,-0.0641,2,1,BN,3,3,0,0,0,0,0,S12,3144.0,False,COL,COL,-0.06433574814447297
1,3,3,1,1,1,0,0,0,1,0,0,0,0,0,0,0,0,0,0,0,0,2,0,0,0.3333333333333333,0.3333333333333333,0.3333333333333333,0.6666666666666666,0.0,0.3333333333333333,,0.0,0.0,0.0,0.0,1.0,0.0,161.0,0.3333333333333333,0.3333333333333333,1.1611503552066071,0.08580000000000002,0,2,BC,3,3,1,1,0,0,0,S12,3148.0,False,HOU,HOU,0.1315932234401238
2,4,4,1,0,1,0,0,0,1,0,0,0,0,0,0,0,0,0,0,0,1,0,2,0,0.25,0.25,0.25,0.5,0.0,0.25,,0.0,0.0,0.0,0.3333333333333333,0.6666666666666666,0.5,314.75,0.25,0.25,-0.3338879511293304,0.0006999999999999958,1,2,WC,4,4,1,1,0,0,0,S12,3155.0,False,STL,STL,-0.012751211220315592
1,2,2,0,0,0,0,0,0,0,0,0,0,0,0,0,0,0,0,0,0,0,2,0,0,0.0,0.0,0.0,0.0,0.0,0.0,,0.0,0.0,0.0,0.0,1.0,0.0,285.0,0.0,0.0,-0.41517857142857145,-0.039099999999999996,0,2,WC,2,2,0,0,0,0,0,S12,3156.0,False,FLA,FLA,-0.03119906519654842
1,2,2,0,0,0,0,0,0,0,0,0,0,1,0,0,0,0,0,0,0,1,0,0,0,0.0,0.0,0.0,0.0,0.0,0.0,,0.0,0.5,0.0,1.0,0.0,,359.5,0.0,0.0,-0.571615221071603,-0.06369999999999999,1,0,XB,2,2,0,0,0,0,0,S12,3160.0,False,BAL,BAL,-0.046842730160851574
2,5,5,0,0,0,0,0,0,0,0,0,0,4,0,0,0,0,0,0,0,0,0,1,0,0.0,0.0,0.0,0.0,0.0,0.0,,0.0,0.8,0.0,0.0,1.0,0.0,333.6,0.0,0.0,-1.3238128969971867,-0.10010000000000001,0,1,TT,5,5,0,0,0,0,0,S12,3163.0,False,SDP,SDP,-0.10658430983394687
1,2,1,0,0,0,0,0,0,0,0,1,0,0,0,0,0,0,0,0,0,0,0,1,0,0.0,0.5,0.0,0.5,0.0,0.0,,0.0,0.0,0.5,0.0,1.0,0.0,273.5,0.5,0.0,0.15000000000000002,-9.999999999999593e-05,0,1,SM,2,1,0,0,1,0,0,S12,3166.0,False,BAL,BAL,0.025318791946308726
1,2,2,0,0,0,0,0,0,0,0,0,0,1,0,0,0,0,0,0,0,0,0,1,0,0.0,0.0,0.0,0.0,0.0,0.0,,0.0,0.5,0.0,0.0,1.0,0.0,309.0,0.0,0.0,-0.49268547544409613,-0.0667,0,1,XB,2,2,0,0,0,0,0,S12,3172.0,False,CWS,CWS,-0.03894975559810089
1,3,3,1,0,1,0,0,0,1,1,0,0,0,0,0,0,0,0,0,0,1,1,0,0,0.3333333333333333,0.3333333333333333,0.3333333333333333,0.6666666666666666,0.0,0.3333333333333333,,0.0,0.0,0.0,0.5,0.5,1.0,252.66666666666666,0.3333333333333333,0.3333333333333333,-0.6215004105090312,0.0569,1,1,S,3,3,1,1,0,0,0,S12,3176.0,False,SEA,SEA,-0.04667185313144003
1,2,1,0,0,0,0,0,0,0,1,0,0,1,0,0,0,0,1,0,0,0,1,0,0,0.0,0.0,0.0,0.0,0.0,0.0,,0.0,0.5,0.0,0.0,1.0,0.0,304.0,0.0,0.0,0.15008359178135305,-0.0446,0,2,WC,2,2,0,0,0,0,0,S12,3180.0,False,BAL,BAL,0.02532715112444403
1,1,1,0,0,0,0,0,0,0,0,0,0,0,0,0,0,0,0,0,0,1,0,0,0,0.0,0.0,0.0,0.0,0.0,0.0,,0.0,0.0,0.0,1.0,0.0,,478.0,0.0,0.0,-0.5391304347826087,-0.0754,1,0,WC,1,1,0,0,0,0,0,S12,3182.0,False,OAK,OAK,-0.04875364750510651
1,3,3,1,0,0,1,0,0,2,0,0,0,1,0,0,0,0,0,0,0,0,1,0,0,0.3333333333333333,0.3333333333333333,0.6666666666666666,1.0,0.3333333333333333,0.5,,0.0,0.3333333333333333,0.0,0.0,1.0,0.0,206.0,0.3333333333333333,0.3333333333333333,-0.15740028784921434,0.0433,0,1,BC,3,3,1,1,0,0,0,S12,3186.0,False,BAL,BAL,-0.0002618408654583487
1,3,2,1,0,1,0,0,0,1,0,1,0,1,0,0,0,0,0,0,0,0,0,0,0,0.5,0.6666666666666666,0.5,1.1666666666666665,0.0,1.0,,0.0,0.3333333333333333,0.3333333333333333,,,,183.0,0.6666666666666666,0.5,0.6265199861178775,0.021700000000000004,0,0,1B,3,2,1,1,1,0,0,S12,3190.0,False,MTL,MTL,0.07813018653125084
2,6,5,4,1,1,1,1,1,10,3,1,0,0,0,0,0,0,0,0,0,1,0,0,0,0.8,0.8333333333333334,2.0,2.8333333333333335,1.2,0.75,,0.16666666666666666,0.0,0.16666666666666666,1.0,0.0,,138.0,0.6666666666666666,1.6666666666666667,3.1992418876065627,0.24059999999999998,1,0,BC,6,6,4,10,0,0,0,S12,3191.0,False,STL,STL,0.35088056459958245
2,4,4,2,0,2,0,0,0,2,1,0,0,0,0,0,0,0,0,1,2,0,0,0,0,0.5,0.5,0.5,1.0,0.0,0.5,,0.0,0.0,0.0,1.0,0.0,,249.25,0.5,0.5,-0.44569433558428706,-0.04790000000000001,3,0,1B,4,4,2,2,0,0,0,S12,3193.0,False,BOS,BOS,-0.02393184966581126
2,4,3,1,1,0,0,0,1,4,3,0,0,2,0,0,0,0,1,0,0,0,1,0,0,0.3333333333333333,0.25,1.3333333333333333,1.5833333333333333,1.0,0.0,,0.25,0.5,0.0,0.0,1.0,0.0,205.0,0.25,1.0,0.8368249837345478,-0.0208,0,2,TT,4,4,1,4,0,0,0,S12,3202.0,False,FLA,FLA,0.10432008226607223
2,5,5,3,2,1,2,0,0,5,1,0,0,0,0,0,0,0,0,0,0,2,0,0,0,0.6,0.6,1.0,1.6,0.4,0.6,,0.0,0.0,0.0,1.0,0.0,,216.6,0.6,1.0,1.1837044910485472,0.1668,2,0,WC,5,5,3,5,0,0,0,S12,3203.0,False,BAL,BAL,0.14416742897062654
2,5,5,2,1,0,1,0,1,6,2,0,0,0,0,0,0,0,0,0,0,2,0,1,0,0.4,0.4,1.2,1.6,0.7999999999999999,0.25,,0.2,0.0,0.0,0.6666666666666666,0.3333333333333333,2.0,287.2,0.4,1.0,0.9512456015588978,0.3745,2,1,BC,5,5,2,5,0,0,0,S12,3204.0,False,PIT,PIT,0.12092154002166158
1,2,2,1,0,1,0,0,0,1,1,0,0,1,0,1,0,0,0,0,0,0,0,0,0,0.5,0.5,0.5,1.0,0.0,1.0,1.0,0.0,0.5,0.0,,,,173.66666666666666,0.5,0.5,0.6014564444988972,0.018300000000000004,0,0,BP,2,2,1,1,0,0,0,S12,3205.0,False,SDP,SDP,0.07046443639619845
2,4,4,1,1,0,0,0,1,4,1,0,0,2,0,0,0,0,0,1,1,0,0,0,0,0.25,0.25,1.0,1.25,0.75,0.0,,0.25,0.5,0.0,1.0,0.0,,227.0,0.25,1.0,-0.7199621031142769,-0.1399,2,0,XB,4,4,1,4,0,0,0,S12,3206.0,False,TOR,TOR,-0.05135862641881024
1,3,2,0,1,0,0,0,0,0,0,1,0,0,0,0,0,0,0,0,0,1,1,0,0,0.0,0.3333333333333333,0.0,0.3333333333333333,0.0,0.0,,0.0,0.0,0.3333333333333333,0.5,0.5,1.0,267.6666666666667,0.3333333333333333,0.0,-0.1569788631423994,-0.0177,1,1,S,3,2,0,0,1,0,0,S12,3208.0,False,PIT,PIT,-0.00021969839477685438
2,5,5,1,1,0,0,0,1,4,1,0,0,1,0,0,0,0,0,0,0,2,1,0,0,0.2,0.2,0.8,1.0,0.6000000000000001,0.0,,0.2,0.2,0.0,0.6666666666666666,0.3333333333333333,2.0,293.0,0.2,0.8,0.21995820271682348,0.017100000000000004,2,1,XB,5,5,1,4,0,0,0,S12,3213.0,False,TEX,TEX,0.047792800137454156
2,5,5,1,0,0,1,0,0,2,0,0,0,1,0,0,0,0,0,0,0,1,0,2,0,0.2,0.2,0.4,0.6000000000000001,0.2,0.25,,0.0,0.2,0.0,0.3333333333333333,0.6666666666666666,0.5,328.0,0.2,0.4,-0.524513541754921,-0.05080000000000001,1,2,XB,5,5,1,2,0,0,0,S12,3214.0,False,MTL,MTL,-0.026654374309720296
2,5,5,2,2,0,0,0,2,8,4,0,0,0,0,0,0,0,0,0,0,1,1,0,1,0.4,0.4,1.6,2.0,1.2000000000000002,0.0,,0.4,0.0,0.0,0.3333333333333333,0.6666666666666666,0.5,238.4,0.4,1.4,1.3452491645427826,0.31520000000000004,1,2,MH,5,5,2,7,0,0,0,S12,3215.0,False,ARI,ARI,0.16032189632005006
1,2,0,0,0,0,0,0,0,0,0,2,0,0,0,0,0,0,0,0,0,0,0,0,0,,1.0,,,,,,0.0,0.0,1.0,,,,151.5,1.0,,0.8228799915741326,0.026799999999999997,0,0,SF,2,0,0,,2,0,0,S12,3216.0,False,DET,DET,0.09260679110372198
1,1,1,0,0,0,0,0,0,0,0,0,0,0,0,0,0,0,0,0,1,0,0,0,0,0.0,0.0,0.0,0.0,0.0,0.0,,0.0,0.0,0.0,1.0,0.0,,450.0,0.0,0.0,-0.2211850649350649,-0.032799999999999996,1,0,BP,1,1,0,0,0,0,0,S12,3217.0,False,ANA,ANA,-0.01695911052035213
1,2,2,0,0,0,0,0,0,0,0,0,0,0,0,0,0,0,0,0,0,1,0,1,0,0.0,0.0,0.0,0.0,0.0,0.0,,0.0,0.0,0.0,0.5,0.5,1.0,406.0,0.0,0.0,-0.49268547544409613,-0.042499999999999996,1,1,WC,2,2,0,0,0,0,0,S12,3220.0,False,BAL,BAL,-0.03894975559810089
1,3,3,1,0,0,0,1,0,3,0,0,0,0,0,0,0,0,0,0,1,1,0,0,0,0.3333333333333333,0.3333333333333333,1.0,1.3333333333333333,0.6666666666666667,0.3333333333333333,,0.0,0.0,0.0,1.0,0.0,,313.6666666666667,0.3333333333333333,1.0,-0.6706603273038805,-0.0778,2,0,XB,3,3,1,3,0,0,0,S12,3222.0,False,TEX,TEX,-0.05158784481092497
1,3,3,1,1,1,0,0,0,1,0,0,0,0,0,0,0,0,0,0,0,1,0,1,0,0.3333333333333333,0.3333333333333333,0.3333333333333333,0.6666666666666666,0.0,0.3333333333333333,,0.0,0.0,0.0,0.5,0.5,1.0,310.0,0.3333333333333333,0.3333333333333333,-0.00818490139128325,-0.0058999999999999955,1,1,XB,3,3,1,1,0,0,0,S12,3223.0,False,CHC,CHC,0.01465969778033476
1,2,2,1,0,0,1,0,0,2,2,0,0,0,0,0,0,0,0,0,1,0,0,0,0,0.5,0.5,1.0,1.5,0.5,0.5,,0.0,0.0,0.0,1.0,0.0,,195.5,0.5,1.0,1.3887523849411325,0.0528,1,0,BN,2,2,1,2,0,0,0,S12,3225.0,False,CLE,CLE,0.14919403044042195
1,4,3,0,1,0,0,0,0,0,0,1,0,1,0,0,0,0,0,1,1,1,0,0,0,0.0,0.25,0.0,0.25,0.0,0.0,,0.0,0.25,0.25,1.0,0.0,,342.0,0.25,0.0,-1.6072754055294185,-0.009600000000000006,3,0,BC,4,3,0,0,1,0,0,S12,3226.0,False,HOU,HOU,-0.1400899566603244
1,2,1,0,0,0,0,0,0,0,0,1,0,0,0,0,1,0,0,0,1,0,0,0,0,0.0,0.5,0.0,0.5,0.0,0.0,0.0,0.0,0.0,0.5,1.0,0.0,,286.0,0.5,0.5,-0.41517857142857145,-0.0525,1,0,WC,2,2,1,1,0,0,0,S12,3227.0,False,OAK,OAK,-0.03119906519654842
1,1,0,0,0,0,0,0,0,0,0,1,0,0,0,0,0,0,0,0,0,0,0,0,0,,1.0,,,,,,0.0,0.0,1.0,,,,135.0,1.0,,0.38377192982456143,0.0174,0,0,BP,1,0,0,,1,0,0,S12,3231.0,False,OAK,OAK,0.04353658895561051
1,2,2,0,0,0,0,0,0,0,0,0,0,0,0,0,0,0,0,0,1,1,0,0,0,0.0,0.0,0.0,0.0,0.0,0.0,,0.0,0.0,0.0,1.0,0.0,,419.0,0.0,0.0,-0.4045477261369315,-0.07,2,0,SF,2,2,0,0,0,0,0,S12,3237.0,False,ANA,ANA,-0.030135980667384425
1,1,1,0,0,0,0,0,0,0,0,0,0,1,0,0,0,0,0,0,0,0,0,0,0,0.0,0.0,0.0,0.0,0.0,,,0.0,1.0,0.0,,,,307.0,0.0,0.0,-0.2211850649350649,-0.0279,0,0,BP,1,1,0,0,0,0,0,S12,3238.0,False,KCR,KCR,-0.01695911052035213
2,5,1,0,1,0,0,0,0,0,1,3,0,0,0,1,0,0,1,0,0,0,1,1,0,0.0,0.6,0.0,0.6,0.0,0.0,1.0,0.0,0.0,0.6,0.0,1.0,0.0,177.5,0.6,0.0,1.3731420146758466,0.04869999999999999,0,3,WC,5,2,0,0,3,0,0,S12,3239.0,False,HOU,HOU,0.16311118133335648
1,2,2,0,0,0,0,0,0,0,0,0,0,2,0,0,0,0,0,0,0,0,0,0,0,0.0,0.0,0.0,0.0,0.0,,,0.0,1.0,0.0,,,,305.5,0.0,0.0,-0.49268547544409613,-0.025,0,0,S,2,2,0,0,0,0,0,S12,3242.0,False,ARI,ARI,-0.03894975559810089
2,3,3,1,1,0,0,0,1,4,3,0,0,2,0,0,0,0,0,0,0,0,0,0,0,0.3333333333333333,0.3333333333333333,1.3333333333333333,1.6666666666666665,1.0,,,0.3333333333333333,0.6666666666666666,0.0,,,,193.66666666666666,0.3333333333333333,1.3333333333333333,1.5903325123152707,0.13770000000000002,0,0,S,3,3,1,4,0,0,0,S12,3244.0,False,LAD,LAD,0.17451143915099016
1,2,2,0,0,0,0,0,0,0,0,0,0,1,0,0,0,0,0,0,1,0,0,0,0,0.0,0.0,0.0,0.0,0.0,0.0,,0.0,0.5,0.0,1.0,0.0,,426.0,0.0,0.0,-0.49268547544409613,-0.0437,1,0,SM,2,2,0,0,0,0,0,S12,3247.0,False,FLA,FLA,-0.03894975559810089
1,3,3,0,0,0,0,0,0,0,0,0,0,3,0,0,0,0,0,0,0,0,0,0,0,0.0,0.0,0.0,0.0,0.0,,,0.0,1.0,0.0,,,,308.6666666666667,0.0,0.0,-1.4648320070733865,-0.0678,0,0,1B,3,3,0,0,0,0,0,S12,3249.0,False,MIN,MIN,-0.13100501278787555
2,4,4,2,0,1,1,0,0,3,1,0,0,0,0,0,0,0,0,0,0,0,1,1,0,0.5,0.5,0.75,1.25,0.25,0.5,,0.0,0.0,0.0,0.0,1.0,0.0,178.0,0.5,0.75,1.0904640603222235,0.10239999999999999,0,2,1B,4,4,2,3,0,0,0,S12,3250.0,False,NYY,NYY,0.12968398992483982
2,5,5,1,1,0,0,0,1,4,1,0,0,3,0,0,0,0,0,0,0,0,1,0,0,0.2,0.2,0.8,1.0,0.6000000000000001,0.0,,0.2,0.6,0.0,0.0,1.0,0.0,183.6,0.2,0.6,-0.4300673917733808,-0.02940000000000001,0,1,XB,5,5,1,3,0,0,0,S12,3251.0,False,CWS,CWS,-0.017209759311566274
2,4,3,0,0,0,0,0,0,0,0,1,0,0,0,0,0,0,0,0,0,0,3,0,0,0.0,0.25,0.0,0.25,0.0,0.0,,0.0,0.0,0.25,0.0,1.0,0.0,181.25,0.25,0.0,-0.2171358017686253,-0.045399999999999996,0,3,WC,4,3,0,0,1,0,0,S12,3253.0,False,TOR,TOR,-0.0010759962842450815
1,1,1,0,0,0,0,0,0,0,0,0,0,0,0,0,0,0,0,0,0,0,1,0,0,0.0,0.0,0.0,0.0,0.0,0.0,,0.0,0.0,0.0,0.0,1.0,0.0,222.0,0.0,0.0,-0.14367816091954022,-0.0103,0,1,BC,1,1,0,0,0,0,0,S12,3254.0,False,ATL,ATL,-0.00920842011879966
2,5,3,2,0,2,0,0,0,2,0,2,0,1,0,1,0,0,0,0,0,0,0,0,0,0.6666666666666666,0.8,0.6666666666666666,1.4666666666666668,0.0,1.0,1.0,0.0,0.2,0.4,,,,157.0,0.8,0.6666666666666666,0.6768266688454684,0.1316,0,0,XB,5,3,2,2,2,0,0,S12,3255.0,False,BAL,BAL,0.09347964675031864
1,2,1,1,0,1,0,0,0,1,0,1,0,0,0,1,0,0,0,0,0,0,0,0,0,1.0,1.0,1.0,2.0,0.0,1.0,1.0,0.0,0.0,0.5,,,,173.66666666666666,1.0,1.0,0.5866183408161021,0.10980000000000001,0,0,EN,2,1,1,1,1,0,0,S12,3256.0,False,BOS,BOS,0.06898062602791893
1,4,3,0,0,0,0,0,0,0,0,1,0,0,0,0,0,0,0,0,0,3,0,0,0,0.0,0.25,0.0,0.25,0.0,0.0,,0.0,0.0,0.25,1.0,0.0,,372.25,0.25,0.0,-1.3246154183654182,-0.1302,3,0,1B,4,3,0,0,1,0,0,S12,3257.0,False,TBR,TBR,-0.11182395794392437
1,2,1,0,0,0,0,0,0,0,0,1,0,0,0,0,0,0,0,0,0,0,1,0,0,0.0,0.5,0.0,0.5,0.0,0.0,,0.0,0.0,0.5,0.0,1.0,0.0,159.0,0.5,0.0,0.16258686488949653,-0.0339,0,1,WC,2,1,0,0,1,0,0,S12,3258.0,False,MIN,MIN,0.02657747843525838
1,1,1,0,0,0,0,0,0,0,0,0,0,0,0,0,0,0,0,0,0,0,0,1,0,0.0,0.0,0.0,0.0,0.0,0.0,,0.0,0.0,0.0,0.0,1.0,0.0,411.0,0.0,0.0,-0.27150041050903123,-0.015300000000000001,0,1,XB,1,1,0,0,0,0,0,S12,3261.0,False,ATL,ATL,-0.021990645077748762
2,3,3,1,0,0,1,0,0,2,0,0,0,0,0,0,0,0,0,1,1,0,1,0,0,0.3333333333333333,0.3333333333333333,0.6666666666666666,1.0,0.3333333333333333,0.3333333333333333,,0.0,0.0,0.0,0.6666666666666666,0.3333333333333333,2.0,228.0,0.3333333333333333,0.6666666666666666,-1.4694601389176862,-0.18359999999999999,2,1,XB,3,3,1,2,0,0,0,S12,3263.0,False,MIL,MIL,-0.13146782597230552
1,2,2,0,0,0,0,0,0,0,0,0,0,0,0,0,0,0,0,0,0,0,0,2,0,0.0,0.0,0.0,0.0,0.0,0.0,,0.0,0.0,0.0,0.0,1.0,0.0,381.5,0.0,0.0,-0.41517857142857145,-0.05070000000000001,0,2,XB,2,2,0,0,0,0,0,S12,3265.0,False,CWS,CWS,-0.03119906519654842
1,3,3,1,0,1,0,0,0,1,0,0,0,0,0,0,0,0,0,1,2,0,0,0,0,0.3333333333333333,0.3333333333333333,0.3333333333333333,0.6666666666666666,0.0,0.3333333333333333,,0.0,0.0,0.0,1.0,0.0,,278.6666666666667,0.3333333333333333,0.3333333333333333,-0.7543886187837484,-0.0822,3,0,BC,3,3,1,1,0,0,0,S12,3268.0,False,BAL,BAL,-0.05996067395891176
1,1,1,0,0,0,0,0,0,0,0,0,0,0,0,0,0,0,0,0,0,0,0,1,0,0.0,0.0,0.0,0.0,0.0,0.0,,0.0,0.0,0.0,0.0,1.0,0.0,339.0,0.0,0.0,-0.26925038245792965,-0.0319,0,1,XB,1,1,0,0,0,0,0,S12,3270.0,False,ARI,ARI,-0.0217656422726386
1,2,2,0,0,0,0,0,0,0,0,0,0,1,0,0,0,0,0,0,0,0,1,0,0,0.0,0.0,0.0,0.0,0.0,0.0,,0.0,0.5,0.0,0.0,1.0,0.0,275.5,0.0,0.0,-0.4728812023163298,-0.07819999999999999,0,1,HK,2,2,0,0,0,0,0,S12,3273.0,False,MIL,MIL,-0.03696932828532425
1,2,2,1,0,1,0,0,0,1,0,0,0,0,0,0,0,0,0,0,0,1,0,0,0,0.5,0.5,0.5,1.0,0.0,0.5,,0.0,0.0,0.0,1.0,0.0,,271.0,0.5,0.5,0.03322530277637631,-0.032200000000000006,1,0,WC,2,2,1,1,0,0,0,S12,3299.0,False,TEX,TEX,0.013641322223946355
1,1,1,1,0,0,1,0,0,2,1,0,0,0,0,0,0,0,0,0,0,0,0,0,0,1.0,1.0,2.0,3.0,1.0,1.0,,0.0,0.0,0.0,,,,49.0,1.0,2.0,0.6358974358974359,0.1412,0,0,BP,1,1,1,2,0,0,0,S12,3300.0,False,PHI,PHI,0.06874913956289794
1,2,2,0,0,0,0,0,0,0,0,0,0,1,1,0,0,0,0,0,0,0,0,1,0,0.0,0.0,0.0,0.0,0.0,0.0,,0.0,0.5,0.0,0.0,1.0,0.0,365.0,0.0,0.0,-0.41517857142857145,-0.0625,0,1,XB,2,2,0,0,0,0,0,S12,3301.0,False,CWS,CWS,-0.03119906519654842
2,3,2,0,0,0,0,0,0,0,0,1,0,0,0,0,0,0,0,0,0,1,1,0,0,0.0,0.3333333333333333,0.0,0.3333333333333333,0.0,0.0,,0.0,0.0,0.3333333333333333,0.5,0.5,1.0,274.6666666666667,0.3333333333333333,0.0,0.6743016537411652,-0.0375,1,1,BN,3,2,0,0,1,0,0,S12,3303.0,False,BOS,BOS,0.08290835329357961
1,2,2,0,0,0,0,0,0,0,0,0,0,0,0,0,0,0,0,0,0,1,1,0,0,0.0,0.0,0.0,0.0,0.0,0.0,,0.0,0.0,0.0,0.5,0.5,1.0,304.5,0.0,0.0,-0.5685618729096991,-0.0605,1,1,MH,2,2,0,0,0,0,0,S12,3304.0,False,FLA,FLA,-0.046537395344661184
1,2,1,1,1,1,0,0,0,1,0,1,0,0,0,0,0,0,0,0,0,0,0,0,0,1.0,1.0,1.0,2.0,0.0,1.0,,0.0,0.0,0.5,,,,131.0,1.0,1.0,0.7148620151124079,0.016300000000000002,0,0,SM,2,1,1,1,1,0,0,S12,3305.0,False,BOS,BOS,0.08180499345754952
1,2,2,1,1,0,0,0,1,4,2,0,0,1,0,0,0,0,0,0,0,0,0,0,0,0.5,0.5,2.0,2.5,1.5,,,0.5,0.5,0.0,,,,152.0,0.5,2.0,1.6611236227360857,0.0167,0,0,BC,2,2,1,4,0,0,0,S12,3307.0,False,BOS,BOS,0.17643115421991729
