G,IP,BF,H,R,ER,BB,IBB,Auto BB,K,HR,1B,RGO,LGO,FO,PO,LO,ERA,WHIP,H/6,HR/6,BB/6,K/6,K/BB,BAA,OBPA,SLGA,OPSA,BABIP_A,HR%_A,K%_A,BB%_A,GB%_A,FB%_A,GB/FB_A,Avg Diff,RE24,WPA,AB_A,SF_A,SH_A,2B_A,3B_A,GB_outs_A,FB_outs_A,SB_A,CS_A,SB%_A,Type,Season,Pitcher ID,is_sub_row,Team,Last Team,FIP,nIP,ERA-,nRuns,GS,GF,CG,SHO,W,L,SV,HLD,W-L%,WAR
4,10.0,43,12,8.0,8.0,2,0,0,9,2,4,6,4,8,2,0,4.8,1.4,7.199999999999999,1.2000000000000002,1.2000000000000002,5.4,4.5,0.3,0.32558139534883723,0.675,1.0005813953488372,0.3333333333333333,0.046511627906976744,0.20930232558139536,0.046511627906976744,0.5238095238095238,0.47619047619047616,1.1,243.86046511627907,0.9592959295929593,-0.10310000000000004,40,1,0,3,3,11,10,0,0,,BS-H,S10,10,False,GRS,GRS,2.4096385542168672,9.333333333333334,100,6.4350619486293255,1.0,2.0,0.0,0.0,1,1,0,0,0.5,0.07657529940861012
9,20.666666666666668,93,25,17.0,17.0,7,1,0,18,7,10,5,16,14,8,0,4.935483870967742,1.5483870967741935,7.258064516129032,2.032258064516129,2.032258064516129,5.225806451612903,2.5714285714285716,0.29411764705882354,0.34408602150537637,0.6470588235294118,0.9911448450347882,0.29508196721311475,0.07526881720430108,0.1935483870967742,0.07526881720430108,0.5,0.5,1.0,247.58947368421053,3.22047091277137,-0.4978000000000001,85,1,0,7,1,22,22,3,0,1.0,BF-S,S10,32,False,SSS,SSS,4.687057909055577,22.333333333333332,90,13.952253010825322,2.0,5.0,0.0,0.0,1,1,2,0,0.5,0.051044885239497
2,1.6666666666666667,9,4,4.0,4.0,0,0,0,0,1,2,2,1,1,1,0,14.399999999999999,2.4,14.399999999999999,3.5999999999999996,0.0,0.0,,0.4444444444444444,0.4444444444444444,0.8888888888888888,1.3333333333333333,0.375,0.1111111111111111,0.0,0.0,0.6,0.4,1.5,229.0,2.549729288841217,-0.6982999999999999,9,0,0,1,0,3,2,0,0,,EG-H,S10,117,False,SSS,SSS,8.809638554216868,2.3333333333333335,248,4.0,0.0,1.0,0.0,0.0,0,1,1,0,0.0,-0.21886725373735066
1,5.0,18,3,2.0,2.0,0,0,0,2,2,0,1,4,4,4,0,2.4,0.6,3.5999999999999996,2.4000000000000004,0.0,2.4000000000000004,,0.16666666666666666,0.16666666666666666,0.5555555555555556,0.7222222222222222,0.07142857142857142,0.1111111111111111,0.1111111111111111,0.0,0.38461538461538464,0.6153846153846154,0.625,276.6111111111111,-1.5203520352035202,-0.035699999999999975,18,0,0,1,0,5,8,0,0,,EN-S,S10,127,False,KRK,KRK,5.409638554216867,5.0,58,2.0,1.0,1.0,1.0,0.0,0,1,0,0,0.0,0.22424655381389408
2,7.0,33,8,10.0,10.0,5,0,1,3,4,4,1,2,11,3,0,8.571428571428571,1.8571428571428572,6.857142857142857,3.4285714285714284,4.285714285714286,2.571428571428571,0.6,0.2962962962962963,0.3939393939393939,0.7407407407407407,1.1346801346801345,0.19047619047619047,0.12121212121212122,0.09090909090909091,0.15151515151515152,0.17647058823529413,0.8235294117647058,0.21428571428571427,204.2941176470588,5.071507150715071,-0.6204000000000001,27,1,0,0,0,3,14,1,1,0.5,FP-H,S10,131,False,CRN,CRN,9.72392426850258,6.0,256,10.605861234222111,2.0,0.0,0.0,0.0,0,1,0,0,0.0,-0.37476323953334667
1,0.0,3,1,3.0,3.0,2,0,0,0,1,0,0,0,0,0,0,,,,,,,0.0,1.0,1.0,4.0,5.0,,0.3333333333333333,0.0,0.6666666666666666,,,,112.33333333333333,3.7142857142857144,-0.7377,1,0,0,0,0,0,0,0,0,,FP-H,S10,134,False,ACK,ACK,inf,0.3333333333333333,1114,2.5665030585845887,0.0,1.0,0.0,0.0,0,1,0,0,0.0,-0.35939334637964776
6,18.666666666666668,83,22,10.0,10.0,7,0,1,12,4,7,10,5,20,7,0,3.214285714285714,1.5535714285714284,7.071428571428571,1.2857142857142856,2.25,3.8571428571428568,1.7142857142857142,0.2894736842105263,0.3493975903614458,0.6447368421052632,0.994134432466709,0.3,0.04819277108433735,0.14457831325301204,0.08433734939759036,0.35714285714285715,0.6428571428571429,0.5555555555555556,246.48837209302326,-2.4291008298914254,0.2568000000000001,76,0,0,7,4,15,27,2,2,0.5,FP-S,S10,149,False,KRK,KRK,3.6346385542168673,20.0,73,10.08669747115591,3.0,4.0,1.0,0.0,1,0,0,0,1.0,0.575884642676031
7,16.333333333333332,74,22,16.0,16.0,8,0,0,10,7,8,6,6,17,5,0,5.877551020408164,1.836734693877551,8.081632653061225,2.5714285714285716,2.938775510204082,3.673469387755102,1.25,0.3384615384615385,0.40540540540540543,0.8,1.2054054054054055,0.30612244897959184,0.0945945945945946,0.13513513513513514,0.10810810810810811,0.42105263157894735,0.5789473684210527,0.7272727272727273,218.65384615384616,3.9053319408814966,-0.7120000000000001,65,1,0,5,2,16,22,3,1,0.75,FP-H,S10,163,False,KIR,KIR,6.825965084829113,17.333333333333332,120,14.33407857641221,2.0,3.0,0.0,0.0,1,1,0,1,0.5,-0.09366430954803225
3,7.0,24,2,1.0,1.0,4,0,0,2,0,1,6,4,6,0,0,0.8571428571428571,0.8571428571428571,1.7142857142857142,0.0,3.4285714285714284,1.7142857142857142,0.5,0.1,0.25,0.15,0.4,0.1111111111111111,0.0,0.08333333333333333,0.16666666666666666,0.6842105263157895,0.3157894736842105,2.1666666666666665,291.4166666666667,-3.576005719385779,0.1997,20,0,0,1,0,13,6,0,0,,BS-S,S10,180,False,ZAH,ZAH,2.15249569707401,8.0,0,0.0,0.0,3.0,0.0,0.0,1,0,0,0,1.0,0.4538823723299673
3,4.333333333333333,23,8,7.0,7.0,3,0,0,7,3,4,0,4,1,0,0,9.692307692307693,2.5384615384615388,11.076923076923077,4.153846153846154,4.153846153846154,9.692307692307693,2.3333333333333335,0.4,0.4782608695652174,0.9,1.3782608695652174,0.5,0.13043478260869565,0.30434782608695654,0.13043478260869565,0.8333333333333334,0.16666666666666666,5.0,219.30434782608697,4.088939056949173,-0.5558000000000001,20,0,0,1,0,5,1,0,0,,TT-S,S10,270,False,KIR,KIR,8.855792400370714,4.666666666666667,198,6.39043223573267,1.0,1.0,0.0,0.0,0,0,0,0,0.0,-0.3166238469865025
3,7.333333333333333,28,6,3.0,3.0,1,0,0,3,1,4,4,1,4,9,0,2.4545454545454546,0.9545454545454546,4.909090909090909,0.8181818181818183,0.8181818181818183,2.4545454545454546,3.0,0.2222222222222222,0.25,0.37037037037037035,0.6203703703703703,0.21739130434782608,0.03571428571428571,0.10714285714285714,0.03571428571428571,0.3157894736842105,0.6842105263157895,0.46153846153846156,261.43333333333334,-2.31053454344628,0.1285,27,0,0,1,0,6,13,2,0,1.0,WC-S,S10,301,False,GRS,GRS,2.373274917853231,7.666666666666667,38,2.0,1.0,1.0,0.0,0.0,1,0,0,0,1.0,0.3433822214679157
7,32.333333333333336,134,33,18.0,18.0,12,0,0,32,8,18,13,17,17,10,0,3.34020618556701,1.3917525773195876,6.123711340206185,1.4845360824742266,2.22680412371134,5.9381443298969065,2.6666666666666665,0.2727272727272727,0.3358208955223881,0.5537190082644629,0.889539903786851,0.3048780487804878,0.05970149253731343,0.23880597014925373,0.08955223880597014,0.5714285714285714,0.42857142857142855,1.3333333333333333,267.56115107913666,-3.6550464213465643,-0.5131999999999999,121,1,0,4,3,36,27,3,2,0.6,TT-H,S10,310,False,KRK,KRK,3.3601540181343927,32.0,76,16.84288167641118,6.0,4.0,3.0,1.0,4,3,0,0,0.5714285714285714,0.9030780276532475
3,9.0,32,6,4.0,4.0,1,0,0,6,4,2,1,5,10,3,0,2.6666666666666665,0.7777777777777778,4.0,2.6666666666666665,0.6666666666666666,4.0,6.0,0.1935483870967742,0.21875,0.5806451612903226,0.7993951612903226,0.09523809523809523,0.125,0.1875,0.03125,0.35,0.65,0.5384615384615384,270.57575757575756,-2.336633663366337,0.48449999999999993,31,0,0,0,0,7,13,0,1,0.0,FP-S,S10,361,False,GOB,GOB,5.7874163319946454,8.333333333333334,77,4.407418745437533,1.0,2.0,0.0,0.0,2,0,0,0,1.0,0.3620391001918196
1,0.6666666666666666,2,0,0.0,0.0,0,0,0,1,0,0,0,0,1,0,0,0.0,0.0,0.0,0.0,0.0,9.0,,0.0,0.0,0.0,0.0,0.0,0.0,0.5,0.0,0.0,1.0,0.0,253.0,-0.6231884057971014,0.017,2,0,0,0,0,0,1,1,0,1.0,NH-B,S10,367,False,KRK,KRK,-1.9903614457831327,1.0,0,0.0,0.0,1.0,0.0,0.0,0,0,0,0,0.0,0.07034232394565927
5,9.333333333333334,45,10,10.0,10.0,9,0,0,6,2,7,11,4,4,1,0,6.428571428571428,2.0357142857142856,6.428571428571429,1.2857142857142856,5.785714285714285,3.8571428571428568,0.6666666666666666,0.2857142857142857,0.4222222222222222,0.4857142857142857,0.9079365079365079,0.2857142857142857,0.044444444444444446,0.13333333333333333,0.2,0.7727272727272727,0.22727272727272727,3.4,232.28571428571428,2.5717058995838604,-0.20939999999999998,35,1,0,1,0,17,5,4,0,1.0,EG-H,S10,378,False,GRS,GRS,5.402495697074009,10.333333333333334,61,4.385749952240733,4.0,1.0,0.0,0.0,0,0,0,0,0.0,-0.07664221422453085
4,8.333333333333334,37,7,5.0,5.0,5,0,1,6,1,4,2,4,10,3,0,3.5999999999999996,1.44,5.04,0.72,3.5999999999999996,4.32,1.2,0.22580645161290322,0.32432432432432434,0.45161290322580644,0.7759372275501308,0.24,0.02702702702702703,0.16216216216216217,0.13513513513513514,0.3157894736842105,0.6842105263157895,0.46153846153846156,244.94444444444446,-1.1843133040848999,0.1684000000000001,31,1,0,0,2,6,13,0,0,,TD-S,S10,413,False,SEO,SEO,2.9296385542168673,9.0,87,5.385749952240733,2.0,2.0,0.0,0.0,2,0,0,0,1.0,0.2668657726785487
7,25.666666666666668,108,27,13.0,13.0,7,0,0,11,3,12,7,11,10,35,0,3.038961038961039,1.3246753246753247,6.311688311688312,0.7012987012987013,1.6363636363636362,2.571428571428571,1.5714285714285714,0.26732673267326734,0.3148148148148148,0.504950495049505,0.8197653098643198,0.27586206896551724,0.027777777777777776,0.10185185185185185,0.06481481481481481,0.296875,0.703125,0.4222222222222222,268.6126126126126,-5.767514168234393,0.1917000000000002,101,0,0,9,3,19,45,1,2,0.3333333333333333,WC-H,S10,516,False,SSS,SSS,2.4901580347363477,25.0,95,16.45368663224376,6.0,2.0,1.0,1.0,4,2,0,0,0.6666666666666666,1.0100195185846919
1,3.3333333333333335,16,5,3.0,3.0,1,0,0,1,2,3,3,4,1,1,0,5.3999999999999995,1.7999999999999998,9.0,3.5999999999999996,1.7999999999999998,1.7999999999999998,1.0,0.3333333333333333,0.375,0.7333333333333333,1.1083333333333334,0.25,0.125,0.0625,0.0625,0.7777777777777778,0.2222222222222222,3.5,251.94736842105263,0.600266160710222,-0.2996,15,0,0,0,0,7,2,3,0,1.0,EG-S,S10,606,False,SSS,SSS,9.109638554216867,3.6666666666666665,79,2.0,1.0,0.0,0.0,0.0,0,1,0,0,0.0,0.004161250856570753
2,4.0,22,9,9.0,9.0,1,0,0,1,2,4,2,2,5,2,0,13.5,2.5,13.5,3.0,1.5,1.5,1.0,0.42857142857142855,0.45454545454545453,0.9523809523809523,1.406926406926407,0.3888888888888889,0.09090909090909091,0.045454545454545456,0.045454545454545456,0.36363636363636365,0.6363636363636364,0.5714285714285714,201.22727272727272,5.622505107653623,-0.38170000000000004,21,0,0,1,2,4,7,0,0,,BF-H,S10,703,False,ZAH,ZAH,7.759638554216867,3.6666666666666665,381,9.656317710131102,2.0,0.0,0.0,0.0,0,0,0,0,0.0,-0.473992193739922
2,7.333333333333333,32,8,6.0,6.0,2,0,0,6,3,2,3,2,8,2,1,4.909090909090909,1.3636363636363638,6.545454545454547,2.4545454545454546,1.6363636363636367,4.909090909090909,3.0,0.26666666666666666,0.3125,0.7333333333333333,1.0458333333333334,0.23809523809523808,0.09375,0.1875,0.0625,0.3333333333333333,0.6666666666666666,0.5,250.15625,1.1723147924548551,-0.17240000000000003,30,0,0,1,2,5,10,0,0,,FP-S,S10,716,False,BEE,BEE,5.509638554216867,7.0,145,7.0,2.0,0.0,0.0,0.0,1,1,0,0,0.5,0.011144254609700388
4,11.0,48,10,9.0,9.0,6,0,3,8,4,4,4,5,12,3,0,4.909090909090909,1.4545454545454546,5.454545454545454,2.1818181818181817,3.2727272727272725,4.363636363636363,1.3333333333333333,0.23809523809523808,0.3333333333333333,0.5714285714285714,0.9047619047619047,0.2,0.08333333333333333,0.16666666666666666,0.125,0.4,0.6,0.6666666666666666,260.35555555555555,2.1560104874123764,0.05229999999999996,42,0,0,2,0,10,15,0,0,,FP-S,S10,778,False,KRK,KRK,5.918729463307777,11.0,109,8.28915333223167,3.0,1.0,0.0,0.0,1,2,0,0,0.3333333333333333,-0.02303744795845879
1,5.0,22,6,3.0,3.0,2,0,0,3,1,3,3,1,2,5,0,3.6,1.6,7.199999999999999,1.2000000000000002,2.4000000000000004,3.5999999999999996,1.5,0.3,0.36363636363636365,0.55,0.9136363636363637,0.3125,0.045454545454545456,0.13636363636363635,0.09090909090909091,0.4166666666666667,0.5833333333333334,0.7142857142857143,246.54545454545453,-1.2244224422442245,-0.05790000000000001,20,0,0,2,0,5,7,0,0,,WC-S,S10,783,False,ZAH,ZAH,3.6096385542168674,5.0,87,3.0,1.0,1.0,1.0,0.0,0,1,0,0,0.0,0.21070056124986278
2,11.0,42,9,3.0,3.0,2,0,0,13,0,5,5,4,7,2,0,1.6363636363636365,1.0,4.909090909090909,0.0,1.0909090909090908,7.090909090909092,6.5,0.225,0.2619047619047619,0.35,0.611904761904762,0.3333333333333333,0.0,0.30952380952380953,0.047619047619047616,0.55,0.45,1.2222222222222223,262.9047619047619,-4.744774477447746,0.5138,40,0,0,3,1,11,9,1,0,1.0,NH-S,S10,786,False,CRN,CRN,-0.8085432639649508,11.0,39,3.0,2.0,2.0,2.0,1.0,1,1,0,0,0.5,0.642970598429706
2,2.6666666666666665,12,4,3.0,3.0,0,0,0,5,3,1,1,1,0,1,0,6.75,1.5,9.0,6.75,0.0,11.25,,0.3333333333333333,0.3333333333333333,1.0833333333333333,1.4166666666666665,0.25,0.25,0.4166666666666667,0.0,0.6666666666666666,0.3333333333333333,2.0,253.54545454545453,1.5350410041004103,-0.3718,12,0,0,0,0,2,1,0,0,,TT-H,S10,1709,False,SEO,SEO,11.884638554216867,4.0,108,3.0,0.0,1.0,0.0,0.0,0,0,0,1,0.0,-0.10536320021434631
5,15.0,65,17,10.0,10.0,4,1,0,6,5,7,10,11,13,3,1,4.0,1.4,6.8,2.0,1.6,2.4000000000000004,1.5,0.2833333333333333,0.3230769230769231,0.6333333333333333,0.9564102564102563,0.24,0.07692307692307693,0.09230769230769231,0.06153846153846154,0.5789473684210527,0.42105263157894735,1.375,245.55384615384617,-0.7952145276025768,-0.6176000000000001,60,1,0,4,1,22,16,1,0,1.0,EG-H,S10,1724,False,ZAH,ZAH,5.342971887550201,15.666666666666666,90,9.765511134549772,2.0,3.0,1.0,0.0,1,2,0,0,0.3333333333333333,0.3402846621536041
6,16.0,65,20,12.0,12.0,2,0,0,7,2,9,12,10,11,3,0,4.5,1.375,7.5,0.75,0.75,2.625,3.5,0.3225806451612903,0.3384615384615385,0.6129032258064516,0.9513647642679901,0.3333333333333333,0.03076923076923077,0.1076923076923077,0.03076923076923077,0.6410256410256411,0.358974358974359,1.7857142857142858,244.53731343283582,0.607726157231107,0.029799999999999882,62,1,0,6,3,25,14,0,2,0.0,EG-B,S10,1799,False,GRS,GRS,2.1346385542168673,15.333333333333334,124,13.14731385563821,4.0,1.0,0.0,0.0,2,1,0,0,0.6666666666666666,0.1999905936702357
1,5.0,18,4,3.0,3.0,0,0,0,4,1,3,2,3,3,2,0,3.6,0.8,4.800000000000001,1.2000000000000002,0.0,4.800000000000001,,0.2222222222222222,0.2222222222222222,0.3888888888888889,0.6111111111111112,0.23076923076923078,0.05555555555555555,0.2222222222222222,0.0,0.5454545454545454,0.45454545454545453,1.2,292.1666666666667,-0.5203520352035202,-0.20549999999999993,18,0,0,0,0,6,5,0,0,,TD-S,S10,1838,False,BEE,BEE,2.0096385542168673,5.0,87,3.0,1.0,1.0,1.0,0.0,0,1,0,0,0.0,0.12424655381389409
5,5.333333333333333,22,6,4.0,4.0,0,0,0,3,3,1,3,3,5,2,0,4.5,1.125,6.75,3.375,0.0,3.375,,0.2727272727272727,0.2727272727272727,0.7727272727272727,1.0454545454545454,0.1875,0.13636363636363635,0.13636363636363635,0.0,0.46153846153846156,0.5384615384615384,0.8571428571428571,230.27272727272728,0.9512388738873886,-0.5256,22,0,0,2,0,6,7,0,0,,EN-S,S10,2206,False,SEO,SEO,7.197138554216867,5.666666666666667,137,5.385749952240733,0.0,3.0,0.0,0.0,1,0,0,1,1.0,-0.006865570363298545
3,5.333333333333333,23,5,1.0,1.0,3,0,0,5,1,2,5,1,2,2,0,1.125,1.5,5.625,1.125,3.375,5.625,1.6666666666666667,0.25,0.34782608695652173,0.5,0.8478260869565217,0.2857142857142857,0.043478260869565216,0.21739130434782608,0.13043478260869565,0.6363636363636364,0.36363636363636365,1.75,258.7083333333333,-2.979029721153934,0.08990000000000001,20,0,0,2,0,7,4,1,0,1.0,NH-S,S10,2329,False,SEO,SEO,3.2596385542168673,6.0,48,2.0,0.0,0.0,0.0,0.0,0,0,0,0,0.0,0.3901730308238083
10,13.333333333333334,52,15,6.0,6.0,1,0,0,2,1,7,7,7,13,7,0,2.6999999999999997,1.2,6.75,0.44999999999999996,0.44999999999999996,0.8999999999999999,2.0,0.29411764705882354,0.3076923076923077,0.49019607843137253,0.7978883861236803,0.2916666666666667,0.019230769230769232,0.038461538461538464,0.019230769230769232,0.4594594594594595,0.5405405405405406,0.85,241.57407407407408,-3.085842585607171,-0.11980000000000005,51,0,0,7,0,17,20,1,1,0.5,EG-S,S10,2379,False,SEO,SEO,1.9096385542168672,14.333333333333334,41,4.084321012365436,1.0,5.0,0.0,0.0,1,0,2,1,1.0,0.5171948260753941
4,15.333333333333334,58,9,4.0,4.0,3,0,0,13,3,3,6,4,20,3,0,1.5652173913043477,0.7826086956521738,3.5217391304347823,1.1739130434782608,1.1739130434782608,5.086956521739131,4.333333333333333,0.16363636363636364,0.20689655172413793,0.38181818181818183,0.5887147335423197,0.15384615384615385,0.05172413793103448,0.22413793103448276,0.05172413793103448,0.30303030303030304,0.696969696969697,0.43478260869565216,263.3448275862069,-6.848578723778227,0.4374,55,0,0,3,0,10,23,0,0,,BS-H,S10,2474,False,ACK,ACK,2.444421162912519,15.333333333333334,38,4.0,2.0,2.0,2.0,1.0,2,0,0,1,1.0,0.9175388899903473
4,5.333333333333333,22,6,2.0,2.0,2,0,0,1,1,2,5,5,3,0,0,2.25,1.5,6.75,1.125,2.25,1.125,0.5,0.3157894736842105,0.36363636363636365,0.7894736842105263,1.1531100478468899,0.2777777777777778,0.045454545454545456,0.045454545454545456,0.09090909090909091,0.8,0.2,4.0,267.4782608695652,-0.22706700568833738,-0.7827999999999999,19,1,0,0,3,12,3,1,0,1.0,EG-B,S10,2482,False,GRS,GRS,4.197138554216867,6.666666666666667,75,3.4463532883642496,0.0,2.0,0.0,0.0,0,1,0,1,0.0,0.11096501759427406
8,10.333333333333334,47,10,7.0,7.0,6,0,0,12,2,4,3,5,8,3,0,4.064516129032258,1.5483870967741935,5.806451612903225,1.161290322580645,3.483870967741935,6.96774193548387,2.0,0.24390243902439024,0.3404255319148936,0.4878048780487805,0.8282304099636741,0.2962962962962963,0.0425531914893617,0.2553191489361702,0.1276595744680851,0.42105263157894735,0.5789473684210527,0.7272727272727273,248.40816326530611,-0.2529256345184776,0.2398,41,0,0,4,0,8,11,2,0,1.0,BS-B,S10,2504,False,SEO,SEO,2.945122425184609,10.666666666666666,72,5.300148535508483,0.0,1.0,0.0,0.0,1,0,0,2,1.0,0.2138444225516521
1,2.6666666666666665,14,6,4.0,4.0,0,0,0,1,0,1,3,2,1,1,0,9.0,2.25,13.5,0.0,0.0,2.25,,0.42857142857142855,0.42857142857142855,0.7857142857142857,1.2142857142857142,0.46153846153846156,0.0,0.07142857142857142,0.0,0.7142857142857143,0.2857142857142857,2.5,245.5,1.786981137138104,-0.30519999999999997,14,0,0,5,0,5,2,0,0,,TD-B,S10,2509,False,CRN,CRN,0.2596385542168673,3.0,96,2.0,0.0,1.0,0.0,0.0,0,1,0,0,0.0,-0.12253373015216655
1,3.6666666666666665,17,6,4.0,4.0,0,0,0,3,2,1,3,1,2,1,1,6.545454545454546,1.6363636363636365,9.818181818181818,3.2727272727272734,0.0,4.909090909090909,,0.35294117647058826,0.35294117647058826,0.8823529411764706,1.2352941176470589,0.3333333333333333,0.11764705882352941,0.17647058823529413,0.0,0.5714285714285714,0.42857142857142855,1.3333333333333333,224.55555555555554,1.1837183718371838,-0.24380000000000004,17,0,0,3,0,4,3,1,0,1.0,EG-H,S10,2544,False,SSS,SSS,6.464184008762322,3.6666666666666665,136,3.4463532883642496,1.0,0.0,0.0,0.0,0,1,0,0,0.0,-0.050172228573150866
4,13.0,57,15,12.0,12.0,5,0,0,6,7,3,8,6,12,5,0,5.538461538461538,1.5384615384615385,6.9230769230769225,3.230769230769231,2.307692307692308,2.769230769230769,1.2,0.28846153846153844,0.3508771929824561,0.8076923076923077,1.1585695006747638,0.20512820512820512,0.12280701754385964,0.10526315789473684,0.08771929824561403,0.48484848484848486,0.5151515151515151,0.9411764705882353,239.859649122807,2.280633891326227,-0.5638,52,0,0,4,1,16,17,1,0,1.0,FP-B,S10,2584,False,ZAH,ZAH,8.240407784986099,13.333333333333334,148,13.640189799779444,3.0,2.0,1.0,0.0,0,3,0,0,0.0,0.0006058867969271908
1,1.0,3,0,0.0,0.0,1,0,0,0,0,0,0,2,0,0,0,0.0,1.0,0.0,0.0,6.0,0.0,0.0,0.0,0.3333333333333333,0.0,0.3333333333333333,0.0,0.0,0.0,0.3333333333333333,1.0,0.0,,377.25,-0.7040704070407042,0.15430000000000002,2,0,0,0,0,2,0,0,1,0.0,TD-B,S10,2606,False,SEO,SEO,4.009638554216867,1.0,0,0.0,0.0,1.0,0.0,0.0,1,0,0,0,1.0,0.0824422657529941
5,18.666666666666668,81,20,10.0,10.0,8,0,0,9,2,10,10,9,20,5,0,3.214285714285714,1.5,6.428571428571429,0.6428571428571428,2.571428571428571,2.8928571428571423,1.125,0.2777777777777778,0.345679012345679,0.5138888888888888,0.8595679012345678,0.2903225806451613,0.024691358024691357,0.1111111111111111,0.09876543209876543,0.4444444444444444,0.5555555555555556,0.8,245.58823529411765,-3.401482146364497,0.08479999999999999,72,1,0,5,3,20,25,2,2,0.5,TD-B,S10,2622,False,GOB,GOB,2.7239242685025813,17.666666666666668,83,10.135983748935178,5.0,1.0,1.0,1.0,3,1,0,0,0.75,0.6650992909573891
4,14.666666666666666,59,15,6.0,6.0,5,0,0,8,1,7,7,6,10,7,1,2.4545454545454546,1.3636363636363638,6.136363636363637,0.40909090909090917,2.045454545454546,3.2727272727272734,1.6,0.2777777777777778,0.3389830508474576,0.48148148148148145,0.820464532328939,0.3111111111111111,0.01694915254237288,0.13559322033898305,0.0847457627118644,0.48484848484848486,0.5151515151515151,0.9411764705882353,268.83870967741933,-4.471243217872928,0.19329999999999997,54,0,0,6,1,16,17,1,2,0.3333333333333333,NH-H,S10,2641,False,SSS,SSS,1.8278203723986857,14.333333333333334,86,8.476975323876363,2.0,2.0,1.0,0.0,1,1,0,0,0.5,0.6838170810827918
3,9.333333333333334,44,12,6.0,6.0,6,0,0,2,2,7,4,8,9,3,0,3.8571428571428568,1.9285714285714284,7.7142857142857135,1.2857142857142856,3.8571428571428568,1.2857142857142856,0.3333333333333333,0.32432432432432434,0.4090909090909091,0.5945945945945946,1.0036855036855037,0.29411764705882354,0.045454545454545456,0.045454545454545456,0.13636363636363635,0.5384615384615384,0.46153846153846156,1.1666666666666667,234.9787234042553,-0.8689980905116058,-0.2691,37,1,0,2,1,14,12,3,0,1.0,BF-H,S10,2646,False,GOB,GOB,5.295352839931153,10.333333333333334,103,7.388330259907449,1.0,1.0,0.0,0.0,1,1,0,0,0.5,0.2634164431020412
5,7.0,30,7,2.0,2.0,3,0,0,4,1,4,1,3,8,4,0,1.7142857142857142,1.4285714285714286,6.0,0.8571428571428571,2.571428571428571,3.4285714285714284,1.3333333333333333,0.2692307692307692,0.3333333333333333,0.46153846153846156,0.7948717948717949,0.2727272727272727,0.03333333333333333,0.13333333333333333,0.1,0.25,0.75,0.3333333333333333,248.0,-0.8480562063768882,0.03900000000000001,26,1,0,2,0,4,12,1,1,0.5,NT-S,S10,2657,False,GRS,GRS,3.0096385542168673,6.333333333333333,51,2.237496316339847,0.0,2.0,0.0,0.0,0,0,0,1,0.0,0.2051578711269256
1,0.6666666666666666,6,3,3.0,3.0,1,0,0,0,0,3,1,0,1,0,0,27.0,6.0,27.0,0.0,9.0,0.0,0.0,0.6,0.6666666666666666,0.6,1.2666666666666666,0.6,0.0,0.0,0.16666666666666666,0.5,0.5,1.0,171.33333333333334,2.233429592959296,-0.1747,5,0,0,0,0,1,1,0,0,,EG-S,S10,2661,False,GRS,GRS,5.509638554216867,0.3333333333333333,1679,3.869166496841247,0.0,0.0,0.0,0.0,0,0,0,0,0.0,-0.19927250919808223
3,7.666666666666667,34,10,6.0,6.0,2,0,0,7,1,5,3,4,8,0,0,4.695652173913043,1.5652173913043477,7.826086956521739,0.7826086956521738,1.5652173913043477,5.478260869565217,3.5,0.3225806451612903,0.35294117647058826,0.5483870967741935,0.9013282732447818,0.375,0.029411764705882353,0.20588235294117646,0.058823529411764705,0.5,0.5,1.0,244.73529411764707,-0.09342657466646265,-0.3092,31,1,0,4,0,8,8,0,0,,BS-S,S10,2679,False,BEE,BEE,1.6618124672603456,7.666666666666667,73,3.8935411039130936,2.0,1.0,0.0,0.0,0,2,0,0,0.0,0.14574187468778127
1,0.6666666666666666,3,1,1.0,1.0,0,0,0,0,1,0,0,1,1,0,0,9.0,1.5,9.0,9.0,0.0,0.0,,0.3333333333333333,0.3333333333333333,1.3333333333333333,1.6666666666666665,0.0,0.3333333333333333,0.0,0.0,0.5,0.5,1.0,236.33333333333334,0.47133067019658403,-0.1594,3,0,0,0,0,1,1,0,0,,EG-H,S10,2689,False,GRS,GRS,20.509638554216867,1.3333333333333333,108,1.0,0.0,0.0,0.0,0.0,0,0,0,1,0.0,-0.03509784197073472
1,0.0,5,5,5.0,5.0,0,0,0,0,1,2,0,0,0,0,0,,,,,,,,1.0,1.0,2.0,3.0,1.0,0.2,0.0,0.0,,,,68.0,4.6938887766327655,-0.6434,5,0,0,2,0,0,0,0,0,,EG-S,S10,2691,False,KIR,KIR,inf,0.0,0,4.6938887766327655,0.0,0.0,0.0,0.0,0,1,0,0,0.0,-0.4493301692484038
1,0.6666666666666666,6,3,4.0,4.0,1,0,0,0,1,1,1,0,0,1,0,36.0,6.0,27.0,9.0,9.0,0.0,0.0,0.6,0.6666666666666666,1.4,2.0666666666666664,0.5,0.16666666666666666,0.0,0.16666666666666666,0.5,0.5,1.0,193.5,3.843187527962281,-0.08670000000000001,5,0,0,1,0,1,1,0,0,,TT-H,S10,2696,False,KIR,KIR,25.009638554216867,0.6666666666666666,868,4.0,0.0,0.0,0.0,0.0,0,0,0,0,0.0,-0.36024830269838076
1,1.3333333333333333,4,0,0.0,0.0,0,0,0,0,0,0,0,1,3,0,0,0.0,0.0,0.0,0.0,0.0,0.0,,0.0,0.0,0.0,0.0,0.0,0.0,0.0,0.0,0.25,0.75,0.3333333333333333,270.0,-1.641570407040704,0.0033000000000000004,4,0,0,0,0,1,3,0,0,,FP-H,S10,2708,False,GOB,GOB,1.0096385542168673,2.0,0,0.0,0.0,1.0,0.0,0.0,0,0,0,0,0.0,0.18020400743596862
1,3.0,11,2,1.0,1.0,0,0,0,1,1,0,1,3,4,0,0,2.0,0.6666666666666666,4.0,2.0,0.0,2.0,,0.18181818181818182,0.18181818181818182,0.5454545454545454,0.7272727272727273,0.1111111111111111,0.09090909090909091,0.09090909090909091,0.0,0.5,0.5,1.0,268.09090909090907,-1.112211221122112,0.07539999999999997,11,0,0,1,0,4,4,0,0,,EN-S,S10,2715,False,CRN,CRN,4.676305220883534,3.0,48,1.0,1.0,0.0,0.0,0.0,0,0,0,0,0.0,0.15535028062493134
1,1.6666666666666667,9,3,2.0,2.0,1,0,0,1,0,1,1,1,1,1,0,7.199999999999999,2.4,10.799999999999999,0.0,3.5999999999999996,3.5999999999999996,1.0,0.375,0.4444444444444444,0.625,1.0694444444444444,0.42857142857142855,0.0,0.1111111111111111,0.1111111111111111,0.5,0.5,1.0,243.44444444444446,0.36662996379495993,-0.03480000000000001,8,0,0,2,0,2,2,0,0,,TD-S,S10,2722,False,KIR,KIR,1.6096385542168674,2.0,50,0.6938887766327654,0.0,0.0,0.0,0.0,0,0,0,0,0.0,-0.000557321232724961
2,2.6666666666666665,13,5,5.0,5.0,0,0,0,3,4,1,1,0,3,1,0,11.25,1.875,11.25,9.0,0.0,6.75,,0.38461538461538464,0.38461538461538464,1.3076923076923077,1.6923076923076923,0.16666666666666666,0.3076923076923077,0.23076923076923078,0.0,0.2,0.8,0.25,195.85714285714286,3.128935490513638,-0.4507,13,0,0,0,0,1,4,1,0,1.0,BS-B,S10,2723,False,SSS,SSS,18.259638554216867,2.6666666666666665,163,3.0,2.0,0.0,0.0,0.0,0,0,0,0,0.0,-0.26074090717269455
2,5.666666666666667,27,8,5.0,5.0,3,0,0,3,0,6,3,1,5,4,0,5.294117647058823,1.9411764705882353,8.470588235294116,0.0,3.1764705882352944,3.1764705882352944,1.0,0.3333333333333333,0.4074074074074074,0.4583333333333333,0.8657407407407407,0.38095238095238093,0.0,0.1111111111111111,0.1111111111111111,0.3076923076923077,0.6923076923076923,0.4444444444444444,245.35714285714286,-0.12918434700612913,-0.040900000000000006,24,0,0,1,1,4,9,0,1,0.0,NH-S,S10,2730,False,GOB,GOB,1.5390503189227496,5.0,164,5.652592922943988,1.0,0.0,0.0,0.0,0,1,0,0,0.0,0.12123546014092601
4,13.333333333333334,61,17,9.0,9.0,6,0,0,8,2,11,3,8,16,3,0,4.05,1.7249999999999999,7.6499999999999995,0.8999999999999999,2.6999999999999997,3.5999999999999996,1.3333333333333333,0.3090909090909091,0.3770491803278688,0.4909090909090909,0.8679582712369598,0.3333333333333333,0.03278688524590164,0.13114754098360656,0.09836065573770492,0.3870967741935484,0.6129032258064516,0.631578947368421,231.09375,-1.3303849401141463,0.07669999999999996,55,0,0,4,0,12,19,2,1,0.6666666666666666,NT-B,S10,2734,False,ACK,ACK,3.1096385542168674,13.0,83,7.47712970688858,3.0,0.0,0.0,0.0,1,0,0,1,1.0,0.37775473667286275
1,1.0,4,1,0.0,0.0,0,0,0,2,0,1,0,0,1,0,0,0.0,1.0,6.0,0.0,0.0,12.0,,0.25,0.25,0.25,0.5,0.5,0.0,0.5,0.0,0.0,1.0,0.0,241.25,-0.7040704070407041,0.0,4,0,0,0,0,0,1,0,0,,TT-H,S10,2744,False,BEE,BEE,-2.9903614457831327,1.0,0,0.0,0.0,1.0,0.0,0.0,0,0,0,0,0.0,0.08645400743596865
2,5.333333333333333,21,4,1.0,1.0,1,1,0,5,0,0,0,6,2,2,1,1.125,0.9375,4.5,0.0,1.125,5.625,5.0,0.2,0.23809523809523808,0.45,0.6880952380952381,0.26666666666666666,0.0,0.23809523809523808,0.047619047619047616,0.6,0.4,1.5,297.0,-4.281160030896707,0.49239999999999995,20,0,0,3,1,6,4,0,0,,EG-H,S10,2760,False,ACK,ACK,-0.3028614457831327,5.666666666666667,41,1.6032809265553958,0.0,2.0,0.0,0.0,1,1,0,0,0.5,0.5123625784321365
1,3.0,12,2,0.0,0.0,2,0,0,0,0,0,2,2,2,2,0,0.0,1.3333333333333333,4.0,0.0,4.0,0.0,0.0,0.2,0.3333333333333333,0.4,0.7333333333333334,0.2,0.0,0.0,0.16666666666666666,0.5555555555555556,0.4444444444444444,1.25,279.75,-2.112211221122112,0.36669999999999997,10,0,0,2,0,5,4,0,0,,NT-B,S10,2773,False,CRN,CRN,3.0096385542168673,3.0,0,0.0,0.0,1.0,0.0,0.0,1,0,0,0,1.0,0.25936202230790595
1,2.6666666666666665,11,3,1.0,1.0,1,0,0,1,1,1,2,0,2,2,0,2.25,1.5,6.75,2.25,2.25,2.25,1.0,0.3,0.36363636363636365,0.8,1.1636363636363636,0.25,0.09090909090909091,0.09090909090909091,0.09090909090909091,0.42857142857142855,0.5714285714285714,0.75,218.27272727272728,-0.8246886029544469,-0.0005,10,0,0,0,1,3,4,0,0,,EG-S,S10,2780,False,SSS,SSS,6.259638554216867,3.0,48,1.0,0.0,1.0,0.0,0.0,0,0,0,0,0.0,0.12659801880816485
4,16.0,72,23,11.0,11.0,3,0,0,13,1,9,2,9,16,6,0,4.125,1.625,8.625,0.375,1.125,4.875,4.333333333333333,0.3382352941176471,0.3611111111111111,0.6176470588235294,0.9787581699346406,0.4,0.013888888888888888,0.18055555555555555,0.041666666666666664,0.35294117647058826,0.6470588235294118,0.5454545454545454,244.53424657534248,1.4600816160775492,-0.37860000000000005,68,1,0,10,3,12,22,0,1,0.0,NH-H,S10,2785,False,CRN,CRN,0.7596385542168673,16.333333333333332,99,11.181181670370819,3.0,1.0,1.0,0.0,1,2,0,0,0.3333333333333333,0.14283723956641334
4,7.0,31,8,3.0,3.0,3,0,0,6,2,3,4,3,4,3,0,2.5714285714285716,1.5714285714285714,6.857142857142857,1.7142857142857142,2.571428571428571,5.142857142857142,2.0,0.2857142857142857,0.3548387096774194,0.6071428571428571,0.9619815668202765,0.3,0.06451612903225806,0.1935483870967742,0.0967741935483871,0.5333333333333333,0.4666666666666667,1.1428571428571428,242.19354838709677,-2.169639560920679,-0.5469999999999998,28,0,0,3,0,8,7,0,0,,TD-H,S10,2792,False,GRS,GRS,4.295352839931153,7.666666666666667,60,3.18988777112287,1.0,2.0,0.0,0.0,0,2,0,1,0.0,0.34132794826427926
2,7.666666666666667,31,7,3.0,3.0,4,0,0,3,1,2,3,4,8,2,0,2.3478260869565215,1.434782608695652,5.478260869565217,0.7826086956521738,3.1304347826086953,2.3478260869565215,0.75,0.28,0.3548387096774194,0.64,0.9948387096774194,0.2608695652173913,0.03225806451612903,0.0967741935483871,0.12903225806451613,0.47368421052631576,0.5263157894736842,0.9,258.46875,-2.6325632563256334,0.045999999999999985,25,2,0,2,2,9,10,0,1,0.0,FP-S,S10,2795,False,CRN,CRN,3.4878994237820846,7.666666666666667,57,3.0,1.0,2.0,1.0,0.0,1,1,0,0,0.5,0.3876203178047747
2,3.3333333333333335,11,1,0.0,0.0,1,0,1,3,0,0,1,2,2,1,0,0.0,0.6,1.7999999999999998,0.0,1.7999999999999998,5.3999999999999995,3.0,0.1,0.18181818181818182,0.2,0.38181818181818183,0.14285714285714285,0.0,0.2727272727272727,0.09090909090909091,0.5714285714285714,0.42857142857142855,1.3333333333333333,288.7,-2.6406203120312033,0.1388,10,0,0,1,0,4,3,0,0,,EG-S,S10,2804,False,ACK,ACK,0.10963855421686741,4.0,0,0.0,0.0,2.0,0.0,0.0,0,0,1,0,0.0,0.3081911897158405
1,1.6666666666666667,10,4,2.0,2.0,1,0,0,0,1,2,0,1,2,2,0,7.199999999999999,3.0,14.399999999999999,3.5999999999999996,3.5999999999999996,0.0,0.0,0.4444444444444444,0.5,0.8888888888888888,1.3888888888888888,0.375,0.1,0.0,0.1,0.2,0.8,0.25,211.3,1.529359185918592,-0.042199999999999994,9,0,0,1,0,1,4,0,0,,BS-B,S10,2827,False,GOB,GOB,10.609638554216867,1.6666666666666667,190,2.18988777112287,0.0,0.0,0.0,0.0,0,0,0,0,0.0,-0.11281850176211361
10,27.0,110,24,15.0,15.0,11,0,0,10,10,7,9,25,17,14,0,3.3333333333333335,1.2962962962962963,5.333333333333333,2.2222222222222223,2.444444444444444,2.2222222222222223,0.9090909090909091,0.24242424242424243,0.3181818181818182,0.6161616161616161,0.9343434343434343,0.17721518987341772,0.09090909090909091,0.09090909090909091,0.1,0.5507246376811594,0.4492753623188406,1.2258064516129032,259.3333333333333,-2.9238349971240405,0.8801000000000001,99,0,0,7,0,38,31,2,2,0.5,TD-S,S10,2829,False,KIR,KIR,6.3059348505131645,27.666666666666668,82,15.624949719752195,1.0,6.0,1.0,0.0,2,0,0,1,1.0,0.7336750848396056
2,0.3333333333333333,2,1,1.0,1.0,0,0,0,0,0,0,0,1,0,0,0,18.0,3.0,18.0,0.0,0.0,0.0,,0.5,0.5,1.0,1.5,0.5,0.0,0.0,0.0,1.0,0.0,,273.5,0.3526671816117783,0.0010999999999999899,2,0,0,1,0,1,0,0,0,,EG-S,S10,2833,False,GRS,GRS,1.0096385542168673,0.6666666666666666,139,0.6401897997794439,0.0,0.0,0.0,0.0,0,0,0,1,0.0,-0.02724323479522871
1,0.3333333333333333,4,3,1.0,1.0,0,0,0,0,0,1,0,0,1,0,0,18.0,9.0,54.0,0.0,0.0,0.0,,1.0,0.75,1.6666666666666667,2.416666666666667,0.75,0.0,0.0,0.0,0.0,1.0,0.0,89.0,1.9605911330049262,-0.1031,3,1,0,2,0,0,1,0,0,,FP-S,S10,2835,False,ZAH,ZAH,1.0096385542168673,0.3333333333333333,732,1.6869004869890305,0.0,0.0,0.0,0.0,0,0,0,0,0.0,-0.18001214656859438
6,19.333333333333332,87,22,18.0,18.0,12,0,0,28,12,7,2,2,16,5,0,5.586206896551724,1.7586206896551726,6.827586206896552,3.724137931034483,3.724137931034483,8.689655172413794,2.3333333333333335,0.29333333333333333,0.39080459770114945,0.8133333333333334,1.2041379310344829,0.2857142857142857,0.13793103448275862,0.3218390804597701,0.13793103448275862,0.19230769230769232,0.8076923076923077,0.23809523809523808,208.9891304347826,4.504152165302761,-1.1246,75,0,0,3,0,5,21,1,4,0.2,TT-S,S10,2840,False,ZAH,ZAH,8.044121312837557,18.0,171,21.222022572408928,4.0,1.0,0.0,0.0,1,4,0,0,0.2,-0.10139369011148944
6,13.333333333333334,50,11,7.0,7.0,2,0,0,11,3,6,8,6,10,2,0,3.15,0.975,4.949999999999999,1.3499999999999999,0.8999999999999999,4.949999999999999,5.5,0.23404255319148937,0.26,0.48936170212765956,0.7493617021276595,0.23529411764705882,0.06,0.22,0.04,0.5384615384615384,0.46153846153846156,1.1666666666666667,253.30188679245282,-1.4547940036913118,0.6286999999999999,47,1,0,1,1,14,12,1,3,0.25,EG-S,S10,2847,False,GOB,GOB,2.7346385542168674,14.0,67,6.4636591478696745,1.0,5.0,1.0,0.0,1,0,1,0,1.0,0.34606648451785915
6,22.333333333333332,95,23,13.0,13.0,8,0,0,12,6,12,14,9,19,10,0,3.492537313432836,1.3880597014925373,6.179104477611941,1.6119402985074627,2.1492537313432836,3.2238805970149254,1.5,0.26436781609195403,0.3263157894736842,0.5402298850574713,0.8665456745311555,0.2463768115942029,0.06315789473684211,0.12631578947368421,0.08421052631578947,0.4727272727272727,0.5272727272727272,0.896551724137931,251.5408163265306,-2.5704309561390932,-0.09220000000000007,87,0,0,4,1,26,29,4,0,1.0,BB-S,S10,2849,False,KIR,KIR,4.5021758676497035,21.333333333333332,86,12.696973060013526,6.0,1.0,1.0,0.0,3,2,0,0,0.6,0.6381585554964925
3,2.6666666666666665,16,3,2.0,2.0,5,0,0,2,0,3,0,1,3,2,0,4.5,3.0,6.75,0.0,11.25,4.5,0.4,0.2727272727272727,0.5,0.2727272727272727,0.7727272727272727,0.3333333333333333,0.0,0.125,0.3125,0.16666666666666666,0.8333333333333334,0.2,207.41176470588235,-0.07008132404473777,-0.3151999999999999,11,0,0,0,0,1,5,1,0,1.0,NT-S,S10,2853,False,SSS,SSS,5.134638554216867,2.6666666666666665,257,4.738332993682494,0.0,1.0,0.0,0.0,0,1,0,0,0.0,0.07119599933206673
2,7.0,28,6,3.0,3.0,2,0,0,7,2,3,4,0,7,2,0,2.5714285714285716,1.1428571428571428,5.142857142857142,1.7142857142857142,1.7142857142857142,6.0,3.5,0.23076923076923078,0.2857142857142857,0.5,0.7857142857142857,0.23529411764705882,0.07142857142857142,0.25,0.07142857142857142,0.35714285714285715,0.6428571428571429,0.5555555555555556,233.32142857142858,-1.928492849284929,0.10090000000000002,26,0,0,1,0,5,9,0,0,,NT-H,S10,2873,False,ACK,ACK,3.581067125645439,7.0,62,3.0,2.0,1.0,1.0,0.0,1,0,0,0,1.0,0.30517805205178056
3,7.666666666666667,28,2,1.0,1.0,3,0,0,13,1,0,1,2,6,1,0,0.7826086956521738,0.6521739130434783,1.5652173913043477,0.7826086956521738,2.3478260869565215,10.173913043478262,4.333333333333333,0.08,0.17857142857142858,0.24,0.4185714285714286,0.09090909090909091,0.03571428571428571,0.4642857142857143,0.10714285714285714,0.3,0.7,0.42857142857142855,283.10714285714283,-5.031941125146997,0.4059,25,0,0,1,0,3,7,0,0,,TT-H,S10,2878,False,CRN,CRN,0.48789942378208473,8.0,18,1.0,0.0,3.0,0.0,0.0,1,0,0,0,1.0,0.6155228796379875
3,7.333333333333333,39,13,11.0,11.0,5,0,0,6,4,5,4,0,6,5,0,9.0,2.4545454545454546,10.636363636363637,3.2727272727272734,4.090909090909092,4.909090909090909,1.2,0.3939393939393939,0.46153846153846156,0.9090909090909091,1.3706293706293706,0.375,0.10256410256410256,0.15384615384615385,0.1282051282051282,0.3125,0.6875,0.45454545454545453,199.1590909090909,5.477873309180171,-0.8227,33,1,0,3,1,5,11,5,0,1.0,NH-H,S10,2882,False,SEO,SEO,8.509638554216867,7.333333333333333,185,9.385749952240733,3.0,0.0,0.0,0.0,0,3,0,0,0.0,-0.39132940528200927
5,10.666666666666666,58,23,18.0,18.0,4,0,0,8,7,12,5,3,9,6,0,10.125,2.53125,12.9375,3.9375,2.25,4.5,2.0,0.42592592592592593,0.46551724137931033,0.8888888888888888,1.3544061302681991,0.41025641025641024,0.1206896551724138,0.13793103448275862,0.06896551724137931,0.375,0.625,0.6,209.14285714285714,11.307717101750196,-1.3041,54,0,0,4,0,9,15,5,0,1.0,BB-B,S10,2886,False,GOB,GOB,9.165888554216867,10.333333333333334,243,17.390242064997015,5.0,0.0,0.0,0.0,0,4,0,0,0.0,-0.8980906925624952
1,2.6666666666666665,13,3,2.0,2.0,3,0,0,3,1,2,2,0,1,1,0,4.5,2.25,6.75,2.25,6.75,6.75,1.0,0.3,0.46153846153846156,0.6,1.0615384615384615,0.3333333333333333,0.07692307692307693,0.23076923076923078,0.23076923076923078,0.6,0.4,1.5,234.84615384615384,0.5351215972661091,-0.1056,10,0,0,0,0,3,2,0,0,,NT-B,S10,2887,False,GOB,GOB,7.009638554216867,3.0,96,2.0,0.0,0.0,0.0,0.0,0,0,0,0,0.0,-0.001359517847941638
3,9.666666666666666,41,11,9.0,9.0,2,0,0,9,3,5,4,5,7,3,0,5.586206896551724,1.3448275862068966,6.827586206896552,1.8620689655172415,1.2413793103448278,5.586206896551724,4.5,0.28205128205128205,0.3170731707317073,0.6410256410256411,0.9580988117573483,0.2962962962962963,0.07317073170731707,0.21951219512195122,0.04878048780487805,0.5,0.5,1.0,237.22727272727272,1.4877050205020494,-0.6922,39,0,0,1,2,10,10,3,0,1.0,EN-H,S10,2897,False,ACK,ACK,3.8027420024927294,9.666666666666666,126,8.390432235732671,2.0,0.0,0.0,0.0,0,2,0,1,0.0,0.01571090695175199
5,19.333333333333332,79,14,9.0,9.0,12,0,0,19,4,6,7,10,15,2,0,2.793103448275862,1.3448275862068966,4.344827586206897,1.2413793103448278,3.724137931034483,5.8965517241379315,1.5833333333333333,0.208955223880597,0.3291139240506329,0.44776119402985076,0.7768751180804836,0.22727272727272727,0.05063291139240506,0.24050632911392406,0.1518987341772152,0.5641025641025641,0.4358974358974359,1.2941176470588236,246.6875,-4.618484445409129,0.2361999999999999,67,0,0,4,0,22,17,1,0,1.0,NT-S,S10,2902,False,BEE,BEE,3.5958454507685915,19.666666666666668,75,10.18988777112287,2.0,4.0,2.0,1.0,2,1,1,0,0.6666666666666666,0.7787760374959031
1,0.6666666666666666,2,0,0.0,0.0,0,0,0,1,0,0,0,0,0,1,0,0.0,0.0,0.0,0.0,0.0,9.0,,0.0,0.0,0.0,0.0,0.0,0.0,0.5,0.0,0.0,1.0,0.0,364.0,-0.4165477888730385,0.0092,2,0,0,0,0,0,1,0,0,,BS-S,S10,2908,False,ACK,ACK,-1.9903614457831327,1.0,0,0.0,0.0,1.0,0.0,0.0,0,0,0,0,0.0,0.04967826225325297
1,3.0,12,3,0.0,0.0,1,0,0,1,0,3,3,0,3,1,0,0.0,1.3333333333333333,6.0,0.0,2.0,2.0,1.0,0.2727272727272727,0.3333333333333333,0.2727272727272727,0.606060606060606,0.3,0.0,0.08333333333333333,0.08333333333333333,0.5,0.5,1.0,228.3846153846154,-2.1122112211221125,0.18059999999999998,11,0,0,0,0,4,4,1,0,1.0,1B-S,S10,2914,False,CRN,CRN,1.3429718875502006,2.3333333333333335,116,1.8691664968412471,1.0,0.0,0.0,0.0,0,0,0,0,0.0,0.25936202230790595
2,6.333333333333333,22,0,0.0,0.0,4,0,0,8,0,0,2,1,4,3,0,0.0,0.6315789473684211,0.0,0.0,3.7894736842105265,7.578947368421053,2.0,0.0,0.18181818181818182,0.0,0.18181818181818182,0.0,0.0,0.36363636363636365,0.18181818181818182,0.36363636363636365,0.6363636363636364,0.5714285714285714,291.4583333333333,-4.9199506715341865,0.1068,18,0,0,0,0,4,7,2,0,1.0,TT-H,S10,2916,False,GOB,GOB,0.3780596068484462,7.0,0,0.0,0.0,2.0,0.0,0.0,0,0,0,0,0.0,0.580253384178859
2,3.0,22,12,7.0,7.0,1,0,0,3,0,9,1,1,1,3,0,14.0,4.333333333333333,24.0,0.0,2.0,6.0,3.0,0.5714285714285714,0.5909090909090909,0.7142857142857143,1.3051948051948052,0.6666666666666666,0.0,0.13636363636363635,0.045454545454545456,0.3333333333333333,0.6666666666666666,0.5,208.5909090909091,5.745844333649666,-0.6751999999999999,21,0,0,3,0,2,4,0,0,,NH-S,S10,2931,False,SEO,SEO,0.009638554216867323,3.3333333333333335,73,1.6869004869890305,2.0,0.0,0.0,0.0,0,1,0,0,0.0,-0.4863261163395263
5,17.666666666666668,71,16,10.0,10.0,6,0,0,19,5,6,8,5,12,5,0,3.3962264150943393,1.2452830188679245,5.433962264150943,1.6981132075471699,2.0377358490566038,6.452830188679245,3.1666666666666665,0.25,0.30985915492957744,0.59375,0.9036091549295775,0.2682926829268293,0.07042253521126761,0.2676056338028169,0.08450704225352113,0.46875,0.53125,0.8823529411764706,249.05405405405406,-3.1942195378596345,-0.24559999999999998,64,1,0,3,2,15,17,1,2,0.3333333333333333,TT-H,S10,2944,False,CRN,CRN,3.5568083655376217,17.333333333333332,82,9.825494184361997,4.0,3.0,2.0,0.0,1,1,0,0,0.5,0.6042556132771572
1,1.0,6,2,3.0,3.0,1,0,0,0,2,0,0,1,2,0,0,18.0,3.0,12.0,12.0,6.0,0.0,0.0,0.4,0.5,1.6,2.1,0.0,0.3333333333333333,0.0,0.16666666666666666,0.3333333333333333,0.6666666666666666,0.5,160.83333333333334,2.6020408163265305,-0.0233,5,0,0,0,0,1,2,0,0,,BS-H,S10,2945,False,SEO,SEO,30.009638554216867,1.0,434,3.0,0.0,0.0,0.0,0.0,0,0,0,0,0.0,-0.2361336315348057
5,10.0,37,6,2.0,2.0,5,0,0,3,1,5,1,5,4,13,0,1.2,1.1,3.5999999999999996,0.6000000000000001,3.0,1.7999999999999998,0.6,0.1875,0.2972972972972973,0.28125,0.5785472972972974,0.17857142857142858,0.02702702702702703,0.08108108108108109,0.13513513513513514,0.34615384615384615,0.6538461538461539,0.5294117647058824,288.39473684210526,-6.020267915895305,0.5878,32,0,0,0,0,9,17,0,1,0.0,WC-S,S10,2951,False,SEO,SEO,3.2096385542168675,10.333333333333334,34,2.4350619486293255,1.0,0.0,0.0,0.0,1,0,0,2,1.0,0.7504612338595893
5,11.0,53,21,13.0,13.0,2,0,0,17,8,10,6,1,3,3,0,7.090909090909091,2.090909090909091,11.454545454545455,4.363636363636363,1.0909090909090908,9.272727272727273,8.5,0.4117647058823529,0.4339622641509434,0.9607843137254902,1.3947465778764336,0.5,0.1509433962264151,0.32075471698113206,0.03773584905660377,0.5714285714285714,0.42857142857142855,1.3333333333333333,223.89655172413794,3.699035181693171,-0.6131,51,0,0,2,1,8,6,3,2,0.6,TT-S,S10,2953,False,SEO,SEO,7.918729463307777,10.666666666666666,193,14.217530974314663,3.0,1.0,0.0,0.0,0,2,0,1,0.0,-0.15728120897166545
4,8.333333333333334,35,7,7.0,7.0,4,0,0,13,5,1,2,4,3,2,0,5.04,1.3199999999999998,5.04,3.5999999999999996,2.88,9.36,3.25,0.23333333333333334,0.3142857142857143,0.8,1.1142857142857143,0.15384615384615385,0.14285714285714285,0.37142857142857144,0.11428571428571428,0.5833333333333334,0.4166666666666667,1.4,262.9428571428571,1.2124718209488177,-0.5667000000000001,30,1,0,0,1,7,5,0,0,,TT-H,S10,2959,False,GRS,GRS,7.129638554216866,9.0,80,5.0,0.0,3.0,0.0,0.0,2,2,0,0,0.5,0.019163776809227807
1,1.3333333333333333,6,1,0.0,0.0,1,0,0,0,0,0,1,3,0,0,0,0.0,1.5,4.5,0.0,4.5,0.0,0.0,0.2,0.3333333333333333,0.4,0.7333333333333334,0.2,0.0,0.0,0.16666666666666666,1.0,0.0,,332.0,-1.1627480929911174,0.0547,5,0,0,1,0,4,0,0,0,,EG-H,S10,2960,False,SSS,SSS,3.2596385542168673,2.0,0,0.0,0.0,1.0,0.0,0.0,0,0,0,0,0.0,0.1403452593969591
2,6.0,22,3,1.0,1.0,2,0,0,4,0,2,4,0,7,2,0,1.0,0.8333333333333334,3.0,0.0,2.0,4.0,2.0,0.15,0.22727272727272727,0.25,0.4772727272727273,0.1875,0.0,0.18181818181818182,0.09090909090909091,0.3076923076923077,0.6923076923076923,0.4444444444444444,262.7083333333333,-4.264744006868219,0.4738999999999999,20,0,0,0,1,4,9,1,1,0.5,NH-B,S10,2964,False,KRK,KRK,0.6763052208835341,6.666666666666667,26,1.2175309743146627,0.0,2.0,0.0,0.0,1,1,0,0,0.5,0.5147327177122623
2,2.3333333333333335,10,3,2.0,2.0,1,0,0,2,1,1,1,0,2,1,0,5.142857142857142,1.7142857142857142,7.7142857142857135,2.571428571428571,2.571428571428571,5.142857142857142,2.0,0.3333333333333333,0.4,0.8888888888888888,1.2888888888888888,0.3333333333333333,0.1,0.2,0.1,0.25,0.75,0.3333333333333333,224.27272727272728,0.25619339828915577,0.031900000000000005,9,0,0,0,1,1,3,0,1,0.0,EN-S,S10,2965,False,BEE,BEE,6.152495697074009,2.6666666666666665,108,2.0,0.0,1.0,0.0,0.0,1,0,0,0,1.0,0.014498077000830018
3,6.0,24,6,3.0,3.0,1,0,0,4,0,4,3,4,5,1,0,3.0,1.1666666666666667,6.0,0.0,1.0,4.0,4.0,0.2608695652173913,0.2916666666666667,0.391304347826087,0.6829710144927537,0.3157894736842105,0.0,0.16666666666666666,0.041666666666666664,0.5384615384615384,0.46153846153846156,1.1666666666666667,245.7,-2.1591976916184157,0.7186000000000001,23,0,0,1,1,7,6,5,1,0.8333333333333334,EG-H,S10,2970,False,ZAH,ZAH,0.17630522088353395,6.666666666666667,26,1.1898877711228701,0.0,3.0,0.0,0.0,0,0,2,0,0.0,0.31220156955323103
1,3.6666666666666665,20,8,5.0,5.0,1,0,0,2,1,2,3,0,5,1,0,8.181818181818182,2.4545454545454546,13.090909090909093,1.6363636363636367,1.6363636363636367,3.2727272727272734,2.0,0.42105263157894735,0.45,1.0526315789473684,1.5026315789473683,0.4375,0.05,0.1,0.05,0.3333333333333333,0.6666666666666666,0.5,190.76190476190476,2.6147528545958045,-0.3707,19,0,0,1,4,3,6,1,0,1.0,TD-B,S10,2978,False,GRS,GRS,4.28236582694414,3.6666666666666665,215,5.44635328836425,1.0,0.0,0.0,0.0,0,1,0,0,0.0,-0.18124045180008927
2,7.333333333333333,39,15,9.0,9.0,4,0,0,5,2,8,4,3,8,0,0,7.363636363636364,2.590909090909091,12.272727272727273,1.6363636363636367,3.2727272727272734,4.090909090909092,1.25,0.4411764705882353,0.48717948717948717,0.7941176470588235,1.2812971342383106,0.4642857142857143,0.05128205128205128,0.1282051282051282,0.10256410256410256,0.4666666666666667,0.5333333333333333,0.875,212.66666666666666,3.3067182413974234,-0.3369,34,1,0,4,1,7,8,4,2,0.6666666666666666,BS-S,S10,2983,False,KRK,KRK,4.827820372398685,7.0,200,9.664641019220976,1.0,1.0,0.0,0.0,0,0,0,0,0.0,-0.17421389850373453
5,17.333333333333332,66,11,5.0,5.0,4,0,0,9,1,4,7,3,10,22,0,1.7307692307692308,0.8653846153846154,3.8076923076923084,0.34615384615384615,1.3846153846153846,3.115384615384616,2.25,0.18032786885245902,0.22727272727272727,0.32786885245901637,0.5551415797317436,0.19230769230769232,0.015151515151515152,0.13636363636363635,0.06060606060606061,0.2558139534883721,0.7441860465116279,0.34375,267.0,-4.940815622191325,0.3951999999999999,61,1,0,6,0,11,32,1,0,1.0,WC-S,S10,2989,False,ACK,ACK,1.413484708063021,18.0,48,5.977710776341085,3.0,2.0,1.0,0.0,2,1,0,0,0.6666666666666666,0.7588565132954533
3,5.666666666666667,30,11,9.0,9.0,4,0,0,1,2,5,2,2,3,7,0,9.529411764705882,2.6470588235294117,11.647058823529411,2.117647058823529,4.235294117647058,1.0588235294117645,0.25,0.44,0.5,0.88,1.38,0.391304347826087,0.06666666666666667,0.03333333333333333,0.13333333333333333,0.3333333333333333,0.6666666666666666,0.5,226.21875,3.7981438323742416,-0.4001,25,1,0,3,1,5,10,1,1,0.5,WC-B,S10,2996,False,GRS,GRS,7.362579730687456,6.0,214,8.893541103913094,2.0,0.0,0.0,0.0,0,0,0,0,0.0,-0.25946213274818736
2,8.666666666666666,34,5,1.0,1.0,3,0,0,5,0,2,2,4,6,9,0,0.6923076923076924,0.9230769230769231,3.4615384615384617,0.0,2.076923076923077,3.4615384615384617,1.6666666666666667,0.16129032258064516,0.23529411764705882,0.2903225806451613,0.5256166982922201,0.19230769230769232,0.0,0.14705882352941177,0.08823529411764706,0.2857142857142857,0.7142857142857143,0.4,269.9142857142857,-3.736011532187702,0.0794,31,0,0,2,1,6,15,1,0,1.0,EG-B,S10,2997,False,BEE,BEE,0.8942539388322519,8.666666666666666,20,1.1898877711228701,1.0,2.0,1.0,1.0,1,0,0,0,1.0,0.5100003704399052
4,15.666666666666666,68,19,12.0,12.0,5,0,0,15,3,10,3,6,10,9,1,4.595744680851064,1.5319148936170213,7.276595744680852,1.148936170212766,1.9148936170212767,5.74468085106383,3.0,0.30158730158730157,0.35294117647058826,0.5555555555555556,0.9084967320261439,0.35555555555555557,0.04411764705882353,0.22058823529411764,0.07352941176470588,0.3870967741935484,0.6129032258064516,0.631578947368421,240.91304347826087,-0.1817271012815569,-0.1964999999999999,63,0,0,5,1,12,19,1,0,1.0,NH-S,S10,3004,False,ACK,ACK,2.5415534478338886,16.666666666666668,59,6.854091383602345,2.0,3.0,1.0,0.0,2,0,0,0,1.0,0.2909711445704257
4,14.0,59,12,12.0,12.0,8,0,0,10,4,2,9,8,8,3,1,5.142857142857143,1.4285714285714286,5.142857142857142,1.7142857142857142,3.4285714285714284,4.285714285714286,1.25,0.23529411764705882,0.3389830508474576,0.6274509803921569,0.9664340312396145,0.21621621621621623,0.06779661016949153,0.1694915254237288,0.13559322033898305,0.6333333333333333,0.36666666666666664,1.7272727272727273,278.5833333333333,1.338921276221773,0.24770000000000003,51,0,0,4,2,19,11,0,1,0.0,BS-H,S10,3009,False,BEE,BEE,5.009638554216867,13.666666666666666,139,13.147313855638208,3.0,2.0,1.0,1.0,1,1,1,0,0.5,0.1028006316733217
1,0.6666666666666666,2,0,0.0,0.0,0,0,0,1,0,0,0,0,1,0,0,0.0,0.0,0.0,0.0,0.0,9.0,,0.0,0.0,0.0,0.0,0.0,0.0,0.5,0.0,0.0,1.0,0.0,279.5,-0.4165477888730385,0.007,2,0,0,0,0,0,1,0,0,,TT-S,S10,3013,False,SSS,SSS,-1.9903614457831327,1.0,0,0.0,0.0,1.0,0.0,0.0,0,0,0,0,0.0,0.04967826225325297
1,3.0,13,2,2.0,2.0,2,0,0,5,0,1,2,0,2,0,0,4.0,1.3333333333333333,4.0,0.0,4.0,10.0,2.5,0.18181818181818182,0.3076923076923077,0.2727272727272727,0.5804195804195804,0.3333333333333333,0.0,0.38461538461538464,0.15384615384615385,0.5,0.5,1.0,245.0,-0.11221122112211246,0.1344,11,0,0,1,0,2,2,1,0,1.0,1B-S,S10,3025,False,CRN,CRN,-0.32369477911646594,3.0,48,1.0,0.0,1.0,0.0,0.0,1,0,0,0,1.0,0.06337376399088052
1,3.0,14,4,2.0,2.0,1,0,0,2,1,2,1,1,3,2,0,4.0,1.6666666666666667,8.0,2.0,2.0,4.0,2.0,0.3076923076923077,0.35714285714285715,0.6153846153846154,0.9725274725274726,0.3,0.07142857142857142,0.14285714285714285,0.07142857142857142,0.2857142857142857,0.7142857142857143,0.4,210.8,-0.11221122112211201,-0.1019,13,0,0,1,0,2,5,1,0,1.0,WC-S,S10,3028,False,ZAH,ZAH,5.009638554216867,3.0,48,1.0,1.0,0.0,0.0,0.0,0,0,0,0,0.0,0.06738550567385504
4,3.3333333333333335,16,6,4.0,4.0,0,0,0,5,1,5,1,0,3,1,0,7.199999999999999,1.7999999999999998,10.799999999999999,1.7999999999999998,0.0,9.0,,0.375,0.375,0.5625,0.9375,0.5,0.0625,0.3125,0.0,0.2,0.8,0.25,213.2941176470588,1.6466420672421374,0.021199999999999993,16,0,0,0,0,1,4,1,0,1.0,FP-S,S10,3032,False,GOB,GOB,1.9096385542168672,3.6666666666666665,127,3.2175309743146627,0.0,2.0,0.0,0.0,0,0,1,0,0.0,-0.10047633979662078
1,4.0,17,6,2.0,2.0,0,0,0,2,1,1,1,2,4,2,0,3.0,1.5,9.0,1.5,0.0,3.0,,0.35294117647058826,0.35294117647058826,0.8235294117647058,1.1764705882352942,0.35714285714285715,0.058823529411764705,0.11764705882352941,0.0,0.3333333333333333,0.6666666666666666,0.5,224.33333333333334,-1.122392851530051,0.20529999999999995,17,0,0,3,1,3,6,0,1,0.0,NH-H,S10,3034,False,ZAH,ZAH,3.2596385542168673,3.3333333333333335,135,3.1013075220702984,1.0,0.0,0.0,0.0,1,0,0,0,1.0,0.1804388937635726
3,15.0,64,15,8.0,8.0,7,0,0,13,4,5,6,7,13,3,0,3.2,1.4666666666666666,6.0,1.6,2.8,5.2,1.8571428571428572,0.2631578947368421,0.34375,0.5964912280701754,0.9402412280701754,0.275,0.0625,0.203125,0.109375,0.5,0.5,1.0,236.546875,-2.5610561056105627,0.1998999999999999,57,0,0,5,1,16,16,0,0,,NT-S,S10,3041,False,BEE,BEE,4.142971887550201,14.666666666666666,96,9.69635328836425,3.0,2.0,2.0,0.0,2,0,0,0,1.0,0.5128570782714281
2,9.0,36,9,4.0,4.0,1,0,0,7,2,6,2,3,10,4,0,2.6666666666666665,1.1111111111111112,6.0,1.3333333333333333,0.6666666666666666,4.666666666666667,7.0,0.2571428571428571,0.2777777777777778,0.45714285714285713,0.734920634920635,0.2692307692307692,0.05555555555555555,0.19444444444444445,0.027777777777777776,0.2631578947368421,0.7368421052631579,0.35714285714285715,241.89473684210526,-1.7428197701188077,0.15779999999999988,35,0,0,1,0,5,14,1,1,0.5,WC-S,S10,3058,False,SEO,SEO,2.676305220883534,7.666666666666667,85,4.529381181055889,2.0,0.0,0.0,0.0,1,0,0,0,1.0,0.3187046775989649
7,16.666666666666668,72,19,11.0,11.0,5,0,0,28,8,9,8,2,7,3,0,3.9599999999999995,1.44,6.84,2.88,1.7999999999999998,10.08,5.6,0.2835820895522388,0.3333333333333333,0.6865671641791045,1.0199004975124377,0.3548387096774194,0.1111111111111111,0.3888888888888889,0.06944444444444445,0.5238095238095238,0.47619047619047616,1.1,246.21917808219177,-1.0659775395802056,0.24330000000000002,67,0,0,1,1,11,10,0,1,0.0,TT-H,S10,3059,False,KIR,KIR,4.789638554216867,17.333333333333332,101,12.086598597930294,4.0,3.0,1.0,1.0,2,2,0,0,0.5,0.3954431551321888
1,3.0,13,5,2.0,2.0,1,0,0,3,1,3,0,1,2,1,0,4.0,2.0,10.0,2.0,2.0,6.0,3.0,0.4166666666666667,0.46153846153846156,0.75,1.2115384615384617,0.5,0.07692307692307693,0.23076923076923078,0.07692307692307693,0.25,0.75,0.3333333333333333,205.14285714285714,-0.11221122112211235,-0.012199999999999999,12,0,0,1,0,1,3,0,2,0.0,BB-H,S10,3061,False,ZAH,ZAH,4.342971887550201,2.3333333333333335,210,3.388330259907449,0.0,1.0,0.0,0.0,0,0,0,0,0.0,0.0633737639908805
