G,PA,AB,H,R,1B,2B,3B,HR,TB,RBI,BB,IBB,K,Auto K,SB,CS,SH,SF,GIDP,RGO,LGO,FO,PO,LO,AVG,OBP,SLG,OPS,ISO,BABIP,SB%,HR%,SO%,BB%,GB%,FB%,GB/FB,Avg Diff,nOBP,nSLG,RE24,WPA,GB_outs,FB_outs,Type,Season,Hitter ID,is_sub_row,Team,Last Team,Last Session,WAR
1,2,2,1,0,1,0,0,0,1,1,0,0,1,0,0,0,0,0,0,0,0,0,0,0,0.5,0.5,0.5,1.0,0.0,1.0,,0.0,0.5,0.0,,,,181.0,0.5,0.5,0.5936335403726708,0.0907,0,0,BC,S1,3.0,False,ARI,ARI,2,0.06653835403726707
5,11,10,2,2,0,2,0,0,4,0,1,0,4,0,0,0,0,0,0,0,1,3,0,0,0.2,0.2727272727272727,0.4,0.6727272727272727,0.2,0.3333333333333333,,0.0,0.36363636363636365,0.09090909090909091,0.25,0.75,0.3333333333333333,240.54545454545453,0.2727272727272727,0.4,0.156473923330961,-0.11069999999999999,1,3,,S1,4.0,False,MIN,MIN,7,0.055109892333096086
7,19,17,3,3,2,1,0,0,4,0,2,0,6,0,0,0,0,0,0,0,6,2,0,0,0.17647058823529413,0.2631578947368421,0.23529411764705882,0.4984520123839009,0.05882352941176469,0.2727272727272727,,0.0,0.3157894736842105,0.10526315789473684,0.75,0.25,3.0,294.5263157894737,0.2631578947368421,0.23529411764705882,-2.0623325944668567,-0.2491,6,2,BP,S1,5.0,False,ATL,ATL,7,-0.13807075944668568
7,19,16,6,7,0,5,0,1,14,4,3,0,3,1,0,0,0,0,2,0,5,2,0,0,0.375,0.47368421052631576,0.875,1.3486842105263157,0.5,0.4166666666666667,,0.05263157894736842,0.15789473684210525,0.15789473684210525,0.7777777777777778,0.2222222222222222,3.5,226.16666666666666,0.47368421052631576,0.875,1.5392125573327982,-0.2635,7,2,BN,S1,8.0,False,ARI,ARI,7,0.22208375573327982
1,2,1,0,0,0,0,0,0,0,0,1,0,0,0,0,0,0,0,0,0,0,1,0,0,0.0,0.5,0.0,0.5,0.0,0.0,,0.0,0.0,0.5,0.0,1.0,0.0,158.0,0.5,0.0,-0.044942484416168604,0.0181,0,1,BP,S1,14.0,False,ARI,ARI,7,0.002680751558383139
7,20,18,7,5,2,2,0,3,18,7,2,0,3,0,0,0,0,0,1,0,3,5,0,0,0.3888888888888889,0.45,1.0,1.45,0.6111111111111112,0.3333333333333333,,0.15,0.15,0.1,0.4444444444444444,0.5555555555555556,0.8,200.3,0.45,1.0,5.861670256475173,0.3642000000000001,4,5,BP,S1,15.0,False,ARI,ARI,7,0.6579170256475173
1,2,2,0,0,0,0,0,0,0,0,0,0,1,0,0,0,0,0,0,0,0,0,1,0,0.0,0.0,0.0,0.0,0.0,0.0,,0.0,0.5,0.0,0.0,1.0,0.0,380.0,0.0,0.0,-1.0577683615819211,-0.0827,0,1,BN,S1,23.0,False,TOR,TOR,7,-0.09860183615819211
7,21,19,2,2,1,1,0,0,3,2,1,0,2,0,0,0,0,1,1,0,3,13,0,0,0.10526315789473684,0.14285714285714285,0.15789473684210525,0.3007518796992481,0.05263157894736842,0.1111111111111111,,0.0,0.09523809523809523,0.047619047619047616,0.2222222222222222,0.7777777777777778,0.2857142857142857,261.04761904761904,0.14285714285714285,0.15789473684210525,-3.3853721724198134,-0.22139999999999999,4,14,BC,S1,37.0,False,WAS,WAS,7,-0.2631997172419814
1,3,2,0,0,0,0,0,0,0,0,1,0,1,0,0,0,0,0,1,0,1,0,0,0,0.0,0.3333333333333333,0.0,0.3333333333333333,0.0,0.0,,0.0,0.3333333333333333,0.3333333333333333,1.0,0.0,,327.6666666666667,0.3333333333333333,0.0,-1.17480285481315,-0.25270000000000004,2,0,BC,S1,39.0,False,HOU,HOU,2,-0.10671778548131498
7,19,17,8,7,4,2,0,2,16,7,2,0,1,1,0,0,0,0,1,0,4,3,1,0,0.47058823529411764,0.5263157894736842,0.9411764705882353,1.4674922600619196,0.47058823529411764,0.42857142857142855,,0.10526315789473684,0.05263157894736842,0.10526315789473684,0.5555555555555556,0.4444444444444444,1.25,196.44444444444446,0.5263157894736842,0.9411764705882353,2.258835908824073,0.3197,5,4,BC,S1,47.0,False,PHI,PHI,7,0.2940460908824073
5,14,14,3,1,0,3,0,0,6,1,0,0,3,0,0,0,0,0,3,0,4,4,0,0,0.21428571428571427,0.21428571428571427,0.42857142857142855,0.6428571428571428,0.21428571428571427,0.2727272727272727,,0.0,0.21428571428571427,0.0,0.6363636363636364,0.36363636363636365,1.75,273.35714285714283,0.21428571428571427,0.42857142857142855,-4.038702025496429,-0.02659999999999997,7,4,BN,S1,51.0,False,2TM,TOR,7,-0.3536452025496429
4,11,11,1,1,0,1,0,0,2,0,0,0,3,0,0,0,0,0,2,0,3,4,0,0,0.09090909090909091,0.09090909090909091,0.18181818181818182,0.2727272727272727,0.09090909090909091,0.125,,0.0,0.2727272727272727,0.0,0.5555555555555556,0.4444444444444444,1.25,300.27272727272725,0.09090909090909091,0.18181818181818182,-4.642080128874532,-0.14149999999999996,5,4,BN,S1,51.0,True,ATL,ATL,6,-0.42474551288745327
1,3,3,2,0,0,2,0,0,4,1,0,0,0,0,0,0,0,0,1,0,1,0,0,0,0.6666666666666666,0.6666666666666666,1.3333333333333333,2.0,0.6666666666666666,0.6666666666666666,,0.0,0.0,0.0,1.0,0.0,,174.66666666666666,0.6666666666666666,1.3333333333333333,0.6033781033781038,0.11489999999999999,2,0,BN,S1,51.0,True,TOR,TOR,7,0.07110031033781038
7,19,18,3,2,2,0,0,1,6,2,1,0,3,0,0,0,0,0,1,0,6,3,3,0,0.16666666666666666,0.21052631578947367,0.3333333333333333,0.5438596491228069,0.16666666666666666,0.14285714285714285,,0.05263157894736842,0.15789473684210525,0.05263157894736842,0.5384615384615384,0.46153846153846156,1.1666666666666667,303.1578947368421,0.21052631578947367,0.3333333333333333,-3.5518838576876623,-0.38630000000000003,7,6,BC,S1,56.0,False,TOR,TOR,7,-0.28702588576876625
4,9,8,1,0,1,0,0,0,1,0,1,0,1,0,0,0,0,0,0,0,1,5,0,0,0.125,0.2222222222222222,0.125,0.3472222222222222,0.0,0.14285714285714285,,0.0,0.1111111111111111,0.1111111111111111,0.16666666666666666,0.8333333333333334,0.2,238.22222222222223,0.2222222222222222,0.125,-1.3683767916273661,-0.18719999999999998,1,5,BP,S1,58.0,False,2TM,MIN,6,-0.10455017916273661
3,7,6,1,0,1,0,0,0,1,0,1,0,1,0,0,0,0,0,0,0,1,3,0,0,0.16666666666666666,0.2857142857142857,0.16666666666666666,0.45238095238095233,0.0,0.2,,0.0,0.14285714285714285,0.14285714285714285,0.25,0.75,0.3333333333333333,233.42857142857142,0.2857142857142857,0.16666666666666666,-0.9714730914627963,-0.15349999999999997,1,3,BP,S1,58.0,True,NYM,NYM,3,-0.07203480914627962
1,2,2,0,0,0,0,0,0,0,0,0,0,0,0,0,0,0,0,0,0,0,2,0,0,0.0,0.0,0.0,0.0,0.0,0.0,,0.0,0.0,0.0,0.0,1.0,0.0,255.0,0.0,0.0,-0.3969037001645698,-0.0337,0,2,BP,S1,58.0,True,MIN,MIN,6,-0.032515370016456976
2,3,3,0,0,0,0,0,0,0,0,0,0,0,0,0,0,0,0,1,0,1,1,1,0,0.0,0.0,0.0,0.0,0.0,0.0,,0.0,0.0,0.0,0.5,0.5,1.0,307.0,0.0,0.0,-0.9610802368239438,-0.12259999999999999,2,2,BC,S1,74.0,False,ARI,ARI,4,-0.08534552368239438
3,8,7,0,0,0,0,0,0,0,0,1,0,3,0,0,0,0,0,0,0,2,1,1,0,0.0,0.125,0.0,0.125,0.0,0.0,,0.0,0.375,0.125,0.5,0.5,1.0,326.75,0.125,0.0,-1.2057468554190938,-0.05620000000000001,2,2,BP,S1,93.0,False,NYM,NYM,3,-0.09187468554190939
5,13,13,3,1,2,0,1,0,5,2,0,0,5,2,0,0,0,0,0,0,2,3,0,0,0.23076923076923078,0.23076923076923078,0.38461538461538464,0.6153846153846154,0.15384615384615385,0.375,,0.0,0.38461538461538464,0.0,0.4,0.6,0.6666666666666666,246.45454545454547,0.23076923076923078,0.38461538461538464,-0.8075322423148508,-0.3278,2,3,BC,S1,100.0,False,DET,DET,7,-0.03411572423148508
6,17,15,3,2,1,1,0,1,7,2,2,0,2,1,0,0,0,0,0,0,7,2,1,0,0.2,0.29411764705882354,0.4666666666666667,0.7607843137254902,0.26666666666666666,0.16666666666666666,,0.058823529411764705,0.11764705882352941,0.11764705882352941,0.7,0.3,2.3333333333333335,297.0625,0.29411764705882354,0.4666666666666667,0.8139997416920761,0.1023,7,3,BC,S1,101.0,False,DET,DET,7,0.1423874741692076
7,18,17,6,2,4,0,0,2,12,6,1,0,1,0,0,0,0,0,0,0,5,4,1,0,0.35294117647058826,0.3888888888888889,0.7058823529411765,1.0947712418300655,0.35294117647058826,0.2857142857142857,,0.1111111111111111,0.05555555555555555,0.05555555555555555,0.5,0.5,1.0,228.0,0.3888888888888889,0.7058823529411765,3.834297124445471,0.5478,5,5,BC,S1,103.0,False,DET,DET,7,0.4480047124445471
7,18,15,4,5,2,0,0,2,10,2,3,0,4,0,0,0,0,0,0,0,3,2,2,0,0.26666666666666666,0.3888888888888889,0.6666666666666666,1.0555555555555556,0.39999999999999997,0.2222222222222222,,0.1111111111111111,0.2222222222222222,0.16666666666666666,0.42857142857142855,0.5714285714285714,0.75,249.16666666666666,0.3888888888888889,0.6666666666666666,0.058947652841859266,-0.15040000000000003,3,4,BN,S1,104.0,False,DET,DET,7,0.07046976528418591
6,15,14,4,0,4,0,0,0,4,1,1,0,3,1,0,0,0,0,1,0,5,1,1,0,0.2857142857142857,0.3333333333333333,0.2857142857142857,0.6190476190476191,0.0,0.36363636363636365,,0.0,0.2,0.06666666666666667,0.75,0.25,3.0,278.92857142857144,0.3333333333333333,0.2857142857142857,-2.0650877516973725,-0.29109999999999997,6,2,BC,S1,106.0,False,DET,DET,7,-0.15269627516973724
6,18,16,4,3,1,0,1,2,12,4,1,0,4,0,0,0,0,1,1,0,1,7,1,0,0.25,0.2777777777777778,0.75,1.0277777777777777,0.5,0.18181818181818182,,0.1111111111111111,0.2222222222222222,0.05555555555555555,0.18181818181818182,0.8181818181818182,0.2222222222222222,214.94444444444446,0.2777777777777778,0.75,0.8185263147150624,0.059599999999999986,2,9,BP,S1,107.0,False,DET,DET,7,0.14642763147150623
3,9,9,2,0,0,2,0,0,4,2,0,0,5,0,0,0,0,0,0,0,1,1,0,0,0.2222222222222222,0.2222222222222222,0.4444444444444444,0.6666666666666666,0.2222222222222222,0.5,,0.0,0.5555555555555556,0.0,0.5,0.5,1.0,268.6666666666667,0.2222222222222222,0.4444444444444444,-0.15842092689918788,0.28269999999999995,1,1,BP,S1,112.0,False,HOU,HOU,4,0.01644540731008121
7,22,20,8,4,7,1,0,0,9,2,2,0,1,0,0,0,0,0,1,0,5,5,1,0,0.4,0.45454545454545453,0.45,0.9045454545454545,0.04999999999999999,0.42105263157894735,,0.0,0.045454545454545456,0.09090909090909091,0.5,0.5,1.0,226.54545454545453,0.45454545454545453,0.45,-0.04691899760549656,0.2454,6,6,BC,S1,115.0,False,DET,DET,7,0.07423310023945033
1,1,1,0,0,0,0,0,0,0,0,0,0,0,0,0,0,0,0,0,0,0,1,0,0,0.0,0.0,0.0,0.0,0.0,0.0,,0.0,0.0,0.0,0.0,1.0,0.0,168.0,0.0,0.0,-0.20125152625152626,-0.0068000000000000005,0,1,BN,S1,120.0,False,MIN,MIN,2,-0.016537652625152627
1,4,4,2,1,1,0,1,0,4,0,0,0,2,0,0,0,0,0,0,0,0,0,0,0,0.5,0.5,1.0,1.5,0.5,1.0,,0.0,0.5,0.0,,,,164.0,0.5,1.0,-0.0010564187909725409,0.1193,0,0,BC,S1,122.0,False,HOU,HOU,7,0.014244358120902745
7,23,21,5,1,2,2,0,1,10,3,1,0,1,0,0,1,0,1,2,0,8,5,3,0,0.23809523809523808,0.2608695652173913,0.47619047619047616,0.7370600414078674,0.23809523809523808,0.2,0.0,0.043478260869565216,0.043478260869565216,0.043478260869565216,0.5263157894736842,0.47368421052631576,1.1111111111111112,282.1666666666667,0.2608695652173913,0.47619047619047616,-0.16662984905800238,-0.4251,10,9,BC,S1,125.0,False,HOU,HOU,7,0.06584951509419976
7,20,20,6,3,5,1,0,0,7,2,0,0,3,0,0,0,0,0,0,0,6,5,0,0,0.3,0.3,0.35,0.6499999999999999,0.04999999999999999,0.35294117647058826,,0.0,0.15,0.0,0.5454545454545454,0.45454545454545453,1.2,259.1,0.3,0.35,-2.7463975476902935,-0.34369999999999995,6,5,BN,S1,133.0,False,ARI,ARI,7,-0.20288975476902937
2,4,4,2,0,2,0,0,0,2,0,0,0,1,0,0,0,0,0,0,0,1,0,0,0,0.5,0.5,0.5,1.0,0.0,0.6666666666666666,,0.0,0.25,0.0,1.0,0.0,,240.0,0.5,0.5,0.17275336690629045,-0.0379,1,0,BC,S1,147.0,False,BAL,BAL,7,0.031625336690629044
7,17,17,3,1,1,2,0,0,5,0,0,0,2,0,0,0,0,0,2,0,7,4,1,0,0.17647058823529413,0.17647058823529413,0.29411764705882354,0.47058823529411764,0.11764705882352941,0.2,,0.0,0.11764705882352941,0.0,0.6428571428571429,0.35714285714285715,1.8,296.8235294117647,0.17647058823529413,0.29411764705882354,-3.633510601439108,-0.5631,9,5,BC,S1,151.0,False,BAL,BAL,7,-0.3023635601439108
7,20,20,2,1,1,1,0,0,3,0,0,0,5,0,0,0,0,0,3,0,6,6,1,0,0.1,0.1,0.15,0.25,0.04999999999999999,0.13333333333333333,,0.0,0.25,0.0,0.5625,0.4375,1.2857142857142858,291.9,0.1,0.15,-6.066101364483793,-1.0937,9,7,BP,S1,158.0,False,BAL,BAL,7,-0.5348601364483793
7,21,19,5,0,4,1,0,0,6,0,2,0,1,0,0,0,0,0,2,0,8,5,0,0,0.2631578947368421,0.3333333333333333,0.3157894736842105,0.6491228070175439,0.05263157894736842,0.2777777777777778,,0.0,0.047619047619047616,0.09523809523809523,0.6666666666666666,0.3333333333333333,2.0,262.6666666666667,0.3333333333333333,0.3157894736842105,-1.8349876127099356,-0.07920000000000002,10,5,BC,S1,162.0,False,BAL,BAL,7,-0.10816126127099357
4,9,9,2,1,2,0,0,0,2,0,0,0,1,0,0,0,0,0,0,0,1,4,1,0,0.2222222222222222,0.2222222222222222,0.2222222222222222,0.4444444444444444,0.0,0.25,,0.0,0.1111111111111111,0.0,0.16666666666666666,0.8333333333333334,0.2,233.55555555555554,0.2222222222222222,0.2222222222222222,1.2787526038929997,-0.051899999999999995,1,5,BC,S1,167.0,False,2TM,MIN,7,0.16016276038929997
3,8,8,2,1,2,0,0,0,2,0,0,0,1,0,0,0,0,0,0,0,1,3,1,0,0.25,0.25,0.25,0.5,0.0,0.2857142857142857,,0.0,0.125,0.0,0.2,0.8,0.25,227.875,0.25,0.25,1.6376509089777453,0.048499999999999995,1,4,BC,S1,167.0,True,PHI,PHI,6,0.19246509089777453
1,1,1,0,0,0,0,0,0,0,0,0,0,0,0,0,0,0,0,0,0,0,1,0,0,0.0,0.0,0.0,0.0,0.0,0.0,,0.0,0.0,0.0,0.0,1.0,0.0,279.0,0.0,0.0,-0.35889830508474563,-0.10039999999999999,0,1,BC,S1,167.0,True,MIN,MIN,7,-0.032302330508474565
4,11,9,2,4,0,0,1,1,7,1,2,0,2,0,0,0,0,0,0,0,1,2,2,0,0.2222222222222222,0.36363636363636365,0.7777777777777778,1.1414141414141414,0.5555555555555556,0.16666666666666666,,0.09090909090909091,0.18181818181818182,0.18181818181818182,0.2,0.8,0.25,243.27272727272728,0.36363636363636365,0.7777777777777778,0.7661122614902305,0.1277,1,4,BN,S1,168.0,False,NYM,NYM,7,0.11607372614902305
7,21,18,4,2,2,0,1,1,9,1,3,0,3,0,0,0,0,0,2,0,7,4,0,0,0.2222222222222222,0.3333333333333333,0.5,0.8333333333333333,0.2777777777777778,0.21428571428571427,,0.047619047619047616,0.14285714285714285,0.14285714285714285,0.6923076923076923,0.3076923076923077,2.25,263.0952380952381,0.3333333333333333,0.5,-1.3002904483927131,-0.3098999999999999,9,4,BC,S1,171.0,False,BAL,BAL,7,-0.05469154483927132
7,22,19,7,6,4,1,0,2,14,3,3,0,2,0,0,0,0,0,1,0,3,5,2,0,0.3684210526315789,0.45454545454545453,0.7368421052631579,1.1913875598086123,0.3684210526315789,0.3333333333333333,,0.09090909090909091,0.09090909090909091,0.13636363636363635,0.36363636363636365,0.6363636363636364,0.5714285714285714,222.77272727272728,0.45454545454545453,0.7368421052631579,1.9889255543704984,0.2718999999999999,4,7,BC,S1,190.0,False,TOR,TOR,7,0.27781755543704983
4,9,5,1,1,1,0,0,0,1,0,4,0,1,0,0,0,0,0,0,0,2,1,0,0,0.2,0.5555555555555556,0.2,0.7555555555555555,0.0,0.25,,0.0,0.1111111111111111,0.4444444444444444,0.6666666666666666,0.3333333333333333,2.0,241.0,0.5555555555555556,0.2,-0.4557286819592874,0.02370000000000001,2,1,BN,S1,199.0,False,ATL,ATL,7,-0.013285368195928743
7,19,17,4,2,4,0,0,0,4,1,2,0,7,0,0,0,0,0,0,0,3,2,1,0,0.23529411764705882,0.3157894736842105,0.23529411764705882,0.5510835913312693,0.0,0.4,,0.0,0.3684210526315789,0.10526315789473684,0.5,0.5,1.0,263.2631578947368,0.3157894736842105,0.23529411764705882,0.332122295083819,0.0649,3,3,BP,S1,206.0,False,2TM,PHI,7,0.10137472950838189
6,16,14,4,2,4,0,0,0,4,1,2,0,4,0,0,0,0,0,0,0,3,2,1,0,0.2857142857142857,0.375,0.2857142857142857,0.6607142857142857,0.0,0.4,,0.0,0.25,0.125,0.5,0.5,1.0,246.0,0.375,0.2857142857142857,0.6485353086519084,0.1501,3,3,BP,S1,206.0,True,ATL,ATL,6,0.12225353086519083
1,3,3,0,0,0,0,0,0,0,0,0,0,3,0,0,0,0,0,0,0,0,0,0,0,0.0,0.0,0.0,0.0,0.0,,,0.0,1.0,0.0,,,,355.3333333333333,0.0,0.0,-0.31641301356808943,-0.08520000000000001,0,0,BP,S1,206.0,True,PHI,PHI,7,-0.020878801356808942
7,12,11,2,1,2,0,0,0,2,0,1,0,1,0,0,0,0,0,0,0,3,5,0,0,0.18181818181818182,0.25,0.18181818181818182,0.4318181818181818,0.0,0.2,,0.0,0.08333333333333333,0.08333333333333333,0.375,0.625,0.6,268.5,0.25,0.18181818181818182,-1.695180363115146,-0.1076,3,5,BC,S1,213.0,False,MIN,MIN,7,-0.12646803631151463
6,17,14,3,2,2,0,0,1,6,1,3,0,8,0,0,0,0,0,1,0,1,2,0,0,0.21428571428571427,0.35294117647058826,0.42857142857142855,0.7815126050420168,0.21428571428571427,0.4,,0.058823529411764705,0.47058823529411764,0.17647058823529413,0.5,0.5,1.0,253.125,0.35294117647058826,0.42857142857142855,0.01981043147690298,-0.018999999999999975,2,2,BP,S1,222.0,False,DET,DET,7,0.06296854314769029
7,17,17,2,0,1,1,0,0,3,1,0,0,0,0,0,0,0,0,4,0,8,6,1,0,0.11764705882352941,0.11764705882352941,0.17647058823529413,0.29411764705882354,0.05882352941176472,0.11764705882352941,,0.0,0.0,0.0,0.631578947368421,0.3684210526315789,1.7142857142857142,320.3529411764706,0.11764705882352941,0.17647058823529413,-4.883600519436173,-0.7305,12,7,BN,S1,224.0,False,2TM,ATL,7,-0.4273725519436173
6,14,14,2,0,1,1,0,0,3,1,0,0,0,0,0,0,0,0,3,0,6,5,1,0,0.14285714285714285,0.14285714285714285,0.21428571428571427,0.3571428571428571,0.07142857142857142,0.14285714285714285,,0.0,0.0,0.0,0.6,0.4,1.5,310.7142857142857,0.14285714285714285,0.21428571428571427,-2.5757976326323613,-0.4223,9,6,BN,S1,224.0,True,ARI,ARI,6,-0.20735476326323612
1,3,3,0,0,0,0,0,0,0,0,0,0,0,0,0,0,0,0,1,0,2,1,0,0,0.0,0.0,0.0,0.0,0.0,0.0,,0.0,0.0,0.0,0.75,0.25,3.0,365.3333333333333,0.0,0.0,-2.307802886803812,-0.3082,3,1,BN,S1,224.0,True,ATL,ATL,7,-0.2200177886803812
7,22,14,5,1,2,2,1,0,9,4,8,1,2,0,0,1,0,0,1,0,4,2,1,0,0.35714285714285715,0.5909090909090909,0.6428571428571429,1.2337662337662338,0.28571428571428575,0.4166666666666667,0.0,0.0,0.09090909090909091,0.36363636363636365,0.625,0.375,1.6666666666666667,213.63636363636363,0.5909090909090909,0.6428571428571429,2.6184389510259236,0.7573999999999999,5,3,BC,S1,226.0,False,ATL,ATL,7,0.34076889510259234
5,14,14,7,1,7,0,0,0,7,5,0,0,0,0,0,0,0,0,3,0,4,2,1,0,0.5,0.5,0.5,1.0,0.0,0.5,,0.0,0.0,0.0,0.7,0.3,2.3333333333333335,226.64285714285714,0.5,0.5,0.8184320361081017,-0.30860000000000004,7,3,BC,S1,231.0,False,ATL,ATL,7,0.13206820361081015
7,22,21,6,4,1,3,0,2,15,6,0,0,3,0,0,0,0,1,1,0,4,9,0,0,0.2857142857142857,0.2727272727272727,0.7142857142857143,0.987012987012987,0.4285714285714286,0.23529411764705882,,0.09090909090909091,0.13636363636363635,0.0,0.3333333333333333,0.6666666666666666,0.5,224.77272727272728,0.2727272727272727,0.7142857142857143,0.03231652794350198,0.38400000000000006,5,10,BP,S1,232.0,False,ATL,ATL,7,0.08215665279435018
7,17,15,3,2,1,1,0,1,7,3,2,0,3,0,0,0,0,0,0,0,4,5,0,0,0.2,0.29411764705882354,0.4666666666666667,0.7607843137254902,0.26666666666666666,0.18181818181818182,,0.058823529411764705,0.17647058823529413,0.11764705882352941,0.4444444444444444,0.5555555555555556,0.8,242.7058823529412,0.29411764705882354,0.4666666666666667,0.5517010337570394,0.015500000000000014,4,5,BP,S1,233.0,False,BAL,BAL,7,0.11615760337570394
1,1,1,0,0,0,0,0,0,0,0,0,0,1,0,0,0,0,0,0,0,0,0,0,0,0.0,0.0,0.0,0.0,0.0,,,0.0,1.0,0.0,,,,315.0,0.0,0.0,-1.3617021276595744,-0.022000000000000002,0,0,BC,S1,237.0,False,TOR,TOR,5,-0.13258271276595743
7,24,20,8,1,7,1,0,0,9,1,4,0,2,1,0,0,0,0,0,0,4,4,2,0,0.4,0.5,0.45,0.95,0.04999999999999999,0.4444444444444444,,0.0,0.08333333333333333,0.16666666666666666,0.4,0.6,0.6666666666666666,218.7391304347826,0.5,0.45,0.7249131257798329,0.21869999999999998,4,6,BC,S1,241.0,False,HOU,HOU,7,0.15859131257798328
7,22,19,6,2,2,3,0,1,12,2,2,0,3,0,0,0,0,1,1,0,4,4,3,0,0.3157894736842105,0.36363636363636365,0.631578947368421,0.9952153110047847,0.3157894736842105,0.3125,,0.045454545454545456,0.13636363636363635,0.09090909090909091,0.38461538461538464,0.6153846153846154,0.625,255.6818181818182,0.36363636363636365,0.631578947368421,0.6901574819887932,-0.268,5,8,BP,S1,242.0,False,ATL,ATL,7,0.1479407481988793
6,14,14,2,0,2,0,0,0,2,1,0,0,4,0,0,0,0,0,0,0,2,6,0,0,0.14285714285714285,0.14285714285714285,0.14285714285714285,0.2857142857142857,0.0,0.2,,0.0,0.2857142857142857,0.0,0.25,0.75,0.3333333333333333,260.64285714285717,0.14285714285714285,0.14285714285714285,-2.2882061712807173,-0.29760000000000003,2,6,BP,S1,267.0,False,MIN,MIN,6,-0.17859561712807173
3,7,7,1,0,1,0,0,0,1,1,0,0,0,0,0,0,0,0,0,0,4,1,1,0,0.14285714285714285,0.14285714285714285,0.14285714285714285,0.2857142857142857,0.0,0.14285714285714285,,0.0,0.0,0.0,0.6666666666666666,0.3333333333333333,2.0,331.7142857142857,0.14285714285714285,0.14285714285714285,-2.4486419853982784,-0.17900000000000002,4,2,BC,S1,273.0,False,OAK,OAK,7,-0.21975169853982784
7,17,16,6,1,5,1,0,0,7,1,1,0,1,0,0,0,0,0,0,0,4,5,0,0,0.375,0.4117647058823529,0.4375,0.8492647058823529,0.0625,0.4,,0.0,0.058823529411764705,0.058823529411764705,0.4444444444444444,0.5555555555555556,0.8,234.05882352941177,0.4117647058823529,0.4375,-0.02965689564896945,-0.2443,4,5,BC,S1,274.0,False,ARI,ARI,7,0.05802181043510305
1,3,3,0,0,0,0,0,0,0,0,0,0,1,0,0,0,0,0,0,0,2,0,0,0,0.0,0.0,0.0,0.0,0.0,0.0,,0.0,0.3333333333333333,0.0,1.0,0.0,,406.0,0.0,0.0,-1.0719037001645697,-0.022499999999999996,2,0,BP,S1,284.0,False,WAS,WAS,3,-0.09642787001645697
3,5,5,1,1,1,0,0,0,1,1,0,0,1,0,0,0,0,0,0,0,0,3,0,0,0.2,0.2,0.2,0.4,0.0,0.25,,0.0,0.2,0.0,0.0,1.0,0.0,230.2,0.2,0.2,-0.00988612836438918,-0.09190000000000001,0,3,BN,S1,286.0,False,PHI,PHI,7,0.01694888716356108
6,15,13,5,6,0,2,1,2,15,6,2,1,3,0,0,0,0,0,1,0,2,3,0,0,0.38461538461538464,0.4666666666666667,1.1538461538461537,1.6205128205128205,0.7692307692307692,0.375,,0.13333333333333333,0.2,0.13333333333333333,0.5,0.5,1.0,227.14285714285714,0.4666666666666667,1.1538461538461537,4.805713175078163,0.5673,3,3,BN,S1,287.0,False,PHI,PHI,7,0.5343838175078164
5,10,9,0,1,0,0,0,0,0,0,1,0,5,0,0,0,0,0,1,0,1,2,1,0,0.0,0.1,0.0,0.1,0.0,0.0,,0.0,0.5,0.1,0.4,0.6,0.6666666666666666,297.4,0.1,0.0,-4.50549728372682,-0.33990000000000004,2,3,BP,S1,290.0,False,2TM,PHI,7,-0.41467472837268204
4,7,7,0,0,0,0,0,0,0,0,0,0,5,0,0,0,0,0,1,0,1,1,0,0,0.0,0.0,0.0,0.0,0.0,0.0,,0.0,0.7142857142857143,0.0,0.6666666666666666,0.3333333333333333,2.0,333.0,0.0,0.0,-3.2050436298157194,-0.3009,2,1,BP,S1,290.0,True,MIN,MIN,6,-0.29539186298157194
1,3,2,0,1,0,0,0,0,0,0,1,0,0,0,0,0,0,0,0,0,0,1,1,0,0.0,0.3333333333333333,0.0,0.3333333333333333,0.0,0.0,,0.0,0.0,0.3333333333333333,0.0,1.0,0.0,214.33333333333334,0.3333333333333333,0.0,-1.3004536539111007,-0.039,0,2,BP,S1,290.0,True,PHI,PHI,7,-0.11928286539111006
7,21,21,9,4,6,3,0,0,12,3,0,0,7,0,0,0,0,0,0,0,1,3,1,0,0.42857142857142855,0.42857142857142855,0.5714285714285714,1.0,0.14285714285714285,0.6428571428571429,,0.0,0.3333333333333333,0.0,0.2,0.8,0.25,215.04761904761904,0.42857142857142855,0.5714285714285714,0.6769150716772651,0.2384,1,4,BN,S1,300.0,False,PHI,PHI,7,0.14302900716772649
4,10,10,2,2,1,0,0,1,5,3,0,0,3,0,0,0,0,0,0,0,3,2,0,0,0.2,0.2,0.5,0.7,0.3,0.16666666666666666,,0.1,0.3,0.0,0.6,0.4,1.5,268.0,0.2,0.5,1.0688556343656541,0.1389,3,2,BC,S1,303.0,False,PIT,PIT,7,0.1427605634365654
3,7,4,0,0,0,0,0,0,0,0,3,0,1,0,0,0,0,0,0,0,1,2,0,0,0.0,0.42857142857142855,0.0,0.42857142857142855,0.0,0.0,,0.0,0.14285714285714285,0.42857142857142855,0.3333333333333333,0.6666666666666666,0.5,233.71428571428572,0.42857142857142855,0.0,-0.153725767646762,0.05519999999999999,1,2,BN,S1,307.0,False,PIT,PIT,7,0.0097399232353238
7,21,18,5,4,1,3,0,1,11,2,3,0,2,0,0,0,0,0,2,0,4,6,1,0,0.2777777777777778,0.38095238095238093,0.6111111111111112,0.9920634920634921,0.33333333333333337,0.26666666666666666,,0.047619047619047616,0.09523809523809523,0.14285714285714285,0.46153846153846156,0.5384615384615384,0.8571428571428571,221.71428571428572,0.38095238095238093,0.6111111111111112,-1.3686837103257006,-0.06500000000000003,6,7,BP,S1,310.0,False,PIT,PIT,7,-0.061530871032570066
7,18,17,4,1,3,1,0,0,5,2,1,0,3,1,1,0,0,0,0,0,5,4,1,0,0.23529411764705882,0.2777777777777778,0.29411764705882354,0.5718954248366013,0.05882352941176472,0.2857142857142857,1.0,0.0,0.16666666666666666,0.05555555555555555,0.5,0.5,1.0,273.3333333333333,0.2777777777777778,0.29411764705882354,-2.5870652404007144,-0.31360000000000005,5,5,BC,S1,312.0,False,PIT,PIT,7,-0.19413152404007145
7,19,18,6,3,4,1,0,1,10,4,1,0,4,0,0,0,0,0,1,0,2,5,1,0,0.3333333333333333,0.3684210526315789,0.5555555555555556,0.9239766081871346,0.22222222222222227,0.38461538461538464,,0.05263157894736842,0.21052631578947367,0.05263157894736842,0.3333333333333333,0.6666666666666666,0.5,233.73684210526315,0.3684210526315789,0.5555555555555556,1.5593804212057585,0.1692,3,6,BN,S1,314.0,False,PIT,PIT,7,0.22410054212057587
5,11,11,3,1,1,2,0,0,5,0,0,0,2,0,1,0,0,0,1,0,4,1,1,0,0.2727272727272727,0.2727272727272727,0.45454545454545453,0.7272727272727273,0.18181818181818182,0.3333333333333333,1.0,0.0,0.18181818181818182,0.0,0.7142857142857143,0.2857142857142857,2.5,271.1666666666667,0.2727272727272727,0.45454545454545453,-1.8848229919540003,-0.11579999999999997,5,2,BN,S1,336.0,False,PIT,PIT,7,-0.14901979919540004
7,20,20,6,0,5,1,0,0,7,0,0,0,3,0,0,0,0,0,2,0,8,2,1,0,0.3,0.3,0.35,0.6499999999999999,0.04999999999999999,0.35294117647058826,,0.0,0.15,0.0,0.7692307692307693,0.23076923076923078,3.3333333333333335,310.2,0.3,0.35,-1.5521712215151624,-0.1326,10,3,BN,S1,344.0,False,NYM,NYM,7,-0.08346712215151625
7,18,15,5,7,2,0,0,3,14,7,3,0,1,0,0,0,0,0,0,0,3,4,2,0,0.3333333333333333,0.4444444444444444,0.9333333333333333,1.3777777777777778,0.6000000000000001,0.18181818181818182,,0.16666666666666666,0.05555555555555555,0.16666666666666666,0.3333333333333333,0.6666666666666666,0.5,199.88888888888889,0.4444444444444444,0.9333333333333333,4.004273663604231,-0.004299999999999967,3,6,BP,S1,346.0,False,PHI,PHI,7,0.465002366360423
4,11,10,5,2,4,1,0,0,6,0,1,0,1,0,0,0,0,0,1,0,3,1,0,0,0.5,0.5454545454545454,0.6,1.1454545454545455,0.09999999999999998,0.5555555555555556,,0.0,0.09090909090909091,0.09090909090909091,0.8,0.2,4.0,212.54545454545453,0.5454545454545454,0.6,-0.11047856558193486,0.025600000000000008,4,1,BC,S1,350.0,False,DET,DET,7,0.028414643441806508
6,17,16,5,3,2,1,0,2,12,2,1,0,2,0,0,1,0,0,1,0,5,3,1,0,0.3125,0.35294117647058826,0.75,1.1029411764705883,0.4375,0.25,0.0,0.11764705882352941,0.11764705882352941,0.058823529411764705,0.6,0.4,1.5,257.72222222222223,0.35294117647058826,0.75,-1.31267890997073,-0.17790000000000003,6,4,BC,S1,359.0,False,MIN,MIN,7,-0.07028039099707299
6,13,11,4,3,3,0,0,1,7,2,2,0,3,0,0,0,0,0,0,0,1,3,0,0,0.36363636363636365,0.46153846153846156,0.6363636363636364,1.097902097902098,0.2727272727272727,0.42857142857142855,,0.07692307692307693,0.23076923076923078,0.15384615384615385,0.25,0.75,0.3333333333333333,211.69230769230768,0.46153846153846156,0.6363636363636364,0.8459540502771772,0.16979999999999998,1,3,BC,S1,395.0,False,TOR,TOR,6,0.13123290502771773
7,23,19,9,8,4,1,2,2,20,8,4,0,1,0,0,0,0,0,5,0,5,3,1,0,0.47368421052631576,0.5652173913043478,1.0526315789473684,1.6178489702517163,0.5789473684210527,0.4375,,0.08695652173913043,0.043478260869565216,0.17391304347826086,0.7142857142857143,0.2857142857142857,2.5,218.22727272727272,0.5652173913043478,1.0526315789473684,4.568102422396691,0.39939999999999987,10,4,BC,S1,396.0,False,WAS,WAS,7,0.539322742239669
7,21,19,1,1,0,1,0,0,2,1,2,0,10,0,0,0,0,0,0,0,2,2,4,0,0.05263157894736842,0.14285714285714285,0.10526315789473684,0.24812030075187969,0.05263157894736842,0.1111111111111111,,0.0,0.47619047619047616,0.09523809523809523,0.25,0.75,0.3333333333333333,318.04761904761904,0.14285714285714285,0.10526315789473684,-2.350780207364714,-0.49410000000000004,2,6,BP,S1,397.0,False,TOR,TOR,7,-0.15974052073647144
7,23,21,10,3,8,0,1,1,15,4,2,0,4,0,1,0,0,0,0,0,5,2,0,0,0.47619047619047616,0.5217391304347826,0.7142857142857143,1.236024844720497,0.23809523809523814,0.5625,1.0,0.043478260869565216,0.17391304347826086,0.08695652173913043,0.7142857142857143,0.2857142857142857,2.5,230.33333333333334,0.5217391304347826,0.7142857142857143,4.193356308527278,0.4243,5,2,BC,S1,400.0,False,TOR,TOR,7,0.5018481308527278
5,12,10,0,0,0,0,0,0,0,0,2,0,4,0,0,0,0,0,0,0,2,2,2,0,0.0,0.16666666666666666,0.0,0.16666666666666666,0.0,0.0,,0.0,0.3333333333333333,0.16666666666666666,0.3333333333333333,0.6666666666666666,0.5,320.9166666666667,0.16666666666666666,0.0,-1.6457413744181895,-0.3087,2,4,BN,S1,410.0,False,2TM,TOR,7,-0.12152413744181896
4,10,9,0,0,0,0,0,0,0,0,1,0,4,0,0,0,0,0,0,0,2,1,2,0,0.0,0.1,0.0,0.1,0.0,0.0,,0.0,0.4,0.1,0.4,0.6,0.6666666666666666,344.5,0.1,0.0,-2.1312702791654106,-0.3015,2,3,BN,S1,410.0,True,MIN,MIN,6,-0.17725202791654107
1,2,1,0,0,0,0,0,0,0,0,1,0,0,0,0,0,0,0,0,0,0,1,0,0,0.0,0.5,0.0,0.5,0.0,0.0,,0.0,0.0,0.5,0.0,1.0,0.0,203.0,0.5,0.0,0.4855289047472211,-0.007199999999999998,0,1,BN,S1,410.0,True,TOR,TOR,7,0.05572789047472211
6,13,13,4,0,4,0,0,0,4,1,0,0,3,0,0,0,0,0,2,0,3,3,0,0,0.3076923076923077,0.3076923076923077,0.3076923076923077,0.6153846153846154,0.0,0.4,,0.0,0.23076923076923078,0.0,0.625,0.375,1.6666666666666667,250.92307692307693,0.3076923076923077,0.3076923076923077,-1.8901944743024202,-0.2583,5,3,BC,S1,429.0,False,OAK,OAK,7,-0.14238194743024202
7,20,18,7,6,3,2,1,1,14,6,1,0,7,0,0,0,0,1,1,0,2,3,0,0,0.3888888888888889,0.4,0.7777777777777778,1.1777777777777778,0.3888888888888889,0.5454545454545454,,0.05,0.35,0.05,0.42857142857142855,0.5714285714285714,0.75,224.8,0.4,0.7777777777777778,-1.5984149865135724,-0.09479999999999993,3,4,BN,S1,445.0,False,TOR,TOR,7,-0.08809149865135725
7,21,21,9,2,9,0,0,0,9,1,0,0,2,0,0,0,0,0,0,0,4,5,1,0,0.42857142857142855,0.42857142857142855,0.42857142857142855,0.8571428571428571,0.0,0.47368421052631576,,0.0,0.09523809523809523,0.0,0.4,0.6,0.6666666666666666,229.8095238095238,0.42857142857142855,0.42857142857142855,0.7570007448601097,-0.1619,4,6,BC,S1,446.0,False,TOR,TOR,7,0.15103757448601096
2,4,4,0,0,0,0,0,0,0,0,0,0,2,0,0,0,0,0,0,0,0,2,0,0,0.0,0.0,0.0,0.0,0.0,0.0,,0.0,0.5,0.0,0.0,1.0,0.0,259.5,0.0,0.0,-1.9653784030749801,-0.0651,0,2,BP,S1,453.0,False,NYM,NYM,3,-0.18218784030749802
7,24,24,9,7,2,3,0,4,24,8,0,0,4,0,0,0,0,0,0,0,4,7,0,0,0.375,0.375,1.0,1.375,0.625,0.3125,,0.16666666666666666,0.16666666666666666,0.0,0.36363636363636365,0.6363636363636364,0.5714285714285714,220.33333333333334,0.375,1.0,4.496683866392105,0.7674,4,7,BP,S1,457.0,False,HOU,HOU,7,0.5357683866392104
4,22,22,6,0,4,2,0,0,8,0,0,0,6,0,0,0,0,0,2,0,4,6,0,0,0.2727272727272727,0.2727272727272727,0.36363636363636365,0.6363636363636364,0.09090909090909094,0.375,,0.0,0.2727272727272727,0.0,0.5,0.5,1.0,249.63636363636363,0.2727272727272727,0.36363636363636365,-2.765163392213025,-0.5518,6,6,BC,S1,1961.0,False,2TM,OAK,7,-0.1975913392213025
2,12,12,4,0,2,2,0,0,6,0,0,0,6,0,0,0,0,0,2,0,2,0,0,0,0.3333333333333333,0.3333333333333333,0.5,0.8333333333333333,0.16666666666666669,0.6666666666666666,,0.0,0.5,0.0,1.0,0.0,,276.5,0.3333333333333333,0.5,-2.080223319353754,-0.36739999999999995,4,0,BC,S1,1961.0,True,ARI,ARI,2,-0.1649723319353754
2,10,10,2,0,2,0,0,0,2,0,0,0,0,0,0,0,0,0,0,0,2,6,0,0,0.2,0.2,0.2,0.4,0.0,0.2,,0.0,0.0,0.0,0.25,0.75,0.3333333333333333,217.4,0.2,0.2,-0.6849400728592714,-0.1844,2,6,BC,S1,1961.0,True,OAK,OAK,7,-0.03261900728592714
3,7,7,0,0,0,0,0,0,0,0,0,0,0,0,0,0,0,0,0,0,1,4,2,0,0.0,0.0,0.0,0.0,0.0,0.0,,0.0,0.0,0.0,0.14285714285714285,0.8571428571428571,0.16666666666666666,294.2857142857143,0.0,0.0,-2.1286669851887243,-0.1835,1,6,BC,S1,1966.0,False,BAL,BAL,3,-0.18775419851887243
5,10,9,4,2,2,2,0,0,6,1,1,0,2,0,0,0,0,0,0,0,1,2,0,0,0.4444444444444444,0.5,0.6666666666666666,1.1666666666666665,0.2222222222222222,0.5714285714285714,,0.0,0.2,0.1,0.3333333333333333,0.6666666666666666,0.5,193.7,0.5,0.6666666666666666,1.6330149654303372,0.28540000000000004,1,2,BN,S1,1968.0,False,BAL,BAL,7,0.1991764965430337
7,19,16,4,3,3,0,0,1,7,2,3,0,3,0,0,0,0,0,0,0,3,5,1,0,0.25,0.3684210526315789,0.4375,0.805921052631579,0.1875,0.25,,0.05263157894736842,0.15789473684210525,0.15789473684210525,0.3333333333333333,0.6666666666666666,0.5,248.31578947368422,0.3684210526315789,0.4375,-0.04689080939343418,-0.14689999999999998,3,6,BN,S1,1972.0,False,BAL,BAL,7,0.06347341906065658
7,20,17,6,1,6,0,0,0,6,0,3,0,2,0,2,0,0,0,0,0,3,5,1,0,0.35294117647058826,0.45,0.35294117647058826,0.8029411764705883,0.0,0.4,1.0,0.0,0.1,0.15,0.3333333333333333,0.6666666666666666,0.5,237.5909090909091,0.45,0.35294117647058826,0.3418243867068741,-0.10310000000000002,3,6,BC,S1,1982.0,False,OAK,OAK,7,0.1059324386706874
5,16,13,4,1,3,1,0,0,5,0,3,0,3,1,0,0,0,0,0,0,5,1,0,0,0.3076923076923077,0.4375,0.38461538461538464,0.8221153846153846,0.07692307692307693,0.4,,0.0,0.1875,0.1875,0.8333333333333334,0.16666666666666666,5.0,273.8,0.4375,0.38461538461538464,0.5218782909344886,-0.09329999999999997,5,1,BC,S1,1983.0,False,HOU,HOU,7,0.10958782909344884
7,27,24,5,3,1,2,0,2,13,4,2,0,4,0,0,0,0,1,1,0,10,6,0,0,0.20833333333333334,0.25925925925925924,0.5416666666666666,0.8009259259259258,0.33333333333333326,0.15789473684210525,,0.07407407407407407,0.14814814814814814,0.07407407407407407,0.6111111111111112,0.3888888888888889,1.5714285714285714,269.81481481481484,0.25925925925925924,0.5416666666666666,-0.4680614149349821,-0.6095,11,7,BC,S1,1984.0,False,HOU,HOU,7,0.05005635850650179
7,24,22,8,2,7,1,0,0,9,2,2,0,4,0,0,0,0,0,1,0,6,4,0,0,0.36363636363636365,0.4166666666666667,0.4090909090909091,0.8257575757575758,0.04545454545454547,0.4444444444444444,,0.0,0.16666666666666666,0.08333333333333333,0.6363636363636364,0.36363636363636365,1.75,245.5,0.4166666666666667,0.4090909090909091,-0.9020702046531586,-0.5221,7,4,BC,S1,1988.0,False,ATL,ATL,7,-0.004107020465315858
6,17,17,7,3,4,1,0,2,14,4,0,0,6,0,0,0,0,0,0,0,1,3,0,0,0.4117647058823529,0.4117647058823529,0.8235294117647058,1.2352941176470589,0.4117647058823529,0.5555555555555556,,0.11764705882352941,0.35294117647058826,0.0,0.25,0.75,0.3333333333333333,223.64705882352942,0.4117647058823529,0.8235294117647058,2.8112090408605988,0.4827,1,3,BP,S1,1989.0,False,ATL,ATL,7,0.3421084040860599
5,13,11,0,0,0,0,0,0,0,0,2,0,3,1,0,0,0,0,0,0,2,6,0,0,0.0,0.15384615384615385,0.0,0.15384615384615385,0.0,0.0,,0.0,0.23076923076923078,0.15384615384615385,0.25,0.75,0.3333333333333333,256.9166666666667,0.15384615384615385,0.0,-2.6147989023610423,-0.28169999999999995,2,6,BP,S1,1992.0,False,2TM,PIT,7,-0.2148423902361042
4,10,8,0,0,0,0,0,0,0,0,2,0,3,1,0,0,0,0,0,0,1,4,0,0,0.0,0.2,0.0,0.2,0.0,0.0,,0.0,0.3,0.2,0.2,0.8,0.25,252.66666666666666,0.2,0.0,-1.9787326406201178,-0.2613,1,4,BP,S1,1992.0,True,PHI,PHI,6,-0.1619982640620118
1,3,3,0,0,0,0,0,0,0,0,0,0,0,0,0,0,0,0,0,0,1,2,0,0,0.0,0.0,0.0,0.0,0.0,0.0,,0.0,0.0,0.0,0.3333333333333333,0.6666666666666666,0.5,269.6666666666667,0.0,0.0,-0.6360662617409244,-0.0204,1,2,BP,S1,1992.0,True,PIT,PIT,7,-0.05284412617409244
1,2,2,0,0,0,0,0,0,0,0,0,0,0,0,0,0,0,0,0,0,1,1,0,0,0.0,0.0,0.0,0.0,0.0,0.0,,0.0,0.0,0.0,0.5,0.5,1.0,331.0,0.0,0.0,-0.40234644582470663,-0.0562,1,1,BP,S1,2001.0,False,MIN,MIN,7,-0.03305964458247067
7,19,16,5,3,4,0,0,1,8,3,3,0,4,0,0,0,0,0,0,0,5,1,1,0,0.3125,0.42105263157894735,0.5,0.9210526315789473,0.1875,0.36363636363636365,,0.05263157894736842,0.21052631578947367,0.15789473684210525,0.7142857142857143,0.2857142857142857,2.5,255.3684210526316,0.42105263157894735,0.5,0.1987332000917367,0.1925,5,2,BN,S1,2006.0,False,NYM,NYM,7,0.08803582000917366
3,8,8,3,2,1,0,0,2,9,4,0,0,0,0,0,0,0,0,0,0,4,1,0,0,0.375,0.375,1.125,1.5,0.75,0.16666666666666666,,0.25,0.0,0.0,0.8,0.2,4.0,254.5,0.375,1.125,0.9905598581606032,-0.02139999999999999,4,1,BC,S1,2010.0,False,PHI,PHI,6,0.12775598581606032
7,23,19,5,3,3,1,1,0,8,2,3,0,2,0,1,1,0,1,1,0,5,7,1,0,0.2631578947368421,0.34782608695652173,0.42105263157894735,0.7688787185354691,0.15789473684210525,0.2777777777777778,0.5,0.0,0.08695652173913043,0.13043478260869565,0.4,0.6,0.6666666666666666,244.4,0.34782608695652173,0.42105263157894735,-0.6047493112433686,0.21500000000000002,6,9,BC,S1,2011.0,False,PHI,PHI,7,0.022037568875663126
7,19,18,9,5,3,3,1,2,20,4,0,0,0,0,0,0,0,1,1,0,5,3,2,0,0.5,0.47368421052631576,1.1111111111111112,1.5847953216374269,0.6111111111111112,0.4117647058823529,,0.10526315789473684,0.0,0.0,0.5,0.5,1.0,204.73684210526315,0.47368421052631576,1.1111111111111112,2.7247377000813082,0.26199999999999996,6,6,BC,S1,2014.0,False,ARI,ARI,7,0.3406362700081308
7,16,16,3,0,3,0,0,0,3,1,0,0,2,0,0,0,0,0,1,0,6,4,1,0,0.1875,0.1875,0.1875,0.375,0.0,0.21428571428571427,,0.0,0.125,0.0,0.5833333333333334,0.4166666666666667,1.4,299.875,0.1875,0.1875,-1.8940217042047705,-0.2079,7,5,BC,S1,2015.0,False,ARI,ARI,7,-0.13200217042047707
7,20,19,4,1,4,0,0,0,4,1,1,0,5,0,0,0,0,0,0,1,5,3,1,0,0.21052631578947367,0.25,0.21052631578947367,0.4605263157894737,0.0,0.2857142857142857,,0.0,0.25,0.05,0.6,0.4,1.5,298.9,0.25,0.21052631578947367,-3.5401955307624475,-0.13680000000000003,6,4,BN,S1,2021.0,False,PIT,PIT,7,-0.2822695530762448
7,19,18,2,1,1,0,0,1,5,1,1,0,2,0,0,0,0,0,1,0,5,6,3,0,0.1111111111111111,0.15789473684210525,0.2777777777777778,0.43567251461988304,0.16666666666666669,0.06666666666666667,,0.05263157894736842,0.10526315789473684,0.05263157894736842,0.4,0.6,0.6666666666666666,299.4736842105263,0.15789473684210525,0.2777777777777778,-3.649379742570617,-0.7381,6,9,BN,S1,2025.0,False,OAK,OAK,7,-0.29677547425706174
7,20,17,8,2,3,4,0,1,15,2,3,0,3,0,0,0,0,0,0,0,1,5,0,0,0.47058823529411764,0.55,0.8823529411764706,1.4323529411764706,0.4117647058823529,0.5384615384615384,,0.05,0.15,0.15,0.16666666666666666,0.8333333333333334,0.2,178.4,0.55,0.8823529411764706,2.72999004807809,0.34309999999999996,1,5,BN,S1,2030.0,False,2TM,WAS,7,0.34474900480780896
1,2,2,1,1,0,0,0,1,4,1,0,0,1,0,0,0,0,0,0,0,0,0,0,0,0.5,0.5,2.0,2.5,1.5,,,0.5,0.5,0.0,,,,147.0,0.5,2.0,0.7987484737484738,0.056599999999999984,0,0,BN,S1,2030.0,True,MIN,MIN,1,0.08704984737484738
6,18,15,7,1,3,4,0,0,11,1,3,0,2,0,0,0,0,0,0,0,1,5,0,0,0.4666666666666667,0.5555555555555556,0.7333333333333333,1.2888888888888888,0.2666666666666666,0.5384615384615384,,0.0,0.1111111111111111,0.16666666666666666,0.16666666666666666,0.8333333333333334,0.2,181.88888888888889,0.5555555555555556,0.7333333333333333,1.9312415743296163,0.28650000000000003,1,5,BN,S1,2030.0,True,WAS,WAS,7,0.2576991574329616
4,11,11,2,1,2,0,0,0,2,0,0,0,4,0,0,0,0,0,0,0,3,2,0,0,0.18181818181818182,0.18181818181818182,0.18181818181818182,0.36363636363636365,0.0,0.2857142857142857,,0.0,0.36363636363636365,0.0,0.6,0.4,1.5,267.45454545454544,0.18181818181818182,0.18181818181818182,-2.9527702434689735,-0.2993,3,2,BC,S1,2032.0,False,HOU,HOU,6,-0.25581452434689733
7,19,16,6,3,4,1,1,0,9,1,3,0,3,0,0,0,0,0,0,0,4,2,1,0,0.375,0.47368421052631576,0.5625,1.0361842105263157,0.1875,0.46153846153846156,,0.0,0.15789473684210525,0.15789473684210525,0.5714285714285714,0.42857142857142855,1.3333333333333333,220.0,0.47368421052631576,0.5625,2.62305788914291,0.1775,4,3,BC,S1,2033.0,False,2TM,ARI,7,0.33046828891429103
6,17,14,4,3,2,1,1,0,7,0,3,0,3,0,0,0,0,0,0,0,4,2,1,0,0.2857142857142857,0.4117647058823529,0.5,0.9117647058823529,0.2142857142857143,0.36363636363636365,,0.0,0.17647058823529413,0.17647058823529413,0.5714285714285714,0.42857142857142855,1.3333333333333333,238.05882352941177,0.4117647058823529,0.5,1.565138634484525,0.10499999999999998,4,3,BC,S1,2033.0,True,PIT,PIT,6,0.21750136344845253
1,2,2,2,0,2,0,0,0,2,1,0,0,0,0,0,0,0,0,0,0,0,0,0,0,1.0,1.0,1.0,2.0,0.0,1.0,,0.0,0.0,0.0,,,,66.5,1.0,1.0,1.057919254658385,0.07250000000000001,0,0,BC,S1,2033.0,True,ARI,ARI,7,0.1129669254658385
7,17,15,2,1,1,1,0,0,3,3,1,0,3,0,0,0,0,1,0,0,8,1,2,0,0.13333333333333333,0.17647058823529413,0.2,0.3764705882352941,0.06666666666666668,0.15384615384615385,,0.0,0.17647058823529413,0.058823529411764705,0.6666666666666666,0.3333333333333333,2.0,330.7647058823529,0.17647058823529413,0.2,1.197757280983788,-0.14560000000000003,8,4,BC,S1,2037.0,False,NYM,NYM,7,0.1807632280983788
4,9,8,2,0,2,0,0,0,2,1,1,0,2,1,1,0,0,0,2,0,2,2,0,0,0.25,0.3333333333333333,0.25,0.5833333333333333,0.0,0.3333333333333333,1.0,0.0,0.2222222222222222,0.1111111111111111,0.6666666666666666,0.3333333333333333,2.0,250.66666666666666,0.3333333333333333,0.25,-0.4788626854410042,-0.12360000000000003,4,2,BC,S1,2039.0,False,PHI,PHI,7,-0.015598768544100422
7,23,22,10,5,10,0,0,0,10,3,1,0,6,0,1,1,0,0,0,0,2,3,1,0,0.45454545454545453,0.4782608695652174,0.45454545454545453,0.9328063241106719,0.0,0.625,0.5,0.0,0.2608695652173913,0.043478260869565216,0.3333333333333333,0.6666666666666666,0.5,221.56,0.4782608695652174,0.45454545454545453,1.3042927512705784,0.05080000000000002,2,4,BC,S1,2040.0,False,WAS,WAS,7,0.21294177512705784
4,7,7,3,1,3,0,0,0,3,1,0,0,2,0,0,0,0,0,0,0,1,1,0,0,0.42857142857142855,0.42857142857142855,0.42857142857142855,0.8571428571428571,0.0,0.6,,0.0,0.2857142857142857,0.0,0.5,0.5,1.0,233.0,0.42857142857142855,0.42857142857142855,-2.0217750388349303,0.07139999999999996,1,1,BC,S1,2042.0,False,2TM,PHI,6,-0.17706500388349303
2,4,4,2,1,2,0,0,0,2,1,0,0,0,0,0,0,0,0,0,0,1,1,0,0,0.5,0.5,0.5,1.0,0.0,0.5,,0.0,0.0,0.0,0.5,0.5,1.0,232.5,0.5,0.5,-1.9258948653685497,0.09529999999999997,1,1,BC,S1,2042.0,True,DET,DET,3,-0.17823948653685498
2,3,3,1,0,1,0,0,0,1,0,0,0,2,0,0,0,0,0,0,0,0,0,0,0,0.3333333333333333,0.3333333333333333,0.3333333333333333,0.6666666666666666,0.0,1.0,,0.0,0.6666666666666666,0.0,,,,233.66666666666666,0.3333333333333333,0.3333333333333333,-0.09588017346638039,-0.023899999999999998,0,0,BC,S1,2042.0,True,PHI,PHI,6,0.0011744826533619606
6,17,15,7,4,4,2,1,0,11,1,2,0,2,0,1,2,0,0,0,0,2,4,0,0,0.4666666666666667,0.5294117647058824,0.7333333333333333,1.2627450980392156,0.2666666666666666,0.5384615384615384,0.3333333333333333,0.0,0.11764705882352941,0.11764705882352941,0.3333333333333333,0.6666666666666666,0.5,207.4,0.5294117647058824,0.7333333333333333,3.15245567865865,0.09879999999999999,2,4,BN,S1,2051.0,False,WAS,WAS,7,0.37623306786586497
2,5,4,1,1,1,0,0,0,1,1,1,0,3,0,0,0,0,0,0,0,0,0,0,0,0.25,0.4,0.25,0.65,0.0,1.0,,0.0,0.6,0.2,,,,275.0,0.4,0.25,0.4218529929174608,-0.006300000000000014,0,0,BP,S1,2052.0,False,WAS,WAS,7,0.060122799291746076
5,14,14,4,4,0,2,0,2,12,8,0,0,4,0,0,0,0,0,2,0,4,2,0,0,0.2857142857142857,0.2857142857142857,0.8571428571428571,1.1428571428571428,0.5714285714285714,0.25,,0.14285714285714285,0.2857142857142857,0.0,0.75,0.25,3.0,274.2857142857143,0.2857142857142857,0.8571428571428571,2.015393576634073,-0.008499999999999994,6,2,BP,S1,2053.0,False,WAS,WAS,7,0.2517643576634073
6,19,18,4,2,3,1,0,0,5,3,1,0,3,0,1,0,0,0,1,0,7,3,1,0,0.2222222222222222,0.2631578947368421,0.2777777777777778,0.5409356725146199,0.05555555555555558,0.26666666666666666,1.0,0.0,0.15789473684210525,0.05263157894736842,0.6666666666666666,0.3333333333333333,2.0,283.05,0.2631578947368421,0.2777777777777778,-1.2537336743821967,0.02149999999999995,8,4,BC,S1,2055.0,False,WAS,WAS,7,-0.05721086743821968
1,3,2,1,1,0,0,0,1,4,3,0,0,0,0,0,0,0,1,0,0,1,1,0,0,0.5,0.3333333333333333,2.0,2.3333333333333335,1.5,0.0,,0.3333333333333333,0.0,0.0,0.3333333333333333,0.6666666666666666,0.5,241.0,0.3333333333333333,2.0,2.08940347092521,0.10170000000000001,1,2,BP,S1,2059.0,False,WAS,WAS,6,0.219702847092521
7,17,15,6,2,2,2,1,1,13,4,2,0,3,0,0,0,0,0,1,0,1,3,2,0,0.4,0.47058823529411764,0.8666666666666667,1.3372549019607844,0.4666666666666667,0.45454545454545453,,0.058823529411764705,0.17647058823529413,0.11764705882352941,0.2857142857142857,0.7142857142857143,0.4,199.41176470588235,0.47058823529411764,0.8666666666666667,3.946445792591141,0.21390000000000006,2,5,BC,S1,2060.0,False,NYM,NYM,7,0.4556320792591141
5,14,14,1,1,0,0,0,1,4,1,0,0,6,0,0,0,0,0,0,0,2,4,1,0,0.07142857142857142,0.07142857142857142,0.2857142857142857,0.3571428571428571,0.21428571428571427,0.0,,0.07142857142857142,0.42857142857142855,0.0,0.2857142857142857,0.7142857142857143,0.4,308.7857142857143,0.07142857142857142,0.2857142857142857,-2.9068760043496304,-0.42510000000000003,2,5,BP,S1,2062.0,False,2TM,NYM,7,-0.24046260043496304
1,3,3,0,0,0,0,0,0,0,0,0,0,2,0,0,0,0,0,0,0,0,1,0,0,0.0,0.0,0.0,0.0,0.0,0.0,,0.0,0.6666666666666666,0.0,0.0,1.0,0.0,320.3333333333333,0.0,0.0,-0.7557237019101424,-0.0030999999999999995,0,1,BP,S1,2062.0,True,WAS,WAS,1,-0.06480987019101424
4,11,11,1,1,0,0,0,1,4,1,0,0,4,0,0,0,0,0,0,0,2,3,1,0,0.09090909090909091,0.09090909090909091,0.36363636363636365,0.4545454545454546,0.2727272727272727,0.0,,0.09090909090909091,0.36363636363636365,0.0,0.3333333333333333,0.6666666666666666,0.5,305.6363636363636,0.09090909090909091,0.36363636363636365,-2.151152302439488,-0.42200000000000004,2,4,BP,S1,2062.0,True,NYM,NYM,7,-0.17565273024394878
4,11,11,4,1,3,0,0,1,7,3,0,0,1,0,0,0,0,0,1,0,2,2,2,0,0.36363636363636365,0.36363636363636365,0.6363636363636364,1.0,0.2727272727272727,0.3333333333333333,,0.09090909090909091,0.09090909090909091,0.0,0.42857142857142855,0.5714285714285714,0.75,238.1818181818182,0.36363636363636365,0.6363636363636364,0.24468147810292537,0.35509999999999997,3,4,BC,S1,2063.0,False,NYM,NYM,7,0.06393064781029253
3,5,5,0,0,0,0,0,0,0,0,0,0,3,0,0,0,0,0,1,0,2,0,0,0,0.0,0.0,0.0,0.0,0.0,0.0,,0.0,0.6,0.0,1.0,0.0,,364.2,0.0,0.0,-1.7602115608862237,-0.2188,3,0,BC,S1,2065.0,False,MIN,MIN,3,-0.15808365608862235
7,20,19,7,3,4,0,0,3,16,5,1,0,3,0,0,0,0,0,0,0,2,7,0,0,0.3684210526315789,0.4,0.8421052631578947,1.2421052631578946,0.47368421052631576,0.3076923076923077,,0.15,0.15,0.05,0.2222222222222222,0.7777777777777778,0.2857142857142857,213.0,0.4,0.8421052631578947,2.4341348960384885,-0.03870000000000002,2,7,BN,S1,2066.0,False,BAL,BAL,7,0.3151634896038488
7,22,18,8,3,5,2,0,1,13,8,4,0,1,0,1,0,0,0,1,0,4,4,1,0,0.4444444444444444,0.5454545454545454,0.7222222222222222,1.2676767676767677,0.2777777777777778,0.4375,1.0,0.045454545454545456,0.045454545454545456,0.18181818181818182,0.5,0.5,1.0,194.7391304347826,0.5454545454545454,0.7222222222222222,4.817011027803008,0.5172,5,5,BN,S1,2070.0,False,PIT,PIT,7,0.5606261027803008
5,13,12,3,2,2,1,0,0,4,2,1,0,2,1,0,0,0,0,2,0,4,2,1,0,0.25,0.3076923076923077,0.3333333333333333,0.641025641025641,0.08333333333333331,0.3,,0.0,0.15384615384615385,0.07692307692307693,0.6666666666666666,0.3333333333333333,2.0,294.1818181818182,0.3076923076923077,0.3333333333333333,-0.9887113728216257,0.08969999999999999,6,3,BC,S1,2073.0,False,PIT,PIT,7,-0.05223363728216257
4,10,10,2,2,0,0,0,2,8,2,0,0,6,0,0,0,0,0,1,0,1,1,0,0,0.2,0.2,0.8,1.0,0.6000000000000001,0.0,,0.2,0.6,0.0,0.6666666666666666,0.3333333333333333,2.0,276.5,0.2,0.8,-0.2135563727238341,-0.15980000000000003,2,1,BP,S1,2078.0,False,ARI,ARI,6,0.014519362727616586
4,9,9,1,1,0,1,0,0,2,0,0,0,3,0,0,0,0,0,1,0,1,4,0,0,0.1111111111111111,0.1111111111111111,0.2222222222222222,0.3333333333333333,0.1111111111111111,0.16666666666666666,,0.0,0.3333333333333333,0.0,0.3333333333333333,0.6666666666666666,0.5,246.77777777777777,0.1111111111111111,0.2222222222222222,-0.9508114580650681,-0.17489999999999997,2,4,BP,S1,2088.0,False,2TM,DET,6,-0.06279364580650681
2,4,4,1,1,0,1,0,0,2,0,0,0,3,0,0,0,0,0,0,0,0,0,0,0,0.25,0.25,0.5,0.75,0.25,1.0,,0.0,0.75,0.0,,,,256.75,0.25,0.5,0.3328373190501338,-0.007499999999999979,0,0,BP,S1,2088.0,True,PHI,PHI,3,0.047633731905013375
2,5,5,0,0,0,0,0,0,0,0,0,0,0,0,0,0,0,0,1,0,1,4,0,0,0.0,0.0,0.0,0.0,0.0,0.0,,0.0,0.0,0.0,0.3333333333333333,0.6666666666666666,0.5,238.8,0.0,0.0,-1.2836487771152019,-0.1674,2,4,BP,S1,2088.0,True,DET,DET,6,-0.11042737771152018
4,12,10,2,1,1,0,1,0,4,1,1,0,2,1,0,0,0,1,1,0,2,3,2,0,0.2,0.25,0.4,0.65,0.2,0.2222222222222222,,0.0,0.16666666666666666,0.08333333333333333,0.3333333333333333,0.6666666666666666,0.5,280.3636363636364,0.25,0.4,-3.018477249971308,-0.5275,3,6,BP,S1,2089.0,False,DET,DET,5,-0.25879772499713083
3,8,7,3,0,2,1,0,0,4,2,0,0,2,0,0,0,0,1,0,0,0,2,1,0,0.42857142857142855,0.375,0.5714285714285714,0.9464285714285714,0.14285714285714285,0.5,,0.0,0.25,0.0,0.0,1.0,0.0,224.5,0.375,0.5714285714285714,1.5976697979568253,-0.004799999999999978,0,4,BN,S1,2091.0,False,DET,DET,3,0.18846697979568253
7,16,15,3,1,2,1,0,0,4,1,1,0,2,0,0,0,0,0,2,0,5,4,1,0,0.2,0.25,0.26666666666666666,0.5166666666666666,0.06666666666666665,0.23076923076923078,,0.0,0.125,0.0625,0.5833333333333334,0.4166666666666667,1.4,283.375,0.25,0.26666666666666666,-2.3592118585026096,-0.21989999999999996,7,5,BN,S1,2095.0,False,OAK,OAK,7,-0.17852118585026097
7,19,19,4,2,3,0,1,0,6,2,0,0,3,1,0,0,0,0,1,0,7,4,1,0,0.21052631578947367,0.21052631578947367,0.3157894736842105,0.5263157894736842,0.10526315789473684,0.25,,0.0,0.15789473684210525,0.0,0.6153846153846154,0.38461538461538464,1.6,289.27777777777777,0.21052631578947367,0.3157894736842105,-0.7501103656568626,-0.18920000000000006,8,5,BC,S1,2096.0,False,OAK,OAK,7,-0.006848536565686269
6,18,17,2,0,2,0,0,0,2,0,1,0,10,1,0,0,0,0,0,0,0,4,1,0,0.11764705882352941,0.16666666666666666,0.11764705882352941,0.28431372549019607,0.0,0.2857142857142857,,0.0,0.5555555555555556,0.05555555555555555,0.0,1.0,0.0,276.3529411764706,0.16666666666666666,0.11764705882352941,-3.0580946567143967,-0.37220000000000003,0,5,BP,S1,2101.0,False,2TM,ARI,7,-0.24123446567143966
5,16,15,1,0,1,0,0,0,1,0,1,0,9,1,0,0,0,0,0,0,0,4,1,0,0.06666666666666667,0.125,0.06666666666666667,0.19166666666666665,0.0,0.16666666666666666,,0.0,0.5625,0.0625,0.0,1.0,0.0,282.73333333333335,0.125,0.06666666666666667,-3.58079633845498,-0.4576,0,5,BP,S1,2101.0,True,TOR,TOR,6,-0.300679633845498
1,2,2,1,0,1,0,0,0,1,0,0,0,1,0,0,0,0,0,0,0,0,0,0,0,0.5,0.5,0.5,1.0,0.0,1.0,,0.0,0.5,0.0,,,,228.5,0.5,0.5,0.5227016817405833,0.0854,0,0,BP,S1,2101.0,True,ARI,ARI,7,0.05944516817405833
7,19,17,9,6,4,3,0,2,18,3,2,0,2,0,0,0,0,0,2,0,2,4,0,0,0.5294117647058824,0.5789473684210527,1.0588235294117647,1.6377708978328174,0.5294117647058824,0.5384615384615384,,0.10526315789473684,0.10526315789473684,0.10526315789473684,0.5,0.5,1.0,171.26315789473685,0.5789473684210527,1.0588235294117647,2.3736272767167748,0.3325,4,4,BP,S1,2103.0,False,OAK,OAK,7,0.30552522767167745
7,22,22,5,2,4,0,0,1,8,2,0,0,2,0,0,0,0,0,1,0,9,4,2,0,0.22727272727272727,0.22727272727272727,0.36363636363636365,0.5909090909090909,0.13636363636363638,0.21052631578947367,,0.045454545454545456,0.09090909090909091,0.0,0.625,0.375,1.6666666666666667,308.27272727272725,0.22727272727272727,0.36363636363636365,-3.384665537510462,-0.44759999999999994,10,6,BC,S1,2107.0,False,NYM,NYM,7,-0.2595415537510462
4,12,10,4,3,3,0,0,1,7,5,2,0,2,0,0,0,0,0,0,0,1,3,0,0,0.4,0.5,0.7,1.2,0.29999999999999993,0.42857142857142855,,0.08333333333333333,0.16666666666666666,0.16666666666666666,0.25,0.75,0.3333333333333333,203.33333333333334,0.5,0.7,-0.37444365890704795,0.0905,1,3,BN,S1,2108.0,False,HOU,HOU,7,0.005605634109295205
7,12,10,4,3,1,0,0,3,13,6,2,0,2,0,0,0,0,0,0,0,1,2,1,0,0.4,0.5,1.3,1.8,0.9,0.2,,0.25,0.16666666666666666,0.16666666666666666,0.25,0.75,0.3333333333333333,201.5,0.5,1.3,3.6705419188018946,0.2913,1,3,BP,S1,2111.0,False,PHI,PHI,7,0.41010419188018943
7,18,16,5,0,5,0,0,0,5,4,2,0,7,0,0,0,0,0,0,0,0,3,1,0,0.3125,0.3888888888888889,0.3125,0.7013888888888888,0.0,0.5555555555555556,,0.0,0.3888888888888889,0.1111111111111111,0.0,1.0,0.0,248.88888888888889,0.3888888888888889,0.3125,2.909204664257412,-0.07249999999999998,0,4,BN,S1,2114.0,False,2TM,MIN,7,0.3554954664257412
6,17,15,5,0,5,0,0,0,5,4,2,0,6,0,0,0,0,0,0,0,0,3,1,0,0.3333333333333333,0.4117647058823529,0.3333333333333333,0.7450980392156863,0.0,0.5555555555555556,,0.0,0.35294117647058826,0.11764705882352941,0.0,1.0,0.0,239.1764705882353,0.4117647058823529,0.3333333333333333,3.3734903785431265,-0.04159999999999999,0,4,BN,S1,2114.0,True,TOR,TOR,6,0.39833653785431267
1,1,1,0,0,0,0,0,0,0,0,0,0,1,0,0,0,0,0,0,0,0,0,0,0,0.0,0.0,0.0,0.0,0.0,,,0.0,1.0,0.0,,,,414.0,0.0,0.0,-0.4642857142857143,-0.030899999999999997,0,0,BN,S1,2114.0,True,MIN,MIN,7,-0.04284107142857143
5,11,10,5,3,2,2,0,1,10,4,0,0,2,0,0,1,0,1,1,0,3,1,0,0,0.5,0.45454545454545453,1.0,1.4545454545454546,0.5,0.5,0.0,0.09090909090909091,0.18181818181818182,0.0,0.6666666666666666,0.3333333333333333,2.0,255.58333333333334,0.45454545454545453,1.0,2.3361033291995557,0.2607999999999999,4,2,BN,S1,2124.0,False,MIN,MIN,7,0.27307283291995554
3,7,7,3,1,1,1,0,1,7,2,0,0,1,0,0,0,0,0,0,0,1,2,0,0,0.42857142857142855,0.42857142857142855,1.0,1.4285714285714286,0.5714285714285714,0.4,,0.14285714285714285,0.14285714285714285,0.0,0.3333333333333333,0.6666666666666666,0.5,191.85714285714286,0.42857142857142855,1.0,0.20437096108371744,0.02030000000000004,1,2,BN,S1,2125.0,False,MIN,MIN,7,0.04554959610837174
5,13,13,6,1,5,1,0,0,7,1,0,0,1,0,0,0,0,0,2,0,4,2,0,0,0.46153846153846156,0.46153846153846156,0.5384615384615384,1.0,0.07692307692307687,0.5,,0.0,0.07692307692307693,0.0,0.75,0.25,3.0,238.6153846153846,0.46153846153846156,0.5384615384615384,0.20929154020766128,-0.09119999999999999,6,2,BC,S1,2126.0,False,MIN,MIN,7,0.06756665402076613
7,17,16,4,0,4,0,0,0,4,0,1,0,2,0,0,0,0,0,0,0,4,6,0,0,0.25,0.29411764705882354,0.25,0.5441176470588236,0.0,0.2857142857142857,,0.0,0.11764705882352941,0.058823529411764705,0.4,0.6,0.6666666666666666,272.47058823529414,0.29411764705882354,0.25,-0.6348080315748434,-0.3432,4,6,BC,S1,2127.0,False,MIN,MIN,7,-0.00249330315748435
7,20,18,6,1,4,1,0,1,10,2,2,0,6,0,0,1,0,0,0,0,2,4,0,0,0.3333333333333333,0.4,0.5555555555555556,0.9555555555555556,0.22222222222222227,0.45454545454545453,0.0,0.05,0.3,0.1,0.3333333333333333,0.6666666666666666,0.5,231.23809523809524,0.4,0.5555555555555556,0.24594671363552045,0.2501,2,4,BN,S1,2128.0,False,MIN,MIN,7,0.09634467136355204
5,9,7,1,1,0,1,0,0,2,0,2,0,4,1,0,0,0,0,0,0,2,0,0,0,0.14285714285714285,0.3333333333333333,0.2857142857142857,0.6190476190476191,0.14285714285714285,0.3333333333333333,,0.0,0.4444444444444444,0.2222222222222222,1.0,0.0,,260.375,0.3333333333333333,0.2857142857142857,-0.06106217468602415,-0.12220000000000002,2,0,BP,S1,2132.0,False,ARI,ARI,7,0.026181282531397582
5,11,11,5,2,3,1,0,1,9,2,0,0,2,0,0,0,0,0,0,0,3,1,0,0,0.45454545454545453,0.45454545454545453,0.8181818181818182,1.2727272727272727,0.3636363636363637,0.5,,0.09090909090909091,0.18181818181818182,0.0,0.75,0.25,3.0,220.8181818181818,0.45454545454545453,0.8181818181818182,0.9946719269373729,-0.017699999999999994,3,1,BC,S1,2136.0,False,ARI,ARI,6,0.13892969269373728
7,19,17,4,4,1,2,0,1,9,4,2,0,5,0,0,0,0,0,1,0,5,3,0,0,0.23529411764705882,0.3157894736842105,0.5294117647058824,0.8452012383900929,0.29411764705882354,0.2727272727272727,,0.05263157894736842,0.2631578947368421,0.10526315789473684,0.6666666666666666,0.3333333333333333,2.0,270.4736842105263,0.3157894736842105,0.5294117647058824,1.0380888771657553,-0.09809999999999998,6,3,BP,S1,2139.0,False,OAK,OAK,7,0.17197138771657552
4,11,11,2,2,0,0,0,2,8,2,0,0,6,0,0,0,0,0,1,0,2,1,0,0,0.18181818181818182,0.18181818181818182,0.7272727272727273,0.9090909090909092,0.5454545454545454,0.0,,0.18181818181818182,0.5454545454545454,0.0,0.75,0.25,3.0,304.6363636363636,0.18181818181818182,0.7272727272727273,-2.0936513806237476,-0.2476,3,1,BP,S1,2143.0,False,WAS,WAS,7,-0.16990263806237477
5,11,10,3,1,2,0,0,1,6,3,1,1,2,0,0,0,0,0,1,0,2,2,1,0,0.3,0.36363636363636365,0.6,0.9636363636363636,0.3,0.2857142857142857,,0.09090909090909091,0.18181818181818182,0.09090909090909091,0.5,0.5,1.0,259.3,0.36363636363636365,0.6,1.527445591147887,0.04669999999999999,3,3,BN,S1,2147.0,False,OAK,OAK,5,0.1922070591147887
1,2,2,0,0,0,0,0,0,0,0,0,0,1,0,0,0,0,0,0,0,0,1,0,0,0.0,0.0,0.0,0.0,0.0,0.0,,0.0,0.5,0.0,0.0,1.0,0.0,293.5,0.0,0.0,-0.8706521739130435,-0.0201,0,1,BP,S1,2151.0,False,WAS,WAS,1,-0.07989021739130435
6,18,16,2,3,0,1,0,1,6,3,2,0,5,1,0,0,0,0,1,0,4,5,0,0,0.125,0.2222222222222222,0.375,0.5972222222222222,0.25,0.1,,0.05555555555555555,0.2777777777777778,0.1111111111111111,0.5,0.5,1.0,277.2352941176471,0.2222222222222222,0.375,-0.38076094900867474,-0.7634999999999998,5,5,BN,S1,2166.0,False,HOU,HOU,7,0.026498905099132518
1,1,1,0,0,0,0,0,0,0,0,0,0,1,1,0,0,0,0,0,0,0,0,0,0,0.0,0.0,0.0,0.0,0.0,,,0.0,1.0,0.0,,,,,0.0,0.0,-1.1666666666666667,-0.0048,0,0,,S1,2184.0,False,ARI,ARI,2,-0.11307916666666666
3,8,8,1,0,1,0,0,0,1,0,0,0,0,0,0,0,0,0,2,0,5,2,0,0,0.125,0.125,0.125,0.25,0.0,0.125,,0.0,0.0,0.0,0.7777777777777778,0.2222222222222222,3.5,334.25,0.125,0.125,-2.7633417434332768,-0.30160000000000003,7,2,BC,S1,2186.0,False,PHI,PHI,6,-0.24763417434332768
3,9,8,2,2,0,0,2,0,6,3,1,0,3,0,0,0,0,0,0,0,2,1,0,0,0.25,0.3333333333333333,0.75,1.0833333333333333,0.5,0.4,,0.0,0.3333333333333333,0.1111111111111111,0.6666666666666666,0.3333333333333333,2.0,252.11111111111111,0.3333333333333333,0.75,1.859290308874363,0.14039999999999997,2,1,BN,S1,2201.0,False,WAS,WAS,6,0.21821653088743628
4,12,12,3,0,2,1,0,0,4,0,0,0,7,2,0,0,0,0,0,0,2,0,0,0,0.25,0.25,0.3333333333333333,0.5833333333333333,0.08333333333333331,0.6,,0.0,0.5833333333333334,0.0,1.0,0.0,,275.8,0.25,0.3333333333333333,-2.370349941177016,-0.1976,2,0,BN,S1,2202.0,False,HOU,HOU,6,-0.1939849941177016
4,12,11,4,3,2,2,0,0,6,0,1,0,5,0,1,0,0,0,0,0,1,1,0,0,0.36363636363636365,0.4166666666666667,0.5454545454545454,0.9621212121212122,0.18181818181818177,0.6666666666666666,1.0,0.0,0.4166666666666667,0.08333333333333333,0.5,0.5,1.0,228.53846153846155,0.4166666666666667,0.5454545454545454,-1.4500403087888891,-0.0003999999999999993,1,1,BN,S1,2203.0,False,WAS,WAS,6,-0.10195403087888892
4,12,8,5,4,1,1,1,2,14,4,3,0,2,0,1,1,0,1,0,0,1,1,0,0,0.625,0.6666666666666666,1.75,2.4166666666666665,1.125,0.6,0.5,0.16666666666666666,0.16666666666666666,0.25,0.3333333333333333,0.6666666666666666,0.5,173.14285714285714,0.6666666666666666,1.75,3.0714242605668884,0.1826,1,2,BN,S1,2271.0,False,PIT,PIT,7,0.3501924260566888
2,7,6,2,2,1,0,0,1,5,1,1,1,0,0,0,0,0,0,0,0,0,2,2,0,0.3333333333333333,0.42857142857142855,0.8333333333333334,1.2619047619047619,0.5,0.2,,0.14285714285714285,0.0,0.14285714285714285,0.0,1.0,0.0,239.33333333333334,0.42857142857142855,0.8333333333333334,0.9791440512954754,0.2116,0,4,BN,S1,2345.0,False,WAS,WAS,5,0.12302690512954755
1,3,3,1,1,0,1,0,0,2,0,0,0,0,0,0,0,0,0,1,0,2,0,0,0,0.3333333333333333,0.3333333333333333,0.6666666666666666,1.0,0.3333333333333333,0.3333333333333333,,0.0,0.0,0.0,1.0,0.0,,301.6666666666667,0.3333333333333333,0.6666666666666666,-0.08603175518467854,-0.021699999999999994,3,0,BN,S1,3275.0,False,TOR,TOR,1,0.002159324481532146
3,6,5,1,1,1,0,0,0,1,0,1,0,3,0,0,0,0,0,0,0,0,0,1,0,0.2,0.3333333333333333,0.2,0.5333333333333333,0.0,0.5,,0.0,0.5,0.16666666666666666,0.0,1.0,0.0,256.1666666666667,0.3333333333333333,0.2,-0.9432044044770518,-0.043199999999999975,0,1,BN,S1,3276.0,False,ATL,ATL,3,-0.07279544044770518
2,4,4,1,0,0,1,0,0,2,0,0,0,1,0,0,0,0,0,1,0,2,0,0,0,0.25,0.25,0.5,0.75,0.25,0.3333333333333333,,0.0,0.25,0.0,1.0,0.0,,349.0,0.25,0.5,-0.6210041499396821,-0.109,3,0,BP,S1,3277.0,False,MIN,MIN,2,-0.04775041499396822
6,13,11,5,4,3,1,1,0,8,2,1,0,1,0,0,0,0,1,0,0,4,2,0,0,0.45454545454545453,0.46153846153846156,0.7272727272727273,1.1888111888111887,0.27272727272727276,0.45454545454545453,,0.0,0.07692307692307693,0.07692307692307693,0.5714285714285714,0.42857142857142855,1.3333333333333333,228.69230769230768,0.46153846153846156,0.7272727272727273,2.37694046082713,-0.012499999999999997,4,3,BC,S1,3278.0,False,2TM,ATL,7,0.284331546082713
5,12,10,4,3,2,1,1,0,7,2,1,0,1,0,0,0,0,1,0,0,4,2,0,0,0.4,0.4166666666666667,0.7,1.1166666666666667,0.29999999999999993,0.4,,0.0,0.08333333333333333,0.08333333333333333,0.5714285714285714,0.42857142857142855,1.3333333333333333,239.08333333333334,0.4166666666666667,0.7,2.2206314189917724,-0.0624,4,3,BC,S1,3278.0,True,PHI,PHI,6,0.26511314189917723
1,1,1,1,1,1,0,0,0,1,0,0,0,0,0,0,0,0,0,0,0,0,0,0,0,1.0,1.0,1.0,2.0,0.0,1.0,,0.0,0.0,0.0,,,,104.0,1.0,1.0,0.15630904183535765,0.0499,0,0,BC,S1,3278.0,True,ATL,ATL,7,0.019218404183535764
1,2,2,1,0,0,1,0,0,2,1,0,0,0,0,0,0,0,0,0,0,1,0,0,0,0.5,0.5,1.0,1.5,0.5,0.5,,0.0,0.0,0.0,1.0,0.0,,228.5,0.5,1.0,0.3173452956061653,0.159,1,0,BC,S1,3279.0,False,PHI,PHI,1,0.03890952956061653
4,14,13,3,2,1,2,0,0,5,0,1,0,1,0,0,0,0,0,1,0,6,2,1,0,0.23076923076923078,0.2857142857142857,0.38461538461538464,0.6703296703296704,0.15384615384615385,0.25,,0.0,0.07142857142857142,0.07142857142857142,0.7,0.3,2.3333333333333335,309.64285714285717,0.2857142857142857,0.38461538461538464,-1.0225874878417256,-0.2121,7,3,BN,S1,3280.0,False,HOU,HOU,4,-0.052033748784172565
4,7,7,3,0,2,1,0,0,4,1,0,0,3,2,0,0,0,0,0,0,1,0,0,0,0.42857142857142855,0.42857142857142855,0.5714285714285714,1.0,0.14285714285714285,0.75,,0.0,0.42857142857142855,0.0,1.0,0.0,,185.0,0.42857142857142855,0.5714285714285714,-0.4074073885822268,0.05330000000000001,1,0,BN,S1,3281.0,False,ARI,ARI,5,-0.015628238858222683
2,7,7,4,2,3,1,0,0,5,0,0,0,0,0,0,0,0,0,0,0,1,2,0,0,0.5714285714285714,0.5714285714285714,0.7142857142857143,1.2857142857142856,0.1428571428571429,0.5714285714285714,,0.0,0.0,0.0,0.3333333333333333,0.6666666666666666,0.5,163.0,0.5714285714285714,0.7142857142857143,0.2801818464898461,0.0023,1,2,BC,S1,3282.0,False,PIT,PIT,2,0.05313068464898461
5,14,14,6,2,3,2,1,0,10,2,0,0,1,0,1,0,0,0,0,0,3,3,1,0,0.42857142857142855,0.42857142857142855,0.7142857142857143,1.1428571428571428,0.28571428571428575,0.46153846153846156,1.0,0.0,0.07142857142857142,0.0,0.42857142857142855,0.5714285714285714,0.75,219.0,0.42857142857142855,0.7142857142857143,0.4751079696225657,0.23779999999999998,3,4,BC,S1,3283.0,False,OAK,OAK,5,0.09773579696225657
1,2,2,0,0,0,0,0,0,0,0,0,0,1,0,0,0,0,0,0,0,0,1,0,0,0.0,0.0,0.0,0.0,0.0,0.0,,0.0,0.5,0.0,0.0,1.0,0.0,326.5,0.0,0.0,-0.2653970211787047,-0.0311,0,1,,S1,3284.0,False,NYM,NYM,1,-0.019364702117870468
2,3,3,0,0,0,0,0,0,0,0,0,0,1,1,0,0,0,0,0,0,2,0,0,0,0.0,0.0,0.0,0.0,0.0,0.0,,0.0,0.3333333333333333,0.0,1.0,0.0,,434.5,0.0,0.0,-1.129744651483782,-0.1426,2,0,BN,S1,3285.0,False,BAL,BAL,4,-0.10221196514837819
2,4,4,0,0,0,0,0,0,0,0,0,0,1,1,0,0,0,0,1,0,3,0,0,0,0.0,0.0,0.0,0.0,0.0,0.0,,0.0,0.25,0.0,1.0,0.0,,463.3333333333333,0.0,0.0,-2.5923532211667806,-0.7258,4,0,BP,S1,3286.0,False,NYM,NYM,3,-0.24488532211667807
6,16,14,4,2,4,0,0,0,4,1,1,0,1,0,0,0,0,1,1,0,7,2,1,0,0.2857142857142857,0.3125,0.2857142857142857,0.5982142857142857,0.0,0.2857142857142857,,0.0,0.0625,0.0625,0.6666666666666666,0.3333333333333333,2.0,281.5625,0.3125,0.2857142857142857,-3.01852143380787,-0.3267,8,4,BC,S1,3287.0,False,NYM,NYM,7,-0.244452143380787
1,1,1,0,0,0,0,0,0,0,0,0,0,1,0,0,0,0,0,0,0,0,0,0,0,0.0,0.0,0.0,0.0,0.0,,,0.0,1.0,0.0,,,,348.0,0.0,0.0,-0.38276836158192107,-0.09849999999999999,0,0,,S1,3288.0,False,NYM,NYM,2,-0.034689336158192106
4,9,7,1,1,0,1,0,0,2,0,2,1,3,3,0,0,0,0,1,0,2,1,0,0,0.14285714285714285,0.3333333333333333,0.2857142857142857,0.6190476190476191,0.14285714285714285,0.25,,0.0,0.3333333333333333,0.2222222222222222,0.75,0.25,3.0,264.2,0.3333333333333333,0.2857142857142857,-0.4226604525583907,-0.13870000000000005,3,1,,S1,3289.0,False,HOU,HOU,7,-0.009978545255839072
4,7,7,1,1,0,0,0,1,4,4,0,0,3,2,0,0,0,0,1,0,2,1,0,0,0.14285714285714285,0.14285714285714285,0.5714285714285714,0.7142857142857142,0.42857142857142855,0.0,,0.14285714285714285,0.42857142857142855,0.0,0.75,0.25,3.0,293.4,0.14285714285714285,0.5714285714285714,-0.9740908341335044,0.2253,3,1,BC,S1,3290.0,False,BAL,BAL,5,-0.07229658341335043
1,1,1,0,0,0,0,0,0,0,0,0,0,1,1,0,0,0,0,0,0,0,0,0,0,0.0,0.0,0.0,0.0,0.0,,,0.0,1.0,0.0,,,,,0.0,0.0,-0.23916256157635463,-0.046799999999999994,0,0,BN,S1,3291.0,False,OAK,OAK,4,-0.020328756157635464
2,4,4,0,0,0,0,0,0,0,0,0,0,3,2,0,0,0,0,0,0,0,1,0,0,0.0,0.0,0.0,0.0,0.0,0.0,,0.0,0.75,0.0,0.0,1.0,0.0,276.5,0.0,0.0,-0.7002900600072758,-0.0891,0,1,,S1,3292.0,False,HOU,HOU,7,-0.05567900600072758
