G,IP,BF,H,R,ER,BB,IBB,Auto BB,K,HR,1B,RGO,LGO,FO,PO,LO,ERA,WHIP,H/6,HR/6,BB/6,K/6,K/BB,BAA,OBPA,SLGA,OPSA,BABIP_A,HR%_A,K%_A,BB%_A,GB%_A,FB%_A,GB/FB_A,Avg Diff,RE24,WPA,AB_A,SF_A,SH_A,2B_A,3B_A,GB_outs_A,FB_outs_A,SB_A,CS_A,SB%_A,Type,Season,Pitcher ID,is_sub_row,Team,Last Team,Last Session,FIP,nIP,ERA-,nRuns,GS,GF,CG,SHO,W,L,SV,HLD,W-L%,WAR
7,29.0,117,30,12,12,6,0,1,16,5,12,13,16,22,14,0,2.4827586206896552,1.2413793103448276,6.206896551724139,1.0344827586206897,1.2413793103448276,3.310344827586207,2.6666666666666665,0.27522935779816515,0.3076923076923077,0.5596330275229358,0.8673253352152435,0.2777777777777778,0.042735042735042736,0.13675213675213677,0.05128205128205128,0.47058823529411764,0.5294117647058824,0.8888888888888888,258.3252032520325,-4.749858757062148,0.33430000000000015,109,2,0,10,3,32,36,5,3,0.625,FP-H,S6,1,False,TBR,TBR,14,2.8548709881982823,29.0,94,14.141237071864717,5.0,6.0,4.0,0.0,2.0,4.0,0.0,0.0,0.3333333333333333,0.936383759643374
8,11.333333333333334,54,17,14,14,5,0,0,7,3,8,4,8,8,5,0,7.411764705882352,1.9411764705882353,9.0,1.5882352941176472,2.6470588235294117,3.7058823529411757,1.4,0.3469387755102041,0.4074074074074074,0.673469387755102,1.0808767951625093,0.358974358974359,0.05555555555555555,0.12962962962962962,0.09259259259259259,0.5,0.5,1.0,224.32142857142858,6.575394504227877,-1.2609,49,0,0,5,1,13,13,1,1,0.5,EG-B,S6,3,False,KCR,KCR,14,4.625662063248992,12.666666666666666,144,9.450053061859206,0.0,7.0,0.0,0.0,0.0,3.0,3.0,0.0,0.0,-0.4445865809133297
10,25.0,109,31,21,21,7,0,0,10,8,14,11,10,15,25,0,5.04,1.52,7.4399999999999995,1.92,1.6800000000000002,2.4000000000000004,1.4285714285714286,0.30392156862745096,0.3486238532110092,0.6666666666666666,1.0152905198776758,0.27380952380952384,0.07339449541284404,0.09174311926605505,0.06422018348623854,0.375,0.625,0.6,246.05454545454546,5.792288893053884,-0.7691,102,0,0,5,4,24,40,1,1,0.5,WC-H,S6,5,False,BAL,BAL,15,5.29625029854311,24.666666666666668,137,17.46125962382829,5.0,4.0,0.0,0.0,2.0,2.0,2.0,0.0,0.5,-0.14937957862888968
8,38.0,165,35,15,15,23,1,0,31,4,23,14,12,35,13,0,2.3684210526315788,1.5263157894736843,5.526315789473684,0.631578947368421,3.6315789473684212,4.894736842105263,1.3478260869565217,0.24822695035460993,0.3515151515151515,0.3971631205673759,0.7486782720825274,0.2897196261682243,0.024242424242424242,0.18787878787878787,0.1393939393939394,0.3924050632911392,0.6075949367088608,0.6458333333333334,243.6705882352941,-7.223875980460041,1.0015,141,1,0,7,1,31,48,4,2,0.6666666666666666,BS-H,S6,10,False,BOS,BOS,16,2.648881877490478,38.0,63,12.306773727049446,7.0,3.0,2.0,0.0,4.0,2.0,0.0,0.0,0.6666666666666666,1.3730769215471261
6,25.0,113,32,20,20,10,1,0,15,7,17,18,20,16,2,0,4.8,1.68,7.68,1.6800000000000002,2.4000000000000004,3.5999999999999996,1.5,0.3137254901960784,0.37168141592920356,0.6078431372549019,0.9795245531841055,0.30864197530864196,0.061946902654867256,0.13274336283185842,0.08849557522123894,0.7,0.3,2.3333333333333335,241.3125,5.339024090246875,-0.6193,102,1,0,7,1,42,18,4,0,1.0,EG-H,S6,13,False,LAA,LAA,14,4.73625029854311,25.0,128,16.485484907078487,5.0,2.0,1.0,1.0,1.0,3.0,0.0,0.0,0.25,-0.08827881171785848
13,42.666666666666664,170,33,18,18,17,0,0,38,5,17,19,17,35,11,0,2.53125,1.171875,4.640625,0.703125,2.390625,5.34375,2.235294117647059,0.21568627450980393,0.29411764705882354,0.39869281045751637,0.6928104575163399,0.2545454545454545,0.029411764705882353,0.2235294117647059,0.1,0.46511627906976744,0.5348837209302325,0.8695652173913043,266.60919540229884,-8.036469140207885,0.27069999999999983,153,0,0,9,2,40,46,1,4,0.2,BS-H,S6,37,False,MIA,MIA,16,2.0337502985431097,44.0,68,15.525945587259455,6.0,12.0,5.0,3.0,5.0,3.0,0.0,0.0,0.625,1.4740540958098234
6,20.0,85,25,16,16,6,1,0,11,9,6,14,15,10,3,0,4.8,1.55,7.5,2.7,1.7999999999999998,3.3000000000000003,1.8333333333333333,0.31645569620253167,0.36470588235294116,0.810126582278481,1.174832464631422,0.2711864406779661,0.10588235294117647,0.12941176470588237,0.07058823529411765,0.7045454545454546,0.29545454545454547,2.3846153846153846,254.13636363636363,2.7539080072432913,0.2167000000000001,79,0,0,8,2,31,13,0,4,0.0,TD-H,S6,46,False,CIN,CIN,15,6.74625029854311,19.666666666666668,145,14.680396780834737,3.0,4.0,1.0,0.0,2.0,1.0,1.0,0.0,0.6666666666666666,0.05981279017018828
13,11.666666666666666,52,11,5,5,7,0,0,15,1,7,5,1,8,5,0,2.5714285714285716,1.542857142857143,5.6571428571428575,0.5142857142857142,3.5999999999999996,7.714285714285715,2.142857142857143,0.25,0.34615384615384615,0.38636363636363635,0.7325174825174825,0.3448275862068966,0.019230769230769232,0.28846153846153844,0.1346153846153846,0.35,0.65,0.5384615384615384,236.18867924528303,-1.9147971842358453,-0.25140000000000007,44,1,0,3,0,7,13,1,0,1.0,TT-H,S6,58,False,PIT,PIT,16,1.4391074414002527,13.0,77,5.147268123337936,0.0,12.0,0.0,0.0,0.0,1.0,5.0,0.0,0.0,0.39654544461787755
3,6.666666666666667,36,13,10,10,4,0,0,4,2,6,1,2,10,2,0,9.0,2.55,11.7,1.7999999999999998,3.5999999999999996,3.5999999999999996,1.0,0.41935483870967744,0.4722222222222222,0.8387096774193549,1.310931899641577,0.4230769230769231,0.05555555555555555,0.1111111111111111,0.1111111111111111,0.2,0.8,0.25,191.1578947368421,6.292301651328441,-0.6815000000000001,31,1,0,3,2,3,12,1,1,0.5,POS,S6,59,False,MIL,MIL,5,5.59625029854311,6.333333333333333,296,9.668111333390465,2.0,0.0,0.0,0.0,0.0,1.0,0.0,0.0,0.0,-0.487261585459872
7,32.0,140,36,21,21,17,0,0,19,9,16,20,17,19,12,0,3.9375,1.65625,6.75,1.6875,3.1875,3.5625,1.1176470588235294,0.2975206611570248,0.37857142857142856,0.6363636363636364,1.0149350649350648,0.28421052631578947,0.06428571428571428,0.1357142857142857,0.12142857142857143,0.5974025974025974,0.4025974025974026,1.4838709677419355,242.41843971631207,1.014338376129761,-0.11639999999999995,121,2,0,8,3,46,31,2,0,1.0,NT-H,S6,67,False,DET,DET,15,5.15875029854311,32.333333333333336,97,16.205359039587936,5.0,5.0,3.0,0.0,2.0,3.0,1.0,0.0,0.4,0.450666194448582
9,30.0,128,33,20,20,9,0,1,18,10,10,15,10,32,11,0,4.0,1.4,6.6000000000000005,2.0,1.7999999999999998,3.5999999999999996,2.0,0.2796610169491525,0.328125,0.6779661016949152,1.0060911016949152,0.25274725274725274,0.078125,0.140625,0.0703125,0.37681159420289856,0.6231884057971014,0.6046511627906976,242.12686567164178,2.1314821996463817,-0.35939999999999983,118,1,0,9,4,26,43,4,3,0.5714285714285714,FP-S,S6,74,False,CIN,CIN,16,5.129583631876443,30.333333333333332,130,20.35986656595987,4.0,7.0,2.0,1.0,3.0,1.0,2.0,0.0,0.75,0.2916289522059292
2,6.333333333333333,27,8,5,5,0,0,0,4,3,3,1,3,9,2,0,4.736842105263158,1.2631578947368423,7.578947368421053,2.8421052631578947,0.0,3.7894736842105265,,0.2962962962962963,0.2962962962962963,0.7037037037037037,1.0,0.25,0.1111111111111111,0.14814814814814814,0.0,0.26666666666666666,0.7333333333333333,0.36363636363636365,221.75862068965517,1.4277110277067246,0.12369999999999996,27,0,0,2,0,4,11,2,0,1.0,BS-B,S6,75,False,COL,COL,8,5.9909871406483735,6.333333333333333,160,5.234025920510699,2.0,1.0,1.0,0.0,1.0,1.0,0.0,0.0,0.5,-0.03629466801594341
4,23.0,88,17,7,7,4,0,0,18,5,9,9,9,24,7,0,1.826086956521739,0.9130434782608695,4.434782608695652,1.3043478260869565,1.0434782608695652,4.695652173913044,4.5,0.20481927710843373,0.23863636363636365,0.43373493975903615,0.6723713033953997,0.19672131147540983,0.056818181818181816,0.20454545454545456,0.045454545454545456,0.38,0.62,0.6129032258064516,254.97727272727272,-6.776610169491525,0.9356,83,1,0,2,1,19,31,0,1,0.0,BF-S,S6,76,False,COL,COL,14,2.8788589941952836,23.0,51,6.0,4.0,3.0,3.0,1.0,4.0,0.0,0.0,0.0,1.0,1.0246953228164175
5,23.0,102,27,11,11,10,0,4,27,4,16,10,7,16,5,0,2.869565217391304,1.608695652173913,7.043478260869566,1.0434782608695652,2.608695652173913,7.043478260869566,2.7,0.3,0.3627450980392157,0.5111111111111111,0.8738562091503268,0.3770491803278688,0.0392156862745098,0.2647058823529412,0.09803921568627451,0.5,0.5,1.0,236.27551020408163,-2.7875874254929185,0.1674,90,2,0,7,0,21,21,2,0,1.0,BS-B,S6,92,False,DET,DET,14,2.313641602890936,22.333333333333332,78,8.953786650564055,5.0,2.0,2.0,0.0,2.0,2.0,0.0,0.0,0.5,0.6810030516227127
8,18.666666666666668,95,27,22,22,13,1,1,13,6,8,5,9,21,7,0,7.071428571428571,2.142857142857143,8.678571428571429,1.9285714285714284,4.178571428571429,4.178571428571429,1.0,0.3375,0.42105263157894735,0.7625,1.1835526315789473,0.3333333333333333,0.06315789473684211,0.1368421052631579,0.1368421052631579,0.3333333333333333,0.6666666666666666,0.5,220.9255319148936,11.080499366483632,-0.8851,80,2,0,10,3,14,28,1,1,0.5,FP-B,S6,109,False,HOU,HOU,15,5.97125029854311,19.666666666666668,148,15.075274930593165,5.0,2.0,0.0,0.0,1.0,5.0,0.0,0.0,0.16666666666666666,-0.7334106291780202
7,18.666666666666668,82,26,13,13,5,0,0,14,4,12,11,6,13,7,0,4.178571428571428,1.6607142857142856,8.357142857142858,1.2857142857142856,1.6071428571428572,4.5,2.8,0.34210526315789475,0.3780487804878049,0.631578947368421,1.009627727856226,0.3728813559322034,0.04878048780487805,0.17073170731707318,0.06097560975609756,0.5,0.5,1.0,243.6860465116279,1.4025200535520008,-0.2579000000000003,76,1,0,10,0,20,20,2,2,0.5,BS-B,S6,111,False,HOU,HOU,16,3.1855360128288237,19.666666666666668,115,11.652630809361733,4.0,1.0,0.0,0.0,1.0,1.0,0.0,0.0,0.5,0.18312087056656964
7,29.333333333333332,125,23,17,17,16,0,0,43,7,12,8,7,20,8,0,3.4772727272727275,1.3295454545454546,4.704545454545455,1.4318181818181819,3.2727272727272734,8.795454545454547,2.6875,0.21100917431192662,0.312,0.45871559633027525,0.7707155963302752,0.2711864406779661,0.056,0.344,0.128,0.36363636363636365,0.6363636363636364,0.5714285714285714,246.63846153846154,-1.949387492247215,0.4154000000000001,109,0,0,2,2,16,28,4,1,0.8,TT-H,S6,112,False,HOU,HOU,16,2.9030684803612914,29.333333333333332,77,11.686420702949917,7.0,1.0,1.0,0.0,3.0,2.0,0.0,0.0,0.6,0.6878852064225413
9,30.333333333333332,127,31,14,14,11,3,0,27,6,17,5,13,30,10,0,2.769230769230769,1.3846153846153846,6.131868131868133,1.186813186813187,2.1758241758241756,5.340659340659341,2.4545454545454546,0.2719298245614035,0.33070866141732286,0.5087719298245614,0.8394805912418843,0.30120481927710846,0.047244094488188976,0.2125984251968504,0.08661417322834646,0.36507936507936506,0.6349206349206349,0.575,243.47692307692307,-4.190850837647959,-0.7468,114,2,0,7,1,23,40,5,1,0.8333333333333334,BS-S,S6,127,False,ARI,ARI,16,2.975371177663989,31.333333333333332,77,12.394055413688154,6.0,3.0,2.0,1.0,1.0,2.0,0.0,0.0,0.3333333333333333,0.9199186842777808
7,28.333333333333332,118,26,14,14,9,0,0,24,4,7,14,14,24,7,0,2.9647058823529413,1.2352941176470589,5.5058823529411764,0.8470588235294118,1.9058823529411768,5.08235294117647,2.6666666666666665,0.24074074074074073,0.2966101694915254,0.5370370370370371,0.8336472065285625,0.2716049382716049,0.03389830508474576,0.2033898305084746,0.07627118644067797,0.4918032786885246,0.5081967213114754,0.967741935483871,252.94117647058823,-2.8716566358331157,0.3960999999999999,108,1,0,10,5,30,31,2,0,1.0,TD-H,S6,130,False,KCR,KCR,15,2.1903679456019334,28.666666666666668,68,10.113498698525333,6.0,1.0,1.0,0.0,5.0,1.0,0.0,0.0,0.8333333333333334,0.7525071191780535
8,25.333333333333332,108,22,12,12,18,1,0,17,4,10,9,17,19,6,0,2.8421052631578947,1.5789473684210527,5.210526315789474,0.9473684210526316,4.2631578947368425,4.026315789473684,0.9444444444444444,0.24444444444444444,0.37037037037037035,0.4888888888888889,0.8592592592592592,0.2608695652173913,0.037037037037037035,0.1574074074074074,0.16666666666666666,0.5370370370370371,0.46296296296296297,1.16,252.98214285714286,-3.7776921920696647,0.5986000000000001,90,0,0,6,2,29,25,2,4,0.3333333333333333,NT-S,S6,131,False,NYY,NYY,16,3.9383555617010044,25.333333333333332,109,14.313214241412043,6.0,3.0,1.0,1.0,1.0,2.0,1.0,0.0,0.3333333333333333,0.8036749582258826
6,19.666666666666668,87,20,10,10,10,2,0,15,4,8,9,10,17,6,0,3.0508474576271185,1.5254237288135593,6.101694915254237,1.2203389830508473,3.0508474576271185,4.576271186440678,1.5,0.26666666666666666,0.3448275862068966,0.56,0.9048275862068966,0.27586206896551724,0.04597701149425287,0.1724137931034483,0.11494252873563218,0.4523809523809524,0.5476190476190477,0.8260869565217391,244.91397849462365,-0.8498290194803997,0.1939,75,2,0,6,2,19,23,6,2,0.75,NT-H,S6,133,False,ARI,ARI,11,3.7403180951532793,20.333333333333332,84,8.76920768222372,2.0,2.0,1.0,0.0,1.0,1.0,0.0,0.0,0.5,0.4280736361577224
8,25.666666666666668,111,30,16,16,11,0,0,23,3,17,14,9,21,3,0,3.74025974025974,1.5974025974025974,7.012987012987013,0.7012987012987013,2.571428571428571,5.376623376623376,2.090909090909091,0.30303030303030304,0.36936936936936937,0.5151515151515151,0.8845208845208845,0.36486486486486486,0.02702702702702703,0.2072072072072072,0.0990990990990991,0.52,0.48,1.0833333333333333,246.73949579831933,0.2214656997447007,-0.2779,99,1,0,8,2,26,24,4,4,0.5,BS-H,S6,146,False,LAD,LAD,15,2.109237311530123,25.666666666666668,78,10.350630391506304,6.0,3.0,1.0,1.0,3.0,2.0,0.0,0.0,0.6,0.4155898840171939
8,27.333333333333332,122,29,11,11,19,1,3,22,3,16,18,15,14,5,0,2.4146341463414633,1.7560975609756098,6.365853658536586,0.6585365853658537,4.170731707317073,4.829268292682928,1.1578947368421053,0.28431372549019607,0.39344262295081966,0.47058823529411764,0.8640308582449373,0.3333333333333333,0.02459016393442623,0.18032786885245902,0.1557377049180328,0.6724137931034483,0.3275862068965517,2.0526315789473686,246.61904761904762,-3.6112215786595825,0.5354999999999999,102,1,0,10,0,39,19,6,2,0.75,NT-B,S6,148,False,TEX,TEX,15,2.9986893229333536,27.333333333333332,91,12.852697452382264,8.0,1.0,1.0,0.0,3.0,2.0,0.0,0.0,0.6,0.8422379000910303
10,39.0,158,30,16,16,17,2,0,17,2,16,10,20,22,42,0,2.4615384615384617,1.205128205128205,4.615384615384616,0.3076923076923077,2.6153846153846154,2.6153846153846154,1.0,0.2158273381294964,0.2974683544303797,0.37410071942446044,0.6715690738548401,0.22950819672131148,0.012658227848101266,0.10759493670886076,0.10759493670886076,0.35353535353535354,0.6464646464646465,0.546875,264.61006289308176,-5.417329589222623,0.12439999999999998,139,2,0,8,4,35,64,4,1,0.8,WC-S,S6,149,False,CWS,CWS,16,2.1988144011072124,40.0,66,13.623844782777173,7.0,5.0,3.0,1.0,4.0,3.0,0.0,0.0,0.5714285714285714,1.1648172808203063
1,1.0,3,0,0,0,0,0,0,0,0,0,0,0,2,1,0,0.0,0.0,0.0,0.0,0.0,0.0,,0.0,0.0,0.0,0.0,0.0,0.0,0.0,0.0,0.0,1.0,0.0,285.6666666666667,-0.5989830508474576,0.0038000000000000004,3,0,0,0,0,0,3,0,0,,FP-H,S6,163,False,LAD,LAD,6,1.0962502985431097,1.0,0,0.0,0.0,1.0,0.0,0.0,0.0,0.0,0.0,0.0,0.0,0.07172902005749343
4,4.0,23,8,7,7,3,0,0,6,3,3,2,2,1,1,0,10.5,2.75,12.0,4.5,4.5,9.0,2.0,0.4,0.4782608695652174,1.0,1.4782608695652173,0.45454545454545453,0.13043478260869565,0.2608695652173913,0.13043478260869565,0.6666666666666666,0.3333333333333333,2.0,224.70833333333334,6.670203793567907,-0.6219999999999999,20,0,0,1,1,4,2,1,0,1.0,TT-H,S6,164,False,LAD,LAD,16,10.09625029854311,4.666666666666667,134,3.2288153895858596,2.0,0.0,0.0,0.0,0.0,0.0,0.0,0.0,0.0,-0.5763182312323919
8,12.333333333333334,50,11,9,9,8,0,0,8,2,6,3,7,11,2,0,4.378378378378378,1.5405405405405406,5.351351351351351,0.9729729729729728,3.891891891891891,3.891891891891891,1.0,0.2682926829268293,0.38,0.4878048780487805,0.8678048780487805,0.28125,0.04,0.16,0.16,0.5185185185185185,0.48148148148148145,1.0769230769230769,244.09259259259258,0.43122121837383154,0.14950000000000002,41,1,0,3,0,14,13,2,2,0.5,NT-B,S6,165,False,LAD,LAD,16,3.8530070552998663,14.666666666666666,119,9.0,1.0,7.0,1.0,0.0,1.0,1.0,4.0,0.0,0.5,0.15405646104174472
8,25.666666666666668,104,24,14,14,7,0,1,17,8,9,14,15,21,6,0,3.2727272727272725,1.2077922077922076,5.6103896103896105,1.87012987012987,1.6363636363636362,3.974025974025974,2.4285714285714284,0.25,0.2980769230769231,0.5833333333333334,0.8814102564102564,0.2222222222222222,0.07692307692307693,0.16346153846153846,0.0673076923076923,0.5344827586206896,0.46551724137931033,1.1481481481481481,266.04672897196264,-0.5715686126756541,-0.4158000000000002,96,1,0,6,1,31,27,4,2,0.6666666666666666,FP-S,S6,166,False,SFG,SFG,14,4.641704843997655,26.333333333333332,94,12.817480534808974,5.0,3.0,2.0,0.0,1.0,5.0,0.0,0.0,0.16666666666666666,0.4672883136561515
8,20.333333333333332,95,25,14,14,9,0,0,18,2,8,9,6,16,12,0,4.131147540983607,1.6721311475409837,7.3770491803278695,0.5901639344262296,2.655737704918033,5.311475409836066,2.0,0.29069767441860467,0.35789473684210527,0.5581395348837209,0.9160342717258262,0.3484848484848485,0.021052631578947368,0.18947368421052632,0.09473684210526316,0.3488372093023256,0.6511627906976745,0.5357142857142857,236.85,0.9003685505040622,-0.20640000000000014,86,0,0,13,2,15,28,5,0,1.0,NH-S,S6,182,False,MIA,MIA,15,1.9323158723136016,21.333333333333332,107,11.787518556616757,5.0,1.0,0.0,0.0,0.0,1.0,0.0,0.0,0.0,0.28460245241993676
6,16.666666666666668,82,24,18,18,13,0,0,15,9,11,8,9,10,3,0,6.4799999999999995,2.2199999999999998,8.64,3.2399999999999993,4.68,5.3999999999999995,1.1538461538461537,0.3582089552238806,0.45121951219512196,0.8208955223880597,1.2721150345831818,0.3333333333333333,0.10975609756097561,0.18292682926829268,0.15853658536585366,0.6176470588235294,0.38235294117647056,1.6153846153846154,220.53571428571428,8.214283691652785,-0.6651,67,2,0,4,0,21,13,3,1,0.75,NT-H,S6,193,False,NYY,NYY,9,8.65625029854311,17.666666666666668,105,9.541191613985712,3.0,1.0,0.0,0.0,2.0,3.0,0.0,0.0,0.4,-0.49805549324350873
11,22.666666666666668,100,25,11,11,8,0,1,14,3,12,4,10,16,23,0,2.911764705882353,1.4558823529411764,6.617647058823529,0.7941176470588236,2.117647058823529,3.7058823529411757,1.75,0.2717391304347826,0.33,0.5,0.8300000000000001,0.29333333333333333,0.03,0.14,0.08,0.2777777777777778,0.7222222222222222,0.38461538461538464,238.96875,-0.9664807824956034,-0.5279999999999999,92,0,0,8,2,15,39,2,0,1.0,WC-B,S6,196,False,LAA,LAA,15,2.640367945601933,25.0,62,8.0,1.0,10.0,1.0,0.0,1.0,2.0,1.0,0.0,0.3333333333333333,0.4910052440078161
8,33.0,140,35,20,20,12,1,0,18,11,15,14,16,32,12,0,3.6363636363636362,1.4242424242424243,6.363636363636363,2.0,2.1818181818181817,3.2727272727272725,1.5,0.2777777777777778,0.3357142857142857,0.6349206349206349,0.9706349206349205,0.24242424242424243,0.07857142857142857,0.12857142857142856,0.08571428571428572,0.4358974358974359,0.5641025641025641,0.7727272727272727,234.91608391608392,-0.7378730430828453,0.22760000000000002,126,2,0,6,3,34,44,2,2,0.5,EN-S,S6,198,False,STL,STL,16,5.429583631876443,33.0,125,21.276288920823262,5.0,5.0,2.0,0.0,2.0,2.0,0.0,0.0,0.5,0.6258873363698426
10,33.666666666666664,140,29,22,22,11,0,0,38,11,12,17,11,27,7,0,3.920792079207921,1.1881188118811883,5.168316831683169,1.9603960396039604,1.9603960396039604,6.772277227722773,3.4545454545454546,0.2248062015503876,0.2857142857142857,0.5426356589147286,0.8283499446290143,0.225,0.07857142857142857,0.2714285714285714,0.07857142857142857,0.4603174603174603,0.5396825396825397,0.8529411764705882,260.87857142857143,1.402358661093987,-0.43530000000000013,129,0,0,4,2,29,34,0,0,,BS-B,S6,212,False,CLE,CLE,16,4.066547328246081,35.0,117,21.138807715885356,8.0,4.0,2.0,1.0,2.0,5.0,0.0,0.0,0.2857142857142857,0.4118641659521594
9,13.0,47,7,0,0,3,0,0,8,0,3,3,4,6,15,0,0.0,0.7692307692307693,3.230769230769231,0.0,1.3846153846153846,3.6923076923076925,2.6666666666666665,0.1590909090909091,0.2127659574468085,0.2727272727272727,0.4854932301740812,0.19444444444444445,0.0,0.1702127659574468,0.06382978723404255,0.3,0.7,0.42857142857142855,278.5869565217391,-8.931843985588992,0.9035000000000002,44,0,0,3,1,9,21,0,0,,WC-S,S6,217,False,MIL,MIL,16,0.5577887600815713,15.0,5,0.41860488885103475,0.0,9.0,0.0,0.0,0.0,1.0,4.0,0.0,0.0,1.0785322664652794
4,7.333333333333333,37,11,8,8,5,0,0,4,0,4,2,2,3,10,0,6.545454545454546,2.181818181818182,9.0,0.0,4.090909090909092,3.2727272727272734,0.8,0.3548387096774194,0.43243243243243246,0.6129032258064516,1.045335658238884,0.39285714285714285,0.0,0.10810810810810811,0.13513513513513514,0.2777777777777778,0.7222222222222222,0.38461538461538464,233.3783783783784,2.4491238114139184,-0.7247000000000001,31,1,0,6,1,5,13,0,0,,WC-S,S6,218,False,SEA,SEA,16,2.0507957530885643,8.333333333333334,61,2.6413444254182528,2.0,1.0,0.0,0.0,0.0,2.0,0.0,0.0,0.0,-0.0990002298108372
10,11.666666666666666,53,18,6,6,4,0,0,7,1,9,10,8,6,0,0,3.085714285714286,1.885714285714286,9.257142857142858,0.5142857142857142,2.057142857142857,3.5999999999999996,1.75,0.3673469387755102,0.41509433962264153,0.5918367346938775,1.006931074316519,0.4146341463414634,0.018867924528301886,0.1320754716981132,0.07547169811320754,0.7857142857142857,0.21428571428571427,3.6666666666666665,234.0185185185185,1.7483624564122833,-0.056299999999999975,49,0,0,8,0,22,6,1,0,1.0,EG-B,S6,219,False,ATL,ATL,16,2.039107441400253,16.333333333333332,74,6.276288920823262,0.0,6.0,0.0,0.0,1.0,0.0,3.0,0.0,1.0,0.03417305221064724
3,3.6666666666666665,16,3,0,0,4,1,0,2,0,2,1,1,2,3,0,0.0,1.9090909090909092,4.909090909090909,0.0,6.545454545454547,3.2727272727272734,0.5,0.25,0.4375,0.3333333333333333,0.7708333333333333,0.3,0.0,0.125,0.25,0.375,0.625,0.6,268.5882352941176,-2.0136143464290437,0.27140000000000003,12,0,0,1,0,3,5,1,1,0.5,NH-H,S6,227,False,SEA,SEA,11,3.278068480361292,4.0,60,1.234025920510699,0.0,0.0,0.0,0.0,1.0,0.0,0.0,1.0,1.0,0.2644585811642253
12,20.666666666666668,96,37,22,22,7,3,1,5,6,15,14,14,14,5,0,6.387096774193548,2.129032258064516,10.741935483870968,1.7419354838709675,2.032258064516129,1.4516129032258063,0.7142857142857143,0.43023255813953487,0.4583333333333333,0.8604651162790697,1.318798449612403,0.3974358974358974,0.0625,0.052083333333333336,0.07291666666666667,0.6415094339622641,0.3584905660377358,1.7894736842105263,226.3298969072165,9.395330512392647,-0.5574000000000002,86,3,0,13,3,34,19,1,4,0.2,EG-S,S6,233,False,SFG,SFG,15,5.402701911446336,20.333333333333332,211,22.205639743586737,4.0,6.0,1.0,0.0,1.0,5.0,3.0,0.0,0.16666666666666666,-0.5609501721113391
5,24.333333333333332,103,30,12,12,3,0,0,11,1,16,17,12,23,7,0,2.9589041095890414,1.356164383561644,7.397260273972603,0.24657534246575347,0.7397260273972603,2.712328767123288,3.6666666666666665,0.30612244897959184,0.32038834951456313,0.5102040816326531,0.8305924311472161,0.32954545454545453,0.009708737864077669,0.10679611650485436,0.02912621359223301,0.5161290322580645,0.4838709677419355,1.0666666666666667,247.75,-3.2870762711864403,0.13700000000000007,98,2,0,9,4,32,30,5,0,1.0,TD-H,S6,235,False,NYM,NYM,13,1.0962502985431097,24.666666666666668,65,8.276288920823262,5.0,2.0,2.0,0.0,1.0,3.0,0.0,0.0,0.25,0.7348955078496474
13,25.333333333333332,102,18,6,6,12,0,0,24,0,12,8,7,25,8,0,1.4210526315789473,1.1842105263157896,4.2631578947368425,0.0,2.8421052631578947,5.684210526315789,2.0,0.20454545454545456,0.29411764705882354,0.3068181818181818,0.6009358288770054,0.2727272727272727,0.0,0.23529411764705882,0.11764705882352941,0.36538461538461536,0.6346153846153846,0.5757575757575758,252.13725490196077,-8.058677494605554,0.38739999999999997,88,2,0,3,3,19,33,1,0,1.0,BS-B,S6,258,False,HOU,HOU,16,0.6225660880167939,26.666666666666668,24,3.274737866106055,0.0,12.0,0.0,0.0,2.0,1.0,4.0,0.0,0.6666666666666666,1.2081120585339762
1,0.6666666666666666,5,3,2,2,0,0,0,1,0,1,1,0,0,0,0,18.0,4.5,27.0,0.0,0.0,9.0,,0.6,0.6,1.2,1.7999999999999998,0.75,0.0,0.2,0.0,1.0,0.0,,164.0,3.6186440677966103,-0.2859,5,0,0,1,1,1,0,0,0,,EG-S,S6,262,False,MIA,MIA,6,-1.9037497014568903,1.0,387,2.0,0.0,1.0,0.0,0.0,0.0,0.0,0.0,0.0,0.0,-0.34214654849174825
10,36.0,140,30,11,11,14,2,0,17,4,12,33,29,13,4,0,1.8333333333333333,1.2222222222222223,5.0,0.6666666666666666,2.3333333333333335,2.833333333333333,1.2142857142857142,0.24,0.3142857142857143,0.456,0.7702857142857142,0.24761904761904763,0.02857142857142857,0.12142857142857143,0.1,0.8111111111111111,0.18888888888888888,4.294117647058823,275.86861313868616,-7.682708006045168,0.5139999999999999,125,1,0,13,1,73,17,1,1,0.5,EG-H,S6,265,False,MIN,MIN,16,2.7629169652097767,37.666666666666664,46,9.02066833635244,5.0,6.0,4.0,0.0,4.0,3.0,1.0,0.0,0.5714285714285714,1.3203708326660748
3,12.0,51,12,7,7,3,0,0,13,3,4,4,8,6,5,0,3.5,1.25,6.0,1.5,1.5,6.5,4.333333333333333,0.25,0.29411764705882354,0.5833333333333334,0.8774509803921569,0.28125,0.058823529411764705,0.2549019607843137,0.058823529411764705,0.5217391304347826,0.4782608695652174,1.0909090909090908,246.33962264150944,-0.015518663949500189,-0.14300000000000002,48,0,0,3,2,12,11,2,0,1.0,POS,S6,268,False,OAK,OAK,7,2.9295836318764428,12.0,116,7.172277946219991,3.0,1.0,1.0,0.0,1.0,1.0,0.0,0.0,0.5,0.20267402093166043
7,29.0,120,31,17,17,9,1,0,26,5,17,11,16,20,7,0,3.5172413793103448,1.3793103448275863,6.413793103448276,1.0344827586206897,1.8620689655172415,5.379310344827586,2.888888888888889,0.27927927927927926,0.3333333333333333,0.4954954954954955,0.8288288288288288,0.325,0.041666666666666664,0.21666666666666667,0.075,0.5423728813559322,0.4576271186440678,1.1851851851851851,255.57142857142858,-0.6556191923196937,0.7762000000000002,111,0,0,9,0,32,27,5,2,0.7142857142857143,BS-B,S6,270,False,TBR,TBR,15,2.475560643370696,29.666666666666668,89,13.621489961367418,5.0,3.0,2.0,1.0,2.0,2.0,0.0,0.0,0.5,0.5387905181418763
1,5.666666666666667,27,11,6,6,1,0,0,2,2,7,0,7,5,1,0,6.352941176470588,2.1176470588235294,11.647058823529411,2.117647058823529,1.0588235294117645,2.117647058823529,2.0,0.4230769230769231,0.4444444444444444,0.7307692307692307,1.175213675213675,0.4090909090909091,0.07407407407407407,0.07407407407407407,0.037037037037037035,0.5384615384615384,0.46153846153846156,1.1666666666666667,222.05714285714285,2.3844923621237837,-0.0476,26,0,0,2,0,7,6,6,2,0.75,POS,S6,273,False,COL,COL,8,5.508015004425462,5.333333333333333,271,7.46084029102998,0.0,1.0,0.0,0.0,0.0,0.0,0.0,0.0,0.0,-0.1319728014576493
9,28.333333333333332,123,24,18,18,16,0,1,46,7,9,8,11,9,9,0,3.811764705882353,1.411764705882353,5.08235294117647,1.4823529411764707,3.388235294117647,9.741176470588236,2.875,0.22429906542056074,0.3252032520325203,0.5046728971962616,0.829876149228782,0.3148148148148148,0.056910569105691054,0.37398373983739835,0.13008130081300814,0.5384615384615384,0.46153846153846156,1.1666666666666667,263.327868852459,0.9363641582879332,-0.4092000000000003,107,0,0,7,1,21,18,1,0,1.0,TT-S,S6,275,False,CWS,CWS,16,2.7550738279548748,29.333333333333332,83,12.602063447501404,5.0,5.0,2.0,0.0,2.0,4.0,2.0,0.0,0.3333333333333333,0.39142289805386127
8,20.666666666666668,84,20,6,6,8,0,1,6,5,12,10,10,12,18,0,1.7419354838709677,1.3548387096774193,5.806451612903225,1.4516129032258063,2.32258064516129,1.7419354838709675,0.75,0.2631578947368421,0.3333333333333333,0.5,0.8333333333333333,0.23076923076923078,0.05952380952380952,0.07142857142857142,0.09523809523809523,0.4642857142857143,0.5357142857142857,0.8666666666666667,261.26190476190476,-5.74572039862094,0.425,76,0,0,3,0,26,30,1,0,1.0,WC-B,S6,282,False,PHI,PHI,16,4.822056750156013,22.0,61,6.946619339941385,6.0,1.0,0.0,0.0,4.0,1.0,0.0,0.0,0.8,0.9058320590990288
6,23.0,95,22,15,15,6,0,1,27,9,7,10,12,13,5,0,3.9130434782608696,1.2173913043478262,5.739130434782609,2.347826086956522,1.5652173913043477,7.043478260869566,4.5,0.24719101123595505,0.29473684210526313,0.6179775280898876,0.9127143701951508,0.24528301886792453,0.09473684210526316,0.28421052631578947,0.06315789473684211,0.5609756097560976,0.43902439024390244,1.2777777777777777,259.3229166666667,0.5972855657497192,-0.2529999999999999,89,0,0,6,0,23,18,2,1,0.6666666666666666,TT-H,S6,284,False,MIL,MIL,14,4.617989428977893,23.666666666666668,112,13.647420278436895,5.0,1.0,0.0,0.0,3.0,2.0,0.0,0.0,0.6,0.31491075089537107
3,11.0,41,7,5,5,5,0,1,5,2,4,4,7,10,3,0,2.727272727272727,1.0909090909090908,3.8181818181818183,1.0909090909090908,2.727272727272727,2.727272727272727,1.0,0.19444444444444445,0.2926829268292683,0.3888888888888889,0.6815718157181572,0.1724137931034483,0.04878048780487805,0.12195121951219512,0.12195121951219512,0.5185185185185185,0.48148148148148145,1.0769230769230769,283.9268292682927,-1.863551425428089,0.37279999999999996,36,0,0,1,0,14,13,0,1,0.0,BS-H,S6,296,False,ATL,ATL,7,3.914432116724928,11.333333333333334,88,5.175315195753152,1.0,2.0,0.0,0.0,1.0,1.0,0.0,0.0,0.5,0.3480415805036937
11,20.333333333333332,87,22,13,13,5,0,0,9,5,6,4,9,9,29,0,3.836065573770492,1.3278688524590165,6.491803278688526,1.4754098360655739,1.4754098360655739,2.655737704918033,1.8,0.2682926829268293,0.3103448275862069,0.5975609756097561,0.907905803195963,0.25,0.05747126436781609,0.10344827586206896,0.05747126436781609,0.2692307692307692,0.7307692307692307,0.3684210526315789,250.24719101123594,0.15372194378835857,-0.5184,82,0,0,10,1,14,38,2,0,1.0,WC-H,S6,304,False,TOR,TOR,15,4.1454306264119625,22.0,108,12.30093353687177,3.0,7.0,0.0,0.0,1.0,3.0,1.0,0.0,0.25,0.32771853983084664
2,2.6666666666666665,10,0,0,0,2,0,0,3,0,0,2,0,1,2,0,0.0,0.75,0.0,0.0,4.5,6.75,1.5,0.0,0.2,0.0,0.2,0.0,0.0,0.3,0.2,0.4,0.6,0.6666666666666666,305.3,-1.7318006881610803,0.0669,7,1,0,0,0,2,3,0,0,,FP-S,S6,305,False,PIT,PIT,14,1.0962502985431097,3.0,0,0.0,0.0,1.0,0.0,0.0,1.0,0.0,0.0,0.0,1.0,0.21261578539193363
6,26.0,114,31,17,17,8,0,0,38,10,13,4,9,21,3,0,3.923076923076923,1.5,7.153846153846153,2.307692307692308,1.8461538461538463,8.769230769230768,4.75,0.29245283018867924,0.34210526315789475,0.6698113207547169,1.0119165839126116,0.3620689655172414,0.08771929824561403,0.3333333333333333,0.07017543859649122,0.4,0.6,0.6666666666666666,227.5391304347826,1.4264406779661014,-0.4288999999999999,106,0,0,6,2,16,24,2,0,1.0,BS-H,S6,321,False,CIN,CIN,16,4.09625029854311,26.0,112,15.0,5.0,4.0,3.0,0.0,2.0,3.0,0.0,0.0,0.4,0.3069231011678014
8,27.333333333333332,120,36,19,19,9,3,0,15,5,19,12,10,14,24,0,4.170731707317073,1.6463414634146343,7.902439024390244,1.0975609756097562,1.975609756097561,3.2926829268292686,1.6666666666666667,0.32432432432432434,0.375,0.5765765765765766,0.9515765765765766,0.34065934065934067,0.041666666666666664,0.125,0.075,0.42424242424242425,0.5757575757575758,0.7368421052631579,242.5084745762712,1.3971065267652576,-0.5828999999999998,111,0,0,11,1,28,38,1,1,0.5,WC-H,S6,326,False,SDP,SDP,14,3.3645429814699392,27.666666666666668,101,14.378915904966156,6.0,2.0,1.0,1.0,1.0,4.0,0.0,0.0,0.2,0.33351794623338116
1,5.666666666666667,24,5,4,4,3,0,0,5,2,2,4,1,3,3,0,4.235294117647059,1.4117647058823528,5.294117647058823,2.117647058823529,3.1764705882352944,5.294117647058823,1.6666666666666667,0.23809523809523808,0.3333333333333333,0.5714285714285714,0.9047619047619047,0.21428571428571427,0.08333333333333333,0.20833333333333334,0.125,0.5,0.5,1.0,257.60869565217394,0.6185182826344828,-0.03350000000000001,21,0,0,1,0,6,6,0,0,,NH-S,S6,331,False,SDP,SDP,16,5.508015004425462,6.0,129,4.0,0.0,1.0,0.0,0.0,0.0,0.0,0.0,0.0,0.0,0.032793891518533104
12,34.666666666666664,150,35,20,20,16,0,0,17,5,14,11,14,36,21,0,3.4615384615384617,1.4711538461538463,6.0576923076923075,0.8653846153846154,2.769230769230769,2.9423076923076925,1.0625,0.2631578947368421,0.34,0.5263157894736842,0.8663157894736842,0.26785714285714285,0.03333333333333333,0.11333333333333333,0.10666666666666667,0.32941176470588235,0.6705882352941176,0.49122807017543857,245.0653594771242,-0.04531703310190682,-0.2604999999999999,133,1,0,12,4,28,57,3,2,0.6,FP-S,S6,336,False,SEA,SEA,16,3.375096452389264,35.333333333333336,112,20.43176025668977,10.0,2.0,1.0,0.0,3.0,2.0,0.0,1.0,0.6,0.5960674519475744
9,30.0,125,28,17,17,15,0,0,30,7,13,7,15,21,9,0,3.4,1.4333333333333333,5.6,1.4,3.0,6.0,2.0,0.2545454545454545,0.344,0.5272727272727272,0.8712727272727272,0.2876712328767123,0.056,0.24,0.12,0.47368421052631576,0.5263157894736842,0.9,255.11194029850745,-1.317569030310528,-0.31510000000000005,110,0,0,7,1,27,30,6,3,0.6666666666666666,BS-H,S6,337,False,2TM,SEA,15,3.629583631876443,30.0,90,13.868630352576623,7.0,1.0,1.0,1.0,3.0,4.0,0.0,0.0,0.42857142857142855,0.6247033602288725
3,7.666666666666667,37,9,7,7,6,0,0,7,3,5,2,3,10,0,0,5.478260869565217,1.9565217391304348,7.0434782608695645,2.3478260869565215,4.695652173913043,5.478260869565217,1.1666666666666667,0.2903225806451613,0.40540540540540543,0.6129032258064516,1.018308631211857,0.2857142857142857,0.08108108108108109,0.1891891891891892,0.16216216216216217,0.3333333333333333,0.6666666666666666,0.5,223.53846153846155,2.65581001182499,-0.4783000000000001,31,0,0,1,0,5,10,1,1,0.5,BS-H,S6,337,True,ATL,ATL,5,6.704945950717023,8.0,101,4.175315195753152,3.0,0.0,0.0,0.0,0.0,2.0,0.0,0.0,0.0,-0.11966884985194437
6,22.333333333333332,88,19,10,10,9,0,0,23,4,8,5,12,11,9,0,2.6865671641791047,1.2537313432835822,5.104477611940299,1.0746268656716418,2.417910447761194,6.179104477611941,2.5555555555555554,0.24050632911392406,0.3181818181818182,0.4936708860759494,0.8118527042577676,0.28846153846153844,0.045454545454545456,0.26136363636363635,0.10227272727272728,0.5238095238095238,0.47619047619047616,1.1,268.0736842105263,-3.9733790421355186,0.16320000000000004,79,0,0,6,1,22,20,5,2,0.7142857142857143,BS-H,S6,337,True,SEA,SEA,15,2.5738622388416172,22.0,85,9.69331515682347,4.0,1.0,1.0,1.0,3.0,2.0,0.0,0.0,0.6,0.744372210080817
1,0.6666666666666666,2,0,0,0,0,0,0,1,0,0,0,0,1,0,0,0.0,0.0,0.0,0.0,0.0,9.0,,0.0,0.0,0.0,0.0,0.0,0.0,0.5,0.0,0.0,1.0,0.0,300.5,-0.6875,0.0009,2,0,0,0,0,0,1,0,0,,POS,S6,349,False,TBR,TBR,9,-1.9037497014568903,1.0,0,0.0,0.0,1.0,0.0,0.0,0.0,0.0,0.0,0.0,0.0,0.07663714331516511
8,21.666666666666668,96,24,11,11,12,1,0,17,3,9,13,10,15,4,0,3.046153846153846,1.6615384615384614,6.646153846153846,0.8307692307692307,3.323076923076923,4.707692307692308,1.4166666666666667,0.2962962962962963,0.375,0.5679012345679012,0.9429012345679012,0.328125,0.03125,0.17708333333333334,0.125,0.5869565217391305,0.41304347826086957,1.4210526315789473,237.42857142857142,-1.9493663230607494,-0.7786999999999997,81,3,0,11,1,27,19,3,1,0.75,NT-H,S6,355,False,STL,STL,16,2.988557990850802,22.0,110,12.52886521442496,4.0,5.0,1.0,1.0,1.0,3.0,1.0,0.0,0.25,0.5735195114340005
16,43.333333333333336,171,28,19,19,22,1,1,26,8,7,16,24,46,8,0,2.6307692307692307,1.1538461538461537,3.8769230769230765,1.1076923076923075,3.046153846153846,3.5999999999999996,1.1818181818181819,0.18791946308724833,0.29239766081871343,0.44966442953020136,0.7420620903489148,0.17391304347826086,0.04678362573099415,0.15204678362573099,0.1286549707602339,0.47058823529411764,0.5294117647058824,0.8888888888888888,251.51149425287358,-6.529479038321316,0.9472999999999996,149,0,0,11,2,48,54,5,1,0.8333333333333334,FP-S,S6,361,False,PIT,PIT,16,3.8193272216200325,45.333333333333336,72,16.88819643633203,6.0,3.0,1.0,1.0,4.0,4.0,0.0,2.0,0.5,1.327298657278749
7,20.0,88,21,11,11,12,0,2,15,3,9,9,10,17,4,0,3.3,1.65,6.300000000000001,0.8999999999999999,3.5999999999999996,4.5,1.25,0.28,0.375,0.56,0.935,0.3103448275862069,0.03409090909090909,0.17045454545454544,0.13636363636363635,0.5333333333333333,0.4666666666666667,1.1428571428571428,236.3793103448276,1.2133027907201306,-0.5007,75,1,0,6,3,24,21,4,0,1.0,BB-S,S6,373,False,MIL,MIL,16,3.3462502985431097,21.0,112,12.19977279381704,5.0,0.0,0.0,0.0,1.0,1.0,0.0,0.0,0.5,0.22570402679525206
2,14.0,56,12,6,6,6,0,0,16,1,4,5,5,8,4,0,2.5714285714285716,1.2857142857142858,5.142857142857142,0.42857142857142855,2.571428571428571,6.857142857142857,2.6666666666666665,0.24,0.32142857142857145,0.46,0.7814285714285715,0.3333333333333333,0.017857142857142856,0.2857142857142857,0.10714285714285714,0.5,0.5,1.0,259.2456140350877,-3.144778489261922,0.09660000000000002,50,0,0,6,1,12,12,0,2,0.0,BS-H,S6,375,False,LAA,LAA,16,1.0248217271145383,13.333333333333334,84,5.777378643254556,2.0,2.0,2.0,0.0,1.0,1.0,0.0,0.0,0.5,0.5353178617508154
10,36.0,153,41,16,16,14,1,2,23,2,21,17,18,29,11,0,2.6666666666666665,1.5277777777777777,6.833333333333333,0.3333333333333333,2.3333333333333335,3.833333333333333,1.6428571428571428,0.29927007299270075,0.35947712418300654,0.5109489051094891,0.8704260292924957,0.34210526315789475,0.013071895424836602,0.1503267973856209,0.0915032679738562,0.5121951219512195,0.4878048780487805,1.05,249.4025974025974,-7.100355434672563,0.3314999999999997,137,2,0,13,5,42,40,2,3,0.4,NH-H,S6,390,False,MTL,MTL,16,1.707361409654221,35.666666666666664,83,15.352452160120649,5.0,6.0,2.0,2.0,3.0,2.0,1.0,0.0,0.6,1.3134020070773877
5,15.333333333333334,75,19,15,15,13,0,3,19,5,8,7,7,8,2,0,5.869565217391304,2.0869565217391304,7.434782608695652,1.9565217391304348,5.086956521739131,7.434782608695652,1.4615384615384615,0.3064516129032258,0.4266666666666667,0.6451612903225806,1.0718279569892473,0.3684210526315789,0.06666666666666667,0.25333333333333335,0.17333333333333334,0.6,0.4,1.5,241.07692307692307,4.576469609627937,-0.39379999999999993,62,0,0,6,0,15,10,4,2,0.6666666666666666,BS-S,S6,391,False,MTL,MTL,14,5.400598124630066,15.333333333333334,182,14.432425299850903,5.0,2.0,2.0,0.0,2.0,3.0,0.0,0.0,0.4,-0.16187908664410186
3,3.3333333333333335,20,7,6,6,3,0,0,2,1,5,1,2,2,3,0,10.799999999999999,3.0,12.600000000000001,1.7999999999999998,5.3999999999999995,3.5999999999999996,0.6666666666666666,0.4375,0.5,0.6875,1.1875,0.42857142857142855,0.05,0.1,0.15,0.375,0.625,0.6,225.05,4.378067798378193,-0.015500000000000009,16,1,0,1,0,3,5,0,0,,SF-S,S6,392,False,MTL,MTL,16,6.496250298543109,4.0,289,5.964653312788906,0.0,2.0,0.0,0.0,0.0,0.0,1.0,0.0,0.0,-0.3589353466861681
9,30.333333333333332,129,38,20,20,9,0,0,13,5,18,16,20,19,14,0,3.956043956043956,1.5494505494505495,7.516483516483516,0.989010989010989,1.7802197802197801,2.5714285714285716,1.4444444444444444,0.31932773109243695,0.3643410852713178,0.5882352941176471,0.9525763793889649,0.3235294117647059,0.03875968992248062,0.10077519379844961,0.06976744186046512,0.5540540540540541,0.44594594594594594,1.2424242424242424,247.09022556390977,1.5174069095937686,0.09370000000000023,119,1,0,13,2,41,33,0,4,0.0,EG-B,S6,394,False,TOR,TOR,16,3.272074474367286,30.333333333333332,103,16.168299998962993,5.0,4.0,1.0,0.0,3.0,2.0,1.0,0.0,0.6,0.3569800528687731
8,30.333333333333332,123,33,15,15,7,0,0,10,4,15,13,11,17,32,0,2.967032967032967,1.3186813186813187,6.527472527472528,0.7912087912087913,1.3846153846153846,1.978021978021978,1.4285714285714286,0.28448275862068967,0.3252032520325203,0.5086206896551724,0.8338239416876927,0.28431372549019607,0.032520325203252036,0.08130081300813008,0.056910569105691054,0.36363636363636365,0.6363636363636364,0.5714285714285714,258.94736842105266,-2.656332919145121,0.039200000000000124,116,0,0,14,0,28,49,6,4,0.6,WC-H,S6,395,False,TOR,TOR,14,2.843503045795857,29.666666666666668,85,13.067607794702365,5.0,5.0,3.0,0.0,2.0,4.0,1.0,0.0,0.3333333333333333,0.7506926057971667
11,18.333333333333332,78,23,11,11,5,0,0,11,1,9,13,7,10,8,0,3.6,1.5272727272727273,7.527272727272727,0.32727272727272727,1.6363636363636367,3.6000000000000005,2.2,0.3194444444444444,0.358974358974359,0.625,0.983974358974359,0.36065573770491804,0.01282051282051282,0.14102564102564102,0.0641025641025641,0.5813953488372093,0.4186046511627907,1.3888888888888888,240.37974683544303,1.096944738218705,-0.6729999999999998,72,1,0,7,6,25,18,2,0,1.0,TD-S,S6,413,False,CLE,CLE,16,1.423523025815837,20.666666666666668,97,10.36757446338663,0.0,9.0,0.0,0.0,2.0,1.0,0.0,0.0,0.6666666666666666,0.19790411546956901
8,12.333333333333334,52,12,5,5,5,0,0,9,1,7,9,7,6,4,0,2.4324324324324325,1.3783783783783783,5.837837837837838,0.4864864864864864,2.4324324324324325,4.378378378378378,1.8,0.2553191489361702,0.3269230769230769,0.425531914893617,0.752454991816694,0.2972972972972973,0.019230769230769232,0.17307692307692307,0.09615384615384616,0.6428571428571429,0.35714285714285715,1.8,258.6666666666667,-3.9867054298940157,0.7725000000000001,47,0,0,3,1,18,10,2,0,1.0,NT-B,S6,471,False,BOS,BOS,16,1.9070611093539205,14.666666666666666,75,5.695285544338992,0.0,6.0,0.0,0.0,1.0,2.0,2.0,0.0,0.3333333333333333,0.6037362691836946
9,24.0,110,30,12,12,12,2,0,12,4,11,7,7,16,26,0,3.0,1.75,7.5,1.0,3.0,3.0,1.0,0.3125,0.38181818181818183,0.625,1.0068181818181818,0.3170731707317073,0.03636363636363636,0.10909090909090909,0.10909090909090909,0.288135593220339,0.711864406779661,0.40476190476190477,238.40366972477065,-2.235398816119405,0.011900000000000022,96,2,0,12,3,17,42,0,1,0.0,WC-S,S6,478,False,LAD,LAD,16,3.7629169652097763,25.0,80,10.341307217466714,3.0,3.0,0.0,0.0,2.0,3.0,1.0,1.0,0.4,0.6573327639460218
10,32.666666666666664,133,31,12,12,14,0,0,28,2,19,10,10,22,17,0,2.2040816326530615,1.3775510204081634,5.6938775510204085,0.3673469387755102,2.5714285714285716,5.142857142857143,2.0,0.2627118644067797,0.3383458646616541,0.4152542372881356,0.7536001019497898,0.3258426966292135,0.015037593984962405,0.21052631578947367,0.10526315789473684,0.4,0.6,0.6666666666666666,253.32116788321167,-8.431062786617353,1.2768000000000002,118,1,0,8,2,26,39,2,4,0.3333333333333333,NH-H,S6,481,False,BAL,BAL,16,1.46359723731862,31.333333333333332,77,12.392243663608872,5.0,4.0,0.0,0.0,6.0,1.0,2.0,0.0,0.8571428571428571,1.3676013091202155
8,13.0,60,14,7,7,9,1,0,12,1,7,5,5,10,5,0,3.230769230769231,1.7692307692307692,6.461538461538462,0.46153846153846156,4.153846153846153,5.538461538461538,1.3333333333333333,0.28,0.38333333333333336,0.48,0.8633333333333333,0.34210526315789475,0.016666666666666666,0.2,0.15,0.4444444444444444,0.5555555555555556,0.8,244.66101694915255,-0.8608461241451785,-1.1262999999999999,50,1,0,5,1,12,15,1,0,1.0,NH-H,S6,517,False,NYM,NYM,16,2.3270195293123406,14.333333333333334,70,5.147268123337936,1.0,8.0,1.0,0.0,1.0,2.0,4.0,0.0,0.3333333333333333,0.3226989118694713
7,12.333333333333334,55,14,6,6,6,1,0,5,2,7,8,5,14,3,0,2.918918918918919,1.6216216216216215,6.8108108108108105,0.9729729729729728,2.918918918918919,2.4324324324324325,0.8333333333333334,0.2857142857142857,0.36363636363636365,0.5306122448979592,0.8942486085343229,0.2857142857142857,0.03636363636363636,0.09090909090909091,0.10909090909090909,0.45161290322580644,0.5483870967741935,0.8235294117647058,245.1818181818182,-2.4742318611934193,0.2654999999999999,49,0,0,4,1,14,17,0,1,0.0,FP-S,S6,518,False,MIN,MIN,12,3.8530070552998663,13.333333333333334,107,7.359866565959869,1.0,6.0,0.0,0.0,1.0,1.0,1.0,0.0,0.5,0.46431962728638254
5,27.333333333333332,112,24,14,14,12,0,1,37,8,9,6,16,13,4,0,3.073170731707317,1.3170731707317074,5.2682926829268295,1.75609756097561,2.6341463414634148,8.121951219512196,3.0833333333333335,0.24,0.32142857142857145,0.56,0.8814285714285715,0.2909090909090909,0.07142857142857142,0.33035714285714285,0.10714285714285714,0.5952380952380952,0.40476190476190477,1.4705882352941178,254.39316239316238,-2.384958960600584,-0.0014000000000001975,100,0,0,6,1,25,17,4,3,0.5714285714285714,TT-H,S6,520,False,NYM,NYM,14,3.510884444884573,26.666666666666668,92,12.636155486783132,5.0,3.0,3.0,0.0,3.0,2.0,0.0,0.0,0.6,0.6801759217093049
6,24.666666666666668,97,22,12,12,4,0,0,14,8,8,8,9,15,25,0,2.918918918918919,1.054054054054054,5.351351351351351,1.9459459459459456,0.9729729729729728,3.4054054054054053,3.5,0.23655913978494625,0.26804123711340205,0.5698924731182796,0.8379337102316817,0.19718309859154928,0.08247422680412371,0.14432989690721648,0.041237113402061855,0.3103448275862069,0.6896551724137931,0.45,256.04,-2.801639718687844,-0.04269999999999999,93,0,0,5,1,18,40,1,2,0.3333333333333333,WC-H,S6,605,False,OAK,OAK,16,4.663817866110677,24.333333333333332,97,12.184551370206718,6.0,0.0,0.0,0.0,2.0,2.0,0.0,0.0,0.5,0.6626904226542925
8,30.0,120,25,12,12,10,1,0,27,4,13,12,17,21,7,0,2.4,1.1666666666666667,5.0,0.8,2.0,5.4,2.7,0.2336448598130841,0.2916666666666667,0.45794392523364486,0.7496105919003115,0.26582278481012656,0.03333333333333333,0.225,0.08333333333333333,0.5333333333333333,0.4666666666666667,1.1428571428571428,269.5528455284553,-5.71500177263434,0.11830000000000013,107,3,0,4,4,32,28,2,2,0.5,BS-H,S6,610,False,MIL,MIL,15,2.0295836318764433,29.666666666666668,84,12.858259313481799,4.0,6.0,2.0,1.0,4.0,3.0,0.0,0.0,0.5714285714285714,1.044728776173341
8,32.0,139,28,20,20,16,1,1,56,11,9,8,8,15,8,0,3.75,1.375,5.25,2.0625,3.0,10.5,3.5,0.22950819672131148,0.31654676258992803,0.5655737704918032,0.8821205330817312,0.30357142857142855,0.07913669064748201,0.4028776978417266,0.11510791366906475,0.425,0.575,0.7391304347826086,254.05839416058393,2.9650355608147154,-0.43100000000000005,122,1,0,8,0,17,23,0,0,,TT-H,S6,646,False,MTL,MTL,16,3.5650002985431097,32.0,94,15.485484907078488,6.0,5.0,4.0,0.0,2.0,4.0,0.0,0.0,0.3333333333333333,0.25165290432250403
6,9.333333333333334,38,11,4,4,5,1,0,5,1,5,5,3,4,5,0,2.571428571428571,1.7142857142857142,7.071428571428571,0.6428571428571428,3.2142857142857144,3.2142857142857144,1.0,0.34375,0.42105263157894735,0.59375,1.0148026315789473,0.37037037037037035,0.02631578947368421,0.13157894736842105,0.13157894736842105,0.55,0.45,1.2222222222222223,228.2439024390244,-3.3042646351215064,-0.15590000000000004,32,1,0,5,0,11,9,2,3,0.4,EG-B,S6,651,False,ARI,ARI,14,3.024821727114538,10.0,85,4.3812940438486345,0.0,3.0,0.0,0.0,0.0,3.0,0.0,0.0,0.0,0.4802821865002878
4,16.0,61,11,5,5,7,0,0,13,2,6,7,8,10,5,0,1.875,1.125,4.125,0.75,2.625,4.875,1.8571428571428572,0.2037037037037037,0.29508196721311475,0.37037037037037035,0.6654523375834851,0.23076923076923078,0.03278688524590164,0.21311475409836064,0.11475409836065574,0.5454545454545454,0.45454545454545453,1.2,264.3050847457627,-4.7560067597793125,0.5185,54,0,0,3,0,18,15,0,2,0.0,BB-S,S6,669,False,PHI,PHI,15,2.4087502985431097,15.666666666666666,74,6.0,3.0,3.0,2.0,1.0,2.0,1.0,1.0,0.0,0.6666666666666666,0.7161585470904672
13,21.333333333333332,86,20,6,6,6,0,0,12,2,10,13,16,17,2,0,1.6875,1.21875,5.625,0.5625,1.6875,3.375,2.0,0.2564102564102564,0.3023255813953488,0.46153846153846156,0.7638640429338104,0.2727272727272727,0.023255813953488372,0.13953488372093023,0.06976744186046512,0.6346153846153846,0.36538461538461536,1.736842105263158,266.67816091954023,-7.531112881220128,0.9269999999999998,78,2,0,6,2,33,19,1,0,1.0,TD-S,S6,675,False,SEA,SEA,16,2.0337502985431097,26.333333333333332,51,6.962433902709311,0.0,11.0,0.0,0.0,2.0,1.0,4.0,1.0,0.6666666666666666,1.0922584506741129
3,6.0,23,4,4,4,2,0,0,2,2,1,6,3,6,0,0,4.0,1.0,4.0,2.0,2.0,2.0,1.0,0.2,0.2608695652173913,0.55,0.8108695652173914,0.11764705882352941,0.08695652173913043,0.08695652173913043,0.08695652173913043,0.625,0.375,1.6666666666666667,272.5833333333333,0.2618708211104792,-0.13559999999999994,20,1,0,1,0,10,6,1,0,1.0,NH-H,S6,698,False,LAA,LAA,11,5.762916965209777,7.0,48,1.7359974899343473,0.0,0.0,0.0,0.0,0.0,0.0,0.0,0.0,0.0,0.06451506601335091
8,36.333333333333336,132,22,5,5,10,1,0,22,2,16,19,18,36,5,0,0.8256880733944953,0.8807339449541284,3.6330275229357794,0.33027522935779813,1.6513761467889907,3.6330275229357794,2.2,0.18032786885245902,0.24242424242424243,0.26229508196721313,0.5047193243914556,0.20408163265306123,0.015151515151515152,0.16666666666666666,0.07575757575757576,0.5176470588235295,0.4823529411764706,1.0731707317073171,270.4108527131783,-16.73632638300707,1.1770999999999998,122,0,0,4,0,44,41,0,2,0.0,TD-H,S6,708,False,SDP,SDP,15,1.426525527900908,36.333333333333336,23,4.350630391506304,7.0,6.0,5.0,4.0,4.0,1.0,0.0,0.0,0.8,2.194184097101605
5,29.666666666666668,120,27,16,16,9,1,0,38,8,11,11,13,15,7,0,3.235955056179775,1.2134831460674156,5.460674157303371,1.6179775280898876,1.8202247191011234,7.685393258426966,4.222222222222222,0.24770642201834864,0.3,0.5504587155963303,0.8504587155963304,0.2923076923076923,0.06666666666666667,0.31666666666666665,0.075,0.5510204081632653,0.4489795918367347,1.2272727272727273,261.06666666666666,-0.728507302821244,-0.30329999999999985,109,2,0,7,1,27,22,1,1,0.5,TT-S,S6,714,False,NYM,NYM,15,2.9501828828127725,29.333333333333332,100,15.175315195753152,5.0,3.0,3.0,0.0,1.0,3.0,0.0,0.0,0.25,0.5460793291920314
11,30.0,125,22,14,14,17,1,1,40,6,11,7,12,21,6,0,2.8,1.3,4.3999999999999995,1.2000000000000002,3.4,8.0,2.3529411764705883,0.205607476635514,0.312,0.42990654205607476,0.7419065420560748,0.25806451612903225,0.048,0.32,0.136,0.4489795918367347,0.5510204081632653,0.8148148148148148,249.96774193548387,-4.479304284652247,0.15389999999999998,107,1,0,4,1,22,27,1,1,0.5,TT-S,S6,716,False,TEX,TEX,16,2.729583631876443,33.0,86,14.719544059272025,2.0,9.0,1.0,0.0,2.0,1.0,1.0,0.0,0.6666666666666666,0.9408768856630445
11,33.0,134,30,21,21,12,0,0,18,5,8,16,13,36,9,0,3.8181818181818183,1.2727272727272727,5.454545454545454,0.9090909090909092,2.1818181818181817,3.2727272727272725,1.5,0.2459016393442623,0.31343283582089554,0.5655737704918032,0.8790066063126988,0.25252525252525254,0.03731343283582089,0.13432835820895522,0.08955223880597014,0.4230769230769231,0.5769230769230769,0.7333333333333333,252.45985401459853,-1.6738621406307361,0.3625999999999998,122,0,0,10,7,33,45,2,3,0.4,FP-H,S6,729,False,CHC,CHC,16,3.0659472682400795,34.0,104,18.173424947037542,7.0,6.0,3.0,1.0,2.0,3.0,1.0,0.0,0.4,0.6958248161791364
4,4.333333333333333,16,4,2,2,1,1,0,0,1,2,6,2,2,1,0,2.7692307692307696,1.153846153846154,5.538461538461538,1.3846153846153846,1.3846153846153846,0.0,0.0,0.26666666666666666,0.3125,0.5333333333333333,0.8458333333333333,0.21428571428571427,0.0625,0.0,0.0625,0.75,0.25,3.0,291.2105263157895,-1.0158659807501533,0.17199999999999996,15,0,0,1,0,9,3,3,1,0.75,EG-S,S6,745,False,OAK,OAK,16,4.788557990850802,4.666666666666667,83,2.0,0.0,2.0,0.0,0.0,0.0,1.0,1.0,1.0,0.0,0.16468374459633625
4,19.333333333333332,70,15,9,9,3,0,0,11,6,6,12,9,15,5,0,2.793103448275862,0.9310344827586208,4.655172413793103,1.8620689655172415,0.9310344827586208,3.413793103448276,3.6666666666666665,0.22388059701492538,0.2571428571428571,0.5373134328358209,0.794456289978678,0.18,0.08571428571428572,0.15714285714285714,0.04285714285714286,0.5555555555555556,0.4444444444444444,1.25,276.47222222222223,-2.5930945538209222,-0.10370000000000007,67,0,0,3,0,25,20,0,2,0.0,BS-B,S6,752,False,STL,STL,9,4.458319264060352,18.666666666666668,88,8.450053061859206,4.0,1.0,1.0,0.0,1.0,1.0,0.0,0.0,0.5,0.5353594714128713
9,23.0,92,19,11,11,7,1,0,13,7,8,19,17,9,8,0,2.869565217391304,1.1304347826086956,4.956521739130435,1.8260869565217392,1.8260869565217392,3.391304347826087,1.8571428571428572,0.2261904761904762,0.2826086956521739,0.5595238095238095,0.8421325051759834,0.18461538461538463,0.07608695652173914,0.14130434782608695,0.07608695652173914,0.6909090909090909,0.3090909090909091,2.235294117647059,264.7916666666667,-1.6970523952788772,0.40950000000000014,84,1,0,1,3,38,17,5,1,0.8333333333333334,EG-H,S6,758,False,STL,STL,16,4.835380733325719,24.0,100,12.368913667765721,3.0,5.0,1.0,0.0,5.0,1.0,1.0,0.0,0.8333333333333334,0.5325138320254831
6,22.666666666666668,87,13,9,9,8,0,0,12,6,4,9,14,22,9,0,2.3823529411764706,0.926470588235294,3.441176470588235,1.5882352941176472,2.117647058823529,3.1764705882352944,1.5,0.16883116883116883,0.2413793103448276,0.44155844155844154,0.6829377519032691,0.11475409836065574,0.06896551724137931,0.13793103448275862,0.09195402298850575,0.44642857142857145,0.5535714285714286,0.8064516129032258,272.7,-4.904604470318779,0.24130000000000001,77,2,0,3,0,25,31,4,0,1.0,FP-H,S6,771,False,COL,COL,16,4.537426769131345,23.0,76,9.0,4.0,6.0,4.0,1.0,3.0,2.0,1.0,0.0,0.6,0.8335511812415604
9,25.666666666666668,106,26,14,14,11,2,0,10,6,11,17,20,17,5,0,3.2727272727272725,1.4415584415584415,6.077922077922077,1.4025974025974026,2.571428571428571,2.3376623376623376,0.9090909090909091,0.2736842105263158,0.3490566037735849,0.5578947368421052,0.9069513406156902,0.25316455696202533,0.05660377358490566,0.09433962264150944,0.10377358490566038,0.65625,0.34375,1.9090909090909092,257.29357798165137,-2.360308923149695,0.7909,95,0,0,9,0,42,22,2,3,0.4,EG-S,S6,772,False,SDP,SDP,16,4.641704843997655,26.333333333333332,92,12.451604116576414,3.0,7.0,1.0,0.0,4.0,2.0,0.0,0.0,0.6666666666666666,0.6540494880187206
7,27.666666666666668,127,37,28,28,9,0,0,46,14,14,9,7,15,4,0,6.072289156626506,1.6626506024096386,8.024096385542169,3.0361445783132526,1.9518072289156625,9.975903614457831,5.111111111111111,0.3135593220338983,0.36220472440944884,0.7627118644067796,1.1249165888162285,0.39655172413793105,0.11023622047244094,0.36220472440944884,0.07086614173228346,0.4722222222222222,0.5277777777777778,0.8947368421052632,223.5503875968992,11.597188924434576,-1.7946000000000004,118,0,0,7,2,17,19,1,1,0.5,TT-H,S6,775,False,BOS,BOS,15,5.325165961193712,27.666666666666668,181,25.85571197658789,7.0,2.0,2.0,0.0,0.0,6.0,0.0,0.0,0.0,-0.6588852919304727
11,12.0,50,12,8,8,4,0,0,12,3,5,3,4,13,1,0,4.0,1.3333333333333333,6.0,1.5,2.0,6.0,3.0,0.26666666666666666,0.32,0.5555555555555556,0.8755555555555556,0.2903225806451613,0.06,0.24,0.08,0.391304347826087,0.6086956521739131,0.6428571428571429,232.33333333333334,1.0929098350296957,-0.3655,45,1,0,4,0,9,14,1,0,1.0,BS-S,S6,776,False,2TM,PHI,13,3.3462502985431097,13.333333333333334,125,8.601867073743541,0.0,9.0,0.0,0.0,1.0,1.0,4.0,0.0,0.5,0.08788759937615831
4,4.666666666666667,16,3,1,1,0,0,0,6,1,1,1,3,3,0,0,1.2857142857142856,0.6428571428571428,3.8571428571428568,1.2857142857142856,0.0,7.7142857142857135,,0.1875,0.1875,0.4375,0.625,0.2222222222222222,0.0625,0.375,0.0,0.625,0.375,1.6666666666666667,277.8125,-0.898956695586919,-0.16239999999999996,16,0,0,1,0,5,3,0,0,,BS-S,S6,776,True,OAK,OAK,4,1.310536012828824,5.333333333333333,47,1.3009335368717707,0.0,3.0,0.0,0.0,0.0,0.0,1.0,0.0,0.0,0.15299281608001283
7,7.333333333333333,34,9,7,7,4,0,0,6,2,4,2,1,10,1,0,5.7272727272727275,1.7727272727272727,7.363636363636363,1.6363636363636367,3.2727272727272734,4.909090909090909,1.5,0.3103448275862069,0.38235294117647056,0.6206896551724138,1.0030425963488843,0.3181818181818182,0.058823529411764705,0.17647058823529413,0.11764705882352941,0.26666666666666666,0.7333333333333333,0.36363636363636365,211.54285714285714,1.9918665306166146,-0.20309999999999992,29,1,0,3,0,4,11,1,0,1.0,BS-S,S6,776,True,PHI,PHI,13,4.641704843997655,8.0,177,7.300933536871771,0.0,6.0,0.0,0.0,1.0,1.0,3.0,0.0,0.5,-0.0651052167038545
11,29.0,122,33,13,13,8,0,0,22,2,19,9,13,31,6,0,2.689655172413793,1.4137931034482758,6.827586206896552,0.41379310344827586,1.6551724137931034,4.551724137931034,2.75,0.2894736842105263,0.3360655737704918,0.45614035087719296,0.7922059246476847,0.34444444444444444,0.01639344262295082,0.18032786885245902,0.06557377049180328,0.4032258064516129,0.5967741935483871,0.6756756756756757,241.64285714285714,-4.650562075048753,0.8203999999999999,114,0,0,11,1,25,37,1,3,0.25,NH-B,S6,777,False,ARI,ARI,15,1.3031468502672476,30.0,61,9.501522970622899,6.0,7.0,2.0,1.0,4.0,2.0,0.0,0.0,0.6666666666666666,0.9461719497299473
5,14.0,57,13,9,9,5,0,1,7,0,7,5,7,12,8,0,3.857142857142857,1.2857142857142858,5.571428571428571,0.0,2.142857142857143,3.0,1.4,0.26,0.3157894736842105,0.42,0.7357894736842105,0.28888888888888886,0.0,0.12280701754385964,0.08771929824561403,0.42857142857142855,0.5714285714285714,0.75,252.21428571428572,-1.6782159835290602,-0.11949999999999998,50,2,0,4,2,15,20,0,0,,TD-H,S6,786,False,2TM,MIN,13,1.1676788699716811,14.0,118,8.534363922259455,4.0,2.0,1.0,0.0,1.0,2.0,0.0,0.0,0.3333333333333333,0.3926051828351118
4,9.0,33,5,3,3,2,0,1,5,0,2,3,4,7,7,0,2.0,0.7777777777777778,3.3333333333333335,0.0,1.3333333333333333,3.3333333333333335,2.5,0.16129032258064516,0.21212121212121213,0.2903225806451613,0.5024437927663734,0.19230769230769232,0.0,0.15151515151515152,0.06060606060606061,0.36363636363636365,0.6363636363636364,0.5714285714285714,279.28125,-4.683300729291773,0.41829999999999995,31,0,0,2,1,8,14,0,0,,TD-H,S6,786,True,LAA,LAA,10,0.6518058540986653,9.0,55,2.534363922259456,3.0,1.0,0.0,0.0,1.0,1.0,0.0,0.0,0.5,0.5984679376294018
1,5.0,24,8,6,6,3,0,0,2,0,5,2,3,5,1,0,7.2,2.2,9.600000000000001,0.0,3.5999999999999996,2.4000000000000004,0.6666666666666666,0.42105263157894735,0.4583333333333333,0.631578947368421,1.0899122807017543,0.42105263157894735,0.0,0.08333333333333333,0.125,0.5384615384615384,0.46153846153846156,1.1666666666666667,216.125,3.005084745762712,-0.5378000000000001,19,2,0,2,1,7,6,0,0,,TD-H,S6,786,True,MIN,MIN,13,2.0962502985431097,5.0,232,6.0,1.0,1.0,1.0,0.0,0.0,1.0,0.0,0.0,0.0,-0.2058627547942898
3,4.333333333333333,18,6,3,3,1,0,0,0,2,3,2,3,0,6,0,4.153846153846154,1.6153846153846154,8.307692307692308,2.769230769230769,1.3846153846153846,0.0,0.0,0.35294117647058826,0.3888888888888889,0.7647058823529411,1.15359477124183,0.26666666666666666,0.1111111111111111,0.0,0.05555555555555555,0.5384615384615384,0.46153846153846156,1.1666666666666667,268.72222222222223,0.4299179212011689,0.04080000000000001,17,0,0,1,0,7,6,0,0,,WC-S,S6,788,False,CWS,CWS,16,7.788557990850802,5.0,116,3.0,0.0,2.0,0.0,0.0,0.0,0.0,0.0,0.0,0.0,0.027992497716369146
9,35.666666666666664,160,43,28,28,16,1,0,26,6,22,12,17,30,16,0,4.710280373831776,1.6542056074766356,7.233644859813085,1.0093457943925235,2.6915887850467293,4.3738317757009355,1.625,0.3028169014084507,0.36875,0.5492957746478874,0.9180457746478874,0.33035714285714285,0.0375,0.1625,0.1,0.4025974025974026,0.5974025974025974,0.6739130434782609,252.84567901234567,5.107508788512532,-0.07279999999999998,142,2,0,13,2,31,46,1,4,0.2,NH-S,S6,802,False,ATL,ATL,16,3.1710166536832967,36.0,105,19.58729827107363,8.0,2.0,2.0,0.0,3.0,4.0,0.0,0.0,0.42857142857142855,0.12022058636195601
1,1.0,4,0,0,0,1,0,0,0,0,0,0,0,1,2,0,0.0,1.0,0.0,0.0,6.0,0.0,0.0,0.0,0.25,0.0,0.25,0.0,0.0,0.0,0.25,0.0,1.0,0.0,256.25,-0.5989830508474576,0.0006000000000000001,3,0,0,0,0,0,3,0,0,,WC-B,S6,815,False,BAL,BAL,8,4.09625029854311,1.0,0,0.0,0.0,1.0,0.0,0.0,0.0,0.0,0.0,0.0,0.0,0.07567259171507598
4,17.666666666666668,83,29,17,17,6,0,0,7,5,20,9,8,11,13,0,5.773584905660377,1.981132075471698,9.849056603773583,1.6981132075471699,2.0377358490566038,2.3773584905660377,1.1666666666666667,0.3815789473684211,0.42168674698795183,0.631578947368421,1.053265694356373,0.36923076923076925,0.060240963855421686,0.08433734939759036,0.07228915662650602,0.45454545454545453,0.5454545454545454,0.8333333333333334,234.5581395348837,6.566556832997511,-0.6557999999999999,76,1,0,4,0,20,24,2,2,0.5,SF-S,S6,1692,False,CIN,CIN,13,5.0019106759016,17.333333333333332,177,15.855711976587889,4.0,1.0,1.0,0.0,1.0,3.0,0.0,0.0,0.25,-0.32933923572039886
12,37.333333333333336,157,37,19,19,14,0,0,25,7,21,28,19,22,12,0,3.0535714285714284,1.3660714285714284,5.946428571428571,1.125,2.25,4.017857142857142,1.7857142857142858,0.25874125874125875,0.3248407643312102,0.48951048951048953,0.8143512538416997,0.2702702702702703,0.044585987261146494,0.1592356687898089,0.08917197452229299,0.6046511627906976,0.3953488372093023,1.5294117647058822,260.2125,-1.6832208257960393,0.3702999999999999,143,0,0,6,3,52,34,2,1,0.6666666666666666,BF-H,S6,1703,False,BAL,BAL,16,3.3194645842573953,38.0,102,19.953197728255745,6.0,7.0,1.0,0.0,3.0,2.0,2.0,0.0,0.6,0.7874628328200655
1,0.3333333333333333,1,0,0,0,0,0,0,0,0,0,0,0,0,1,0,0.0,0.0,0.0,0.0,0.0,0.0,,0.0,0.0,0.0,0.0,0.0,0.0,0.0,0.0,0.0,1.0,0.0,300.0,-0.1729365524985963,0.003,1,0,0,0,0,0,1,0,0,,EG-S,S6,1705,False,SFG,SFG,3,1.0962502985431097,1.0,0,0.0,0.0,0.0,0.0,0.0,0.0,0.0,0.0,0.0,0.0,0.021237226907442185
5,5.0,24,7,4,4,3,0,0,2,1,4,3,0,3,6,0,4.8,2.0,8.399999999999999,1.2000000000000002,3.5999999999999996,2.4000000000000004,0.6666666666666666,0.3333333333333333,0.4166666666666667,0.5714285714285714,0.9880952380952381,0.3333333333333333,0.041666666666666664,0.08333333333333333,0.125,0.25,0.75,0.3333333333333333,244.2962962962963,1.00797177339911,-0.503,21,0,0,2,0,3,9,2,1,0.6666666666666666,WC-H,S6,1718,False,2TM,ATL,16,4.696250298543109,5.666666666666667,116,3.392495125054593,0.0,3.0,0.0,0.0,0.0,3.0,1.0,0.0,0.0,-0.006151457557929618
4,4.666666666666667,23,7,4,4,3,0,0,2,1,4,2,0,3,6,0,5.142857142857142,2.142857142857143,9.0,1.2857142857142856,3.8571428571428568,2.571428571428571,0.6666666666666666,0.35,0.43478260869565216,0.6,1.0347826086956522,0.35294117647058826,0.043478260869565216,0.08695652173913043,0.13043478260869565,0.18181818181818182,0.8181818181818182,0.2222222222222222,236.69230769230768,1.1809083258977064,-0.5543,20,0,0,2,0,2,9,2,1,0.6666666666666666,WC-H,S6,1718,True,MIA,MIA,6,4.9533931556859665,4.666666666666667,141,3.392495125054593,0.0,2.0,0.0,0.0,0.0,3.0,0.0,0.0,0.0,-0.027388684465371814
1,0.3333333333333333,1,0,0,0,0,0,0,0,0,0,1,0,0,0,0,0.0,0.0,0.0,0.0,0.0,0.0,,0.0,0.0,0.0,0.0,0.0,0.0,0.0,0.0,1.0,0.0,,442.0,-0.1729365524985963,0.0513,1,0,0,0,0,1,0,0,0,,WC-H,S6,1718,True,ATL,ATL,16,1.0962502985431097,1.0,0,0.0,0.0,1.0,0.0,0.0,0.0,0.0,1.0,0.0,0.0,0.021237226907442185
11,33.666666666666664,133,33,23,23,6,0,0,20,14,12,12,8,15,39,0,4.099009900990099,1.1584158415841586,5.881188118811882,2.4950495049504955,1.0693069306930694,3.564356435643565,3.3333333333333335,0.264,0.2932330827067669,0.68,0.973233082706767,0.20430107526881722,0.10526315789473684,0.15037593984962405,0.045112781954887216,0.31645569620253167,0.6835443037974683,0.46296296296296297,253.01470588235293,7.143572583809209,-1.0931000000000002,125,2,0,4,3,25,54,1,2,0.3333333333333333,WC-S,S6,1736,False,CHC,CHC,16,5.848725546067863,35.0,122,22.0,4.0,8.0,2.0,0.0,4.0,2.0,0.0,0.0,0.6666666666666666,-0.18986222792244067
6,22.666666666666668,96,29,11,11,6,0,0,12,5,23,9,13,10,17,0,2.911764705882353,1.5441176470588234,7.6764705882352935,1.3235294117647058,1.5882352941176472,3.1764705882352944,2.0,0.32222222222222224,0.3645833333333333,0.5,0.8645833333333333,0.3287671232876712,0.052083333333333336,0.125,0.0625,0.509090909090909,0.4909090909090909,1.037037037037037,249.7319587628866,-2.931503087636316,0.20659999999999956,90,0,0,1,0,28,27,1,1,0.5,SF-B,S6,1743,False,2TM,OAK,15,3.699191475013698,22.333333333333332,77,8.855711976587889,5.0,4.0,3.0,1.0,2.0,1.0,1.0,0.0,0.6666666666666666,0.6717331878915571
1,5.0,21,6,4,4,1,0,0,2,1,5,2,5,1,4,0,4.8,1.4,7.199999999999999,1.2000000000000002,1.2000000000000002,2.4000000000000004,2.0,0.3,0.3333333333333333,0.45,0.7833333333333333,0.29411764705882354,0.047619047619047616,0.09523809523809523,0.047619047619047616,0.6153846153846154,0.38461538461538464,1.6,278.0,1.0050847457627121,-0.4967000000000001,20,0,0,0,0,8,5,1,0,1.0,SF-B,S6,1743,True,PHI,PHI,3,3.4962502985431096,5.0,77,2.0,1.0,1.0,1.0,0.0,0.0,1.0,0.0,0.0,0.0,-0.017693469767037496
5,17.666666666666668,75,23,7,7,5,0,0,10,4,18,7,8,9,13,0,2.3773584905660377,1.5849056603773584,7.811320754716981,1.3584905660377358,1.6981132075471699,3.3962264150943398,2.0,0.32857142857142857,0.37333333333333335,0.5142857142857142,0.8876190476190475,0.3392857142857143,0.05333333333333334,0.13333333333333333,0.06666666666666667,0.47619047619047616,0.5238095238095238,0.9090909090909091,241.44,-3.9365878333990274,0.7032999999999999,70,0,0,1,0,20,22,0,1,0.0,SF-B,S6,1743,True,OAK,OAK,15,3.7566276570336754,17.333333333333332,77,6.855711976587889,4.0,3.0,2.0,1.0,2.0,0.0,1.0,0.0,1.0,0.6894266576585946
7,20.0,95,27,21,21,9,0,0,13,6,11,6,8,6,26,0,6.3,1.8,8.100000000000001,1.7999999999999998,2.7,3.9000000000000004,1.4444444444444444,0.32142857142857145,0.37894736842105264,0.6904761904761905,1.0694235588972432,0.31343283582089554,0.06315789473684211,0.1368421052631579,0.09473684210526316,0.30434782608695654,0.6956521739130435,0.4375,249.7128712871287,8.047747976726967,-0.6757000000000002,84,2,0,7,3,14,32,5,1,0.8333333333333334,WC-S,S6,1759,False,NYY,NYY,15,5.04625029854311,20.333333333333332,175,18.331819493544653,5.0,4.0,2.0,0.0,2.0,2.0,0.0,0.0,0.5,-0.43013549020235364
5,17.0,80,31,20,20,3,0,1,12,8,15,6,8,15,5,0,7.0588235294117645,2.0,10.941176470588236,2.8235294117647056,1.0588235294117647,4.235294117647059,4.0,0.4025974025974026,0.425,0.8441558441558441,1.2691558441558441,0.40350877192982454,0.1,0.15,0.0375,0.4594594594594595,0.5405405405405406,0.85,215.6951219512195,9.272669365683667,-0.8001,77,0,0,6,2,17,20,1,2,0.3333333333333333,BF-H,S6,1767,False,LAA,LAA,15,6.331544416190169,17.0,222,19.49486126531108,5.0,1.0,1.0,0.0,1.0,4.0,0.0,0.0,0.2,-0.611781203961762
3,2.3333333333333335,13,4,1,1,2,0,0,2,0,2,3,0,2,0,0,2.571428571428571,2.571428571428571,10.285714285714285,0.0,5.142857142857142,5.142857142857142,1.0,0.4,0.46153846153846156,0.7,1.1615384615384614,0.4444444444444444,0.0,0.15384615384615385,0.15384615384615385,0.6,0.4,1.5,239.23076923076923,0.7742996284059265,-0.425,10,1,0,1,1,3,2,0,0,,NH-H,S6,1776,False,KCR,KCR,16,1.953393155685967,3.3333333333333335,76,1.3009335368717707,0.0,3.0,0.0,0.0,0.0,1.0,1.0,0.0,0.0,-0.02616353129201939
6,8.0,34,8,8,8,5,0,1,8,6,1,4,2,6,1,0,6.0,1.625,6.0,4.5,3.75,6.0,1.6,0.27586206896551724,0.38235294117647056,0.9310344827586207,1.3133874239350911,0.13333333333333333,0.17647058823529413,0.23529411764705882,0.14705882352941177,0.5,0.5,1.0,251.2,3.541325638116009,-0.25840000000000013,29,0,0,1,0,7,7,0,2,0.0,TT-B,S6,1777,False,ARI,ARI,14,10.72125029854311,8.666666666666666,164,7.359866565959869,2.0,1.0,0.0,0.0,1.0,1.0,0.0,0.0,0.5,-0.22005112745379396
6,14.0,62,13,8,8,8,0,0,7,5,5,5,7,19,3,0,3.4285714285714284,1.5,5.571428571428571,2.142857142857143,3.4285714285714284,3.0,0.875,0.24074074074074073,0.3387096774193548,0.6111111111111112,0.9498207885304659,0.19047619047619047,0.08064516129032258,0.11290322580645161,0.12903225806451613,0.37142857142857144,0.6285714285714286,0.5909090909090909,220.14754098360655,1.668191175198456,-0.06649999999999996,54,0,0,1,2,13,22,0,0,,BF-H,S6,1786,False,CWS,CWS,16,6.4533931556859665,14.0,163,11.770210940542489,3.0,1.0,0.0,0.0,1.0,0.0,0.0,0.0,1.0,0.07768232525027297
5,17.0,70,19,8,8,4,1,0,9,2,13,8,11,10,9,0,2.823529411764706,1.3529411764705883,6.705882352941177,0.7058823529411764,1.4117647058823528,3.1764705882352944,2.25,0.2878787878787879,0.32857142857142857,0.4393939393939394,0.767965367965368,0.3090909090909091,0.02857142857142857,0.12857142857142856,0.05714285714285714,0.5476190476190477,0.4523809523809524,1.2105263157894737,261.5,-0.7904156077985518,-0.19179999999999992,66,0,0,4,0,23,19,0,0,,SF-B,S6,1818,False,MIN,MIN,11,2.272720886778404,17.0,101,8.837182179568451,4.0,2.0,1.0,0.0,2.0,0.0,1.0,0.0,1.0,0.35509157681063425
6,13.666666666666666,66,20,14,14,7,0,0,12,5,10,3,8,10,6,0,6.146341463414634,1.975609756097561,8.78048780487805,2.1951219512195124,3.073170731707317,5.2682926829268295,1.7142857142857142,0.3389830508474576,0.4090909090909091,0.711864406779661,1.12095531587057,0.35714285714285715,0.07575757575757576,0.18181818181818182,0.10606060606060606,0.42857142857142855,0.5714285714285714,0.75,234.02985074626866,6.567557155494712,-0.6760999999999999,59,0,0,3,2,12,16,1,1,0.5,1B-H,S6,1825,False,BOS,BOS,16,5.632835664396769,15.0,177,13.680396780834737,2.0,4.0,1.0,0.0,1.0,0.0,0.0,0.0,1.0,-0.39647998614902236
5,23.666666666666668,103,25,14,14,11,1,0,28,5,16,9,10,18,2,0,3.549295774647887,1.5211267605633803,6.338028169014084,1.267605633802817,2.788732394366197,7.098591549295774,2.5454545454545454,0.2717391304347826,0.34951456310679613,0.4891304347826087,0.8386449978894048,0.3389830508474576,0.04854368932038835,0.27184466019417475,0.10679611650485436,0.5121951219512195,0.4878048780487805,1.05,247.82407407407408,-2.780740939237622,0.30990000000000006,92,0,0,3,1,21,20,4,2,0.6666666666666666,BS-H,S6,1828,False,MIN,MIN,15,2.8708981858670533,23.333333333333332,107,12.835679744414898,5.0,1.0,1.0,0.0,2.0,2.0,0.0,0.0,0.5,0.6842619746547657
9,14.333333333333334,66,17,11,11,8,0,0,6,5,6,6,13,11,5,0,4.604651162790698,1.744186046511628,7.116279069767441,2.0930232558139537,3.3488372093023253,2.511627906976744,0.75,0.29310344827586204,0.3787878787878788,0.7068965517241379,1.0856844305120168,0.2553191489361702,0.07575757575757576,0.09090909090909091,0.12121212121212122,0.5675675675675675,0.43243243243243246,1.3125,250.36363636363637,1.8118809794976354,-0.16729999999999998,58,0,0,3,3,21,16,0,0,,NT-H,S6,1834,False,OAK,OAK,16,6.4683433217989235,16.333333333333332,116,9.809697323488525,2.0,3.0,0.0,0.0,1.0,1.0,1.0,0.0,0.5,0.07908763145068529
8,14.666666666666666,61,12,8,8,7,0,4,7,1,7,10,7,13,5,0,3.272727272727273,1.2954545454545454,4.909090909090909,0.40909090909090917,2.8636363636363638,2.8636363636363638,1.0,0.2222222222222222,0.3114754098360656,0.37037037037037035,0.6818457802064359,0.2391304347826087,0.01639344262295082,0.11475409836065574,0.11475409836065574,0.5,0.5,1.0,264.10714285714283,-3.3617747358183805,-0.016900000000000016,54,0,0,3,1,18,18,0,1,0.0,TD-S,S6,1838,False,2TM,PIT,15,2.4598866621794735,16.333333333333332,76,6.404130585339011,4.0,2.0,0.0,0.0,1.0,1.0,0.0,1.0,0.5,0.576735344694374
2,1.0,2,0,0,0,0,0,0,1,0,0,1,0,0,0,0,0.0,0.0,0.0,0.0,0.0,6.0,,0.0,0.0,0.0,0.0,0.0,0.0,0.5,0.0,1.0,0.0,,372.0,-1.5542924847019863,0.0087,2,0,0,0,0,2,0,0,0,,TD-S,S6,1838,True,ATL,ATL,7,-0.9037497014568903,2.0,0,0.0,0.0,2.0,0.0,0.0,0.0,0.0,0.0,0.0,0.0,0.16331639178536375
6,13.666666666666666,59,12,8,8,7,0,4,6,1,7,9,7,13,5,0,3.5121951219512195,1.3902439024390245,5.2682926829268295,0.4390243902439025,3.073170731707317,2.6341463414634148,0.8571428571428571,0.23076923076923078,0.3220338983050847,0.38461538461538464,0.7066492829204694,0.24444444444444444,0.01694915254237288,0.1016949152542373,0.11864406779661017,0.47058823529411764,0.5294117647058824,0.8888888888888888,260.1111111111111,-1.8074822511163935,-0.025599999999999987,52,0,0,3,1,16,18,0,1,0.0,TD-S,S6,1838,True,PIT,PIT,15,2.7060063961040854,14.333333333333334,87,6.404130585339011,4.0,0.0,0.0,0.0,1.0,1.0,0.0,1.0,0.5,0.41341895290901026
10,27.666666666666668,130,27,20,20,22,1,4,44,7,13,3,7,19,8,0,4.337349397590361,1.7710843373493974,5.855421686746988,1.5180722891566263,4.771084337349397,9.542168674698795,2.0,0.25,0.3769230769230769,0.5277777777777778,0.9047008547008547,0.3508771929824561,0.05384615384615385,0.3384615384615385,0.16923076923076924,0.3076923076923077,0.6923076923076923,0.4444444444444444,230.82539682539684,4.269367542265103,-0.8162,108,0,0,5,2,12,27,2,0,1.0,TT-S,S6,1841,False,TEX,TEX,14,3.5902262021575675,30.0,98,15.17227794621999,6.0,5.0,1.0,0.0,2.0,5.0,1.0,0.0,0.2857142857142857,0.08572756125922218
4,24.0,104,27,12,12,8,0,0,26,2,17,11,11,19,2,0,3.0,1.4583333333333333,6.75,0.5,2.0,6.5,3.25,0.28421052631578947,0.33653846153846156,0.4421052631578947,0.7786437246963562,0.36764705882352944,0.019230769230769232,0.25,0.07692307692307693,0.5116279069767442,0.4883720930232558,1.0476190476190477,254.07272727272726,-2.794198109190017,0.4437,95,1,0,7,1,22,21,3,3,0.5,BS-B,S6,1953,False,COL,COL,13,1.0129169652097765,23.666666666666668,51,6.184551370206718,4.0,3.0,3.0,0.0,1.0,2.0,0.0,0.0,0.3333333333333333,0.6895512633075878
3,14.0,62,14,9,9,8,0,0,15,2,5,2,7,13,3,0,3.857142857142857,1.5714285714285714,6.0,0.8571428571428571,3.4285714285714284,6.428571428571429,1.875,0.2641509433962264,0.3548387096774194,0.5471698113207547,0.9020085209981741,0.32432432432432434,0.03225806451612903,0.24193548387096775,0.12903225806451613,0.38461538461538464,0.6153846153846154,0.625,237.6865671641791,1.2446044575524537,-0.4020000000000001,53,1,0,5,2,10,16,4,1,0.8,BS-H,S6,1956,False,TOR,TOR,15,2.5248217271145386,14.0,103,7.4762487326249225,3.0,0.0,0.0,0.0,1.0,0.0,0.0,0.0,1.0,0.12004099701487318
8,26.0,105,28,10,10,7,2,0,10,4,14,19,22,15,3,0,2.3076923076923075,1.3461538461538463,6.461538461538462,0.9230769230769231,1.6153846153846154,2.307692307692308,1.4285714285714286,0.2857142857142857,0.3333333333333333,0.5306122448979592,0.8639455782312926,0.2857142857142857,0.0380952380952381,0.09523809523809523,0.06666666666666667,0.7096774193548387,0.2903225806451613,2.4444444444444446,268.81481481481484,-6.953455260879215,0.7920999999999999,98,0,0,8,2,44,18,2,5,0.2857142857142857,EG-H,S6,1961,False,2TM,LAD,16,3.134711837004648,25.0,91,11.740351728653243,4.0,3.0,2.0,2.0,4.0,0.0,1.0,0.0,1.0,1.1094205501340901
2,2.6666666666666665,12,5,3,3,0,0,0,1,1,3,2,3,1,0,0,6.75,1.875,11.25,2.25,0.0,2.25,,0.4166666666666667,0.4166666666666667,0.75,1.1666666666666667,0.4,0.08333333333333333,0.08333333333333333,0.0,0.8571428571428571,0.14285714285714285,6.0,241.58333333333334,0.5513025957093753,-0.027500000000000028,12,0,0,1,0,6,1,0,0,,EG-H,S6,1961,True,ATL,ATL,2,5.22125029854311,2.6666666666666665,158,2.175315195753152,0.0,1.0,0.0,0.0,0.0,0.0,1.0,0.0,0.0,-0.0078073996799468415
6,23.333333333333332,93,23,7,7,7,2,0,9,3,11,17,19,14,3,0,1.8,1.2857142857142858,5.914285714285715,0.7714285714285716,1.7999999999999998,2.3142857142857145,1.2857142857142858,0.26744186046511625,0.3225806451612903,0.5,0.8225806451612903,0.2702702702702703,0.03225806451612903,0.0967741935483871,0.07526881720430108,0.6909090909090909,0.3090909090909091,2.235294117647059,272.21875,-7.50475785658859,0.8196,86,0,0,7,2,38,17,2,5,0.2857142857142857,EG-H,S6,1961,True,LAD,LAD,16,2.8962502985431096,22.333333333333332,83,9.565036532900091,4.0,2.0,2.0,2.0,4.0,0.0,0.0,0.0,1.0,1.117227949814037
10,26.666666666666668,109,22,17,17,10,0,1,16,4,7,14,19,17,11,0,3.8249999999999997,1.2,4.949999999999999,0.8999999999999999,2.25,3.5999999999999996,1.6,0.2268041237113402,0.29357798165137616,0.4948453608247423,0.7884233424761184,0.22784810126582278,0.03669724770642202,0.14678899082568808,0.09174311926605505,0.5625,0.4375,1.2857142857142858,253.72072072072072,-1.2020814293253714,0.28579999999999994,97,2,0,8,3,36,28,3,0,1.0,EN-B,S6,1962,False,SFG,SFG,13,2.9712502985431097,28.333333333333332,93,13.632882007548586,4.0,3.0,0.0,0.0,2.0,0.0,1.0,1.0,1.0,0.5500574536090359
3,11.333333333333334,50,16,7,7,4,0,0,8,3,10,3,6,10,3,0,3.705882352941176,1.7647058823529411,8.470588235294116,1.5882352941176472,2.117647058823529,4.235294117647058,2.0,0.35555555555555557,0.4,0.6222222222222222,1.0222222222222221,0.37142857142857144,0.06,0.16,0.08,0.48,0.52,0.9230769230769231,246.64,0.19876985295873806,-0.06790000000000011,45,1,0,3,0,12,13,0,1,0.0,NH-S,S6,1977,False,COL,COL,16,4.1844855926607565,11.333333333333334,103,6.0,2.0,2.0,1.0,0.0,2.0,0.0,1.0,0.0,1.0,0.1773015975832541
7,34.0,145,35,20,20,12,0,1,16,5,13,11,14,22,35,0,3.5294117647058822,1.3823529411764706,6.1764705882352935,0.8823529411764706,2.1176470588235294,2.8235294117647056,1.3333333333333333,0.26515151515151514,0.32413793103448274,0.5303030303030303,0.854440961337513,0.26785714285714285,0.034482758620689655,0.1103448275862069,0.08275862068965517,0.3372093023255814,0.6627906976744186,0.5087719298245614,249.60714285714286,-0.4580484757560148,-0.019199999999999995,132,1,0,14,3,29,57,1,0,1.0,WC-S,S6,2206,False,DET,DET,16,3.125662063248992,34.666666666666664,80,14.276288920823262,6.0,6.0,5.0,0.0,6.0,1.0,0.0,0.0,0.8571428571428571,0.6176227379250723
10,27.666666666666668,126,31,17,17,19,0,0,20,4,19,9,15,21,11,0,3.686746987951807,1.8072289156626504,6.72289156626506,0.8674698795180722,4.120481927710843,4.337349397590361,1.0526315789473684,0.2897196261682243,0.3968253968253968,0.48598130841121495,0.8828067052366118,0.3253012048192771,0.031746031746031744,0.15873015873015872,0.15079365079365079,0.4576271186440678,0.5423728813559322,0.84375,245.57142857142858,0.6071859474187277,-0.17830000000000004,107,0,0,7,1,27,32,3,4,0.42857142857142855,1B-S,S6,2207,False,NYY,NYY,16,3.5902262021575675,28.333333333333332,70,10.277717966031881,2.0,8.0,1.0,1.0,2.0,2.0,2.0,0.0,0.5,0.43617143411352954
6,21.666666666666668,87,19,6,6,6,0,0,15,1,7,6,6,14,21,0,1.6615384615384614,1.1538461538461537,5.2615384615384615,0.2769230769230769,1.6615384615384614,4.153846153846153,2.5,0.2375,0.28735632183908044,0.4125,0.6998563218390804,0.27692307692307694,0.011494252873563218,0.1724137931034483,0.06896551724137931,0.2857142857142857,0.7142857142857143,0.4,247.91954022988506,-6.362375005192886,0.9718999999999999,80,1,0,11,0,14,35,0,1,0.0,WC-H,S6,2215,False,PHI,PHI,14,1.142404144696956,21.333333333333332,63,6.972069926823473,4.0,3.0,1.0,0.0,3.0,0.0,1.0,0.0,1.0,0.9793282347289711
4,8.666666666666666,37,6,6,6,7,0,0,4,1,4,5,5,7,3,0,4.153846153846154,1.5,4.153846153846154,0.6923076923076923,4.846153846153847,2.769230769230769,0.5714285714285714,0.2,0.35135135135135137,0.36666666666666664,0.718018018018018,0.2,0.02702702702702703,0.10810810810810811,0.1891891891891892,0.5238095238095238,0.47619047619047616,1.1,247.775,-0.8757708328794143,-0.045500000000000006,30,0,0,0,1,11,10,3,1,0.75,NT-S,S6,2221,False,CWS,CWS,9,4.09625029854311,9.0,108,5.040263346794607,1.0,3.0,0.0,0.0,1.0,1.0,1.0,0.0,0.5,0.23348923461849608
9,30.333333333333332,123,26,12,12,10,0,0,28,5,15,9,19,21,10,0,2.3736263736263736,1.1868131868131868,5.142857142857143,0.989010989010989,1.978021978021978,5.538461538461538,2.8,0.23214285714285715,0.2926829268292683,0.4375,0.7301829268292683,0.2625,0.04065040650406504,0.22764227642276422,0.08130081300813008,0.4918032786885246,0.5081967213114754,0.967741935483871,270.15748031496065,-6.241832160810908,0.5035999999999999,112,1,0,4,2,30,31,4,2,0.6666666666666666,BS-H,S6,2245,False,2TM,ATL,15,2.3819645842573953,30.0,68,10.535181761713021,6.0,2.0,2.0,1.0,5.0,1.0,0.0,0.0,0.8333333333333334,1.1092425299637454
5,9.0,42,12,7,7,4,0,0,10,2,5,2,3,8,3,0,4.666666666666667,1.7777777777777777,8.0,1.3333333333333333,2.6666666666666665,6.666666666666667,2.5,0.32432432432432434,0.38095238095238093,0.6756756756756757,1.0566280566280566,0.38461538461538464,0.047619047619047616,0.23809523809523808,0.09523809523809523,0.3125,0.6875,0.45454545454545453,235.13953488372093,1.7844677381260343,0.06399999999999995,37,1,0,3,2,5,11,0,1,0.0,BS-H,S6,2245,True,PIT,PIT,6,3.0962502985431097,9.333333333333334,153,7.350630391506304,2.0,0.0,0.0,0.0,1.0,1.0,0.0,0.0,0.5,-0.012816764194135999
4,21.333333333333332,81,14,5,5,6,0,0,18,3,10,7,16,13,7,0,1.40625,0.9375,3.9375,0.84375,1.6875,5.0625,3.0,0.18666666666666668,0.24691358024691357,0.32,0.5669135802469136,0.2037037037037037,0.037037037037037035,0.2222222222222222,0.07407407407407407,0.5555555555555556,0.4444444444444444,1.25,288.0833333333333,-8.026299898936943,0.4396000000000001,75,0,0,1,0,25,20,4,1,0.8,BS-H,S6,2245,True,ATL,ATL,15,2.0806252985431097,20.666666666666668,30,3.1845513702067176,4.0,2.0,2.0,1.0,4.0,0.0,0.0,0.0,1.0,1.1220592941578815
7,21.333333333333332,87,18,11,11,8,0,0,11,3,6,11,8,17,14,0,3.09375,1.21875,5.0625,0.84375,2.25,3.09375,1.375,0.24,0.2988505747126437,0.5066666666666667,0.8055172413793104,0.23076923076923078,0.034482758620689655,0.12643678160919541,0.09195402298850575,0.40384615384615385,0.5961538461538461,0.6774193548387096,264.81111111111113,-2.6187827092958473,-0.1664,75,4,0,7,2,21,31,3,1,0.75,NH-B,S6,2249,False,KCR,KCR,16,3.0181252985431097,21.333333333333332,87,9.590882835071024,5.0,2.0,0.0,0.0,1.0,1.0,0.0,0.0,0.5,0.6049690051392672
10,15.666666666666666,69,16,7,7,8,0,0,5,1,9,10,7,17,6,0,2.6808510638297873,1.5319148936170213,6.127659574468086,0.3829787234042554,3.063829787234043,1.9148936170212767,0.625,0.26666666666666666,0.34782608695652173,0.43333333333333335,0.7811594202898551,0.2727272727272727,0.014492753623188406,0.07246376811594203,0.11594202898550725,0.4523809523809524,0.5476190476190477,0.8260869565217391,234.17391304347825,-3.149601813599584,0.28589999999999993,60,1,0,5,1,19,23,2,0,1.0,TD-S,S6,2258,False,OAK,OAK,15,2.819654553862259,18.666666666666668,75,7.1891299732038005,1.0,4.0,0.0,0.0,3.0,1.0,1.0,0.0,0.75,0.5870666257331548
5,24.333333333333332,98,21,14,14,7,0,0,11,8,9,13,13,21,12,0,3.452054794520548,1.1506849315068495,5.178082191780822,1.9726027397260277,1.7260273972602742,2.712328767123288,1.5714285714285714,0.23333333333333334,0.2857142857142857,0.5777777777777777,0.8634920634920634,0.18055555555555555,0.08163265306122448,0.11224489795918367,0.07142857142857142,0.45901639344262296,0.5409836065573771,0.8484848484848485,267.5408163265306,-1.049269431886503,-0.016200000000000103,90,1,0,1,3,28,33,0,1,0.0,FP-S,S6,2339,False,KCR,KCR,14,5.329127010871877,24.333333333333332,113,14.175315195753152,4.0,2.0,2.0,1.0,2.0,0.0,0.0,0.0,1.0,0.491396965631741
8,32.333333333333336,145,45,15,15,9,0,0,19,4,21,12,11,16,33,0,2.783505154639175,1.670103092783505,8.350515463917525,0.7422680412371133,1.670103092783505,3.525773195876288,2.111111111111111,0.3333333333333333,0.3724137931034483,0.5777777777777777,0.9501915708812261,0.36283185840707965,0.027586206896551724,0.1310344827586207,0.06206896551724138,0.33783783783783783,0.6621621621621622,0.5102040816326531,236.45637583892616,-2.7154132146085725,-0.59,135,1,0,19,1,25,49,4,4,0.5,WC-S,S6,2345,False,TBR,TBR,16,2.3642915356565117,32.666666666666664,113,19.040263346794607,6.0,6.0,4.0,1.0,2.0,4.0,0.0,0.0,0.3333333333333333,0.8433592118103281
1,2.0,5,0,0,0,0,0,0,1,0,0,1,2,1,0,0,0.0,0.0,0.0,0.0,0.0,3.0,,0.0,0.0,0.0,0.0,0.0,0.0,0.2,0.0,0.8,0.2,4.0,411.0,-1.1626194144838213,-0.0013,4,1,0,0,0,4,1,0,0,,POS,S6,2350,False,MTL,MTL,13,0.09625029854310974,2.0,0,0.0,0.0,1.0,0.0,0.0,0.0,0.0,0.0,0.0,0.0,0.13597979973629493
1,0.3333333333333333,2,1,1,1,0,0,0,1,1,0,0,0,0,0,0,18.0,3.0,18.0,18.0,0.0,18.0,,0.5,0.5,2.0,2.5,,0.5,0.5,0.0,,,,156.5,1.6425120772946862,-0.0007,2,0,0,0,0,0,0,0,0,,POS,S6,2354,False,SFG,SFG,12,34.09625029854311,1.0,194,1.0,0.0,1.0,0.0,0.0,0.0,0.0,0.0,0.0,0.0,-0.1563640644143035
9,22.333333333333332,78,8,7,7,7,0,0,32,4,3,5,8,11,7,0,1.8805970149253732,0.6716417910447762,2.1492537313432836,1.0746268656716418,1.8805970149253732,8.597014925373134,4.571428571428571,0.11267605633802817,0.19230769230769232,0.29577464788732394,0.4880823401950163,0.11428571428571428,0.05128205128205128,0.41025641025641024,0.08974358974358974,0.45454545454545453,0.5454545454545454,0.8333333333333334,283.1898734177215,-7.256877730450781,0.5977,71,0,0,1,0,15,18,1,2,0.3333333333333333,TT-H,S6,2372,False,PHI,PHI,16,1.4992353731699755,23.333333333333332,58,7.0,2.0,2.0,0.0,0.0,2.0,0.0,0.0,2.0,1.0,1.0332863623365176
7,25.333333333333332,101,23,19,19,5,0,0,12,11,3,14,12,29,6,0,4.5,1.105263157894737,5.447368421052632,2.605263157894737,1.1842105263157894,2.8421052631578947,2.4,0.23958333333333334,0.27722772277227725,0.7083333333333334,0.9855610561056106,0.1643835616438356,0.10891089108910891,0.1188118811881188,0.04950495049504951,0.4444444444444444,0.5555555555555556,0.8,248.9607843137255,1.6472451617594202,-0.3498,96,0,0,6,3,28,35,1,1,0.5,FP-B,S6,2377,False,CHC,CHC,14,6.385723982753636,25.333333333333332,136,17.838356915054614,5.0,2.0,1.0,0.0,2.0,3.0,0.0,0.0,0.4,0.23357622123989633
9,44.0,174,33,20,20,18,0,2,28,6,15,15,19,18,43,0,2.727272727272727,1.1590909090909092,4.5,0.8181818181818181,2.4545454545454546,3.8181818181818183,1.5555555555555556,0.21153846153846154,0.29310344827586204,0.4166666666666667,0.7097701149425287,0.22131147540983606,0.034482758620689655,0.16091954022988506,0.10344827586206896,0.39603960396039606,0.6039603960396039,0.6557377049180327,269.225988700565,-6.9410709331272935,1.0565,156,0,0,10,2,40,61,2,3,0.4,WC-B,S6,2395,False,CLE,CLE,15,2.8235230258158373,44.0,71,16.202820787222823,8.0,3.0,2.0,0.0,2.0,4.0,0.0,0.0,0.3333333333333333,1.3802885617320944
6,24.666666666666668,102,20,14,14,13,0,0,39,8,9,6,9,10,5,0,3.4054054054054053,1.3378378378378377,4.864864864864865,1.9459459459459456,3.162162162162162,9.486486486486486,3.0,0.22727272727272727,0.3235294117647059,0.5340909090909091,0.857620320855615,0.2857142857142857,0.0784313725490196,0.38235294117647056,0.12745098039215685,0.5714285714285714,0.42857142857142855,1.3333333333333333,250.08653846153845,-1.206085310506122,-0.14240000000000003,88,1,0,3,0,20,15,2,0,1.0,TT-B,S6,2397,False,MIA,MIA,14,3.731385433678245,25.333333333333332,94,12.35986656595987,5.0,0.0,0.0,0.0,1.0,3.0,0.0,0.0,0.25,0.5228528401240331
9,18.333333333333332,80,20,11,11,8,1,0,14,4,11,11,3,19,5,0,3.6,1.5272727272727273,6.545454545454547,1.309090909090909,2.618181818181818,4.581818181818182,1.75,0.2777777777777778,0.35,0.5277777777777778,0.8777777777777778,0.2962962962962963,0.05,0.175,0.1,0.4146341463414634,0.5853658536585366,0.7083333333333334,230.23456790123456,1.4679408595430998,-0.0026999999999999364,72,0,0,4,1,17,24,2,0,1.0,BB-S,S6,2457,False,SFG,SFG,16,3.714432116724928,20.0,105,10.863043783218274,3.0,3.0,1.0,0.0,2.0,0.0,1.0,1.0,1.0,0.1686916466522946
9,13.333333333333334,63,16,6,6,7,0,5,13,0,12,5,4,15,3,0,2.6999999999999997,1.7249999999999999,7.199999999999999,0.0,3.1500000000000004,5.85,1.8571428571428572,0.2962962962962963,0.36507936507936506,0.3888888888888889,0.753968253968254,0.37209302325581395,0.0,0.20634920634920634,0.1111111111111111,0.3333333333333333,0.6666666666666666,0.5,239.53333333333333,1.1356688666500698,0.008099999999999953,54,2,0,3,1,9,18,3,0,1.0,BS-H,S6,2461,False,PIT,PIT,15,0.7212502985431097,14.333333333333334,96,7.094307897250315,4.0,0.0,0.0,0.0,1.0,1.0,0.0,1.0,0.5,0.13487812776269417
1,1.0,5,2,1,1,0,0,0,1,0,0,0,0,1,1,0,6.0,2.0,12.0,0.0,0.0,6.0,,0.4,0.4,0.8,1.2000000000000002,0.5,0.0,0.2,0.0,0.0,1.0,0.0,206.8,0.4010169491525423,0.0027,5,0,0,2,0,0,2,0,0,,NH-H,S6,2466,False,SEA,SEA,9,-0.9037497014568903,1.0,194,1.0,0.0,1.0,0.0,0.0,0.0,0.0,0.0,0.0,0.0,-0.020383836627341445
4,5.666666666666667,31,10,7,7,7,0,0,5,1,7,4,1,4,0,0,7.411764705882352,3.0,10.588235294117647,1.0588235294117645,7.4117647058823515,5.294117647058823,0.7142857142857143,0.43478260869565216,0.5483870967741935,0.6521739130434783,1.2005610098176718,0.5,0.03225806451612903,0.16129032258064516,0.22580645161290322,0.6,0.4,1.5,193.35294117647058,4.8680199250221525,-0.7450000000000001,23,1,0,2,0,6,4,2,2,0.5,BS-H,S6,2469,False,KCR,KCR,13,5.331544416190169,5.333333333333333,352,9.689457952483078,1.0,1.0,0.0,0.0,0.0,2.0,1.0,0.0,0.0,-0.364551271117156
3,6.333333333333333,31,10,7,7,3,0,0,4,1,4,3,2,9,0,0,6.631578947368421,2.0526315789473686,9.473684210526315,0.9473684210526316,2.8421052631578947,3.7894736842105265,1.3333333333333333,0.37037037037037035,0.41935483870967744,0.6666666666666666,1.086021505376344,0.391304347826087,0.03225806451612903,0.12903225806451613,0.0967741935483871,0.4,0.6,0.6666666666666666,197.15625,1.2961127542295903,0.050800000000000005,27,1,0,5,0,6,9,1,0,1.0,BS-H,S6,2477,False,TEX,TEX,14,3.3067766143325836,7.0,127,4.602063447501404,0.0,1.0,0.0,0.0,1.0,0.0,0.0,1.0,1.0,-0.007360554037899747
3,3.0,11,2,0,0,0,0,0,1,0,1,1,5,1,1,0,0.0,0.6666666666666666,4.0,0.0,0.0,2.0,,0.18181818181818182,0.18181818181818182,0.2727272727272727,0.45454545454545453,0.2,0.0,0.09090909090909091,0.0,0.75,0.25,3.0,316.6,-1.6341589302444424,0.044399999999999995,11,0,0,1,0,6,2,0,0,,EG-S,S6,2478,False,DET,DET,15,0.4295836318764431,3.0,65,1.0,0.0,3.0,0.0,0.0,0.0,0.0,0.0,0.0,0.0,0.2067951812578524
1,0.6666666666666666,5,1,1,1,2,0,0,1,0,0,0,0,1,0,0,9.0,4.5,9.0,0.0,18.0,9.0,0.5,0.3333333333333333,0.6,0.6666666666666666,1.2666666666666666,0.5,0.0,0.2,0.4,0.0,1.0,0.0,168.83333333333334,0.9428671694168596,-0.17920000000000003,3,0,0,1,0,0,1,1,0,1.0,FP-H,S6,2495,False,OAK,OAK,16,7.09625029854311,0.6666666666666666,344,1.1845513702067176,0.0,0.0,0.0,0.0,0.0,1.0,0.0,0.0,0.0,-0.07456885865377316
1,1.0,3,0,0,0,0,0,0,2,0,0,0,0,1,0,0,0.0,0.0,0.0,0.0,0.0,12.0,,0.0,0.0,0.0,0.0,0.0,0.0,0.6666666666666666,0.0,0.0,1.0,0.0,301.0,-0.5989830508474576,0.0021,3,0,0,0,0,0,1,0,0,,TT-H,S6,2557,False,BOS,BOS,16,-2.9037497014568903,1.0,0,0.0,0.0,1.0,0.0,0.0,0.0,0.0,0.0,0.0,0.0,0.07172902005749343
