G,IP,BF,H,R,BB,IBB,Auto BB,K,HR,1B,RGO,LGO,FO,PO,LO,ERA,WHIP,H/6,HR/6,BB/6,K/6,K/BB,BAA,OBPA,SLGA,OPSA,BABIP_A,HR%_A,K%_A,BB%_A,GB%_A,FB%_A,GB/FB_A,Avg Diff,RE24,WPA,AB_A,SF_A,SH_A,2B_A,3B_A,GB_outs_A,FB_outs_A,Season,Pitcher ID,Team,is_sub_row,FIP,nIP,ERA+,GS,GF,CG,SHO,W,L,SV,HLD,W-L%,WAR
1.0,0.3333333333333333,4.0,3.0,2.0,0.0,0.0,0.0,1.0,0.0,1.0,0.0,0.0,0.0,0.0,0.0,36.0,9.0,54.0,0.0,0.0,18.0,0.0,0.75,0.75,1.25,2.0,1.0,0.0,0.25,0.0,0.0,0.0,0.0,136.75,1.3353846153846154,-0.1805,4.0,0.0,0.0,2.0,0.0,0.0,0.0,S2,-54,BAL,False,-4.315448658649399,1.0,29,0.0,1.0,0.0,0.0,0.0,0.0,0.0,0.0,0.0,-0.1172324859108004
3.0,5.0,22.0,7.0,4.0,1.0,0.0,1.0,5.0,1.0,6.0,0.0,4.0,3.0,1.0,0.0,4.8,1.6,8.399999999999999,1.2000000000000002,1.2000000000000002,6.0,5.0,0.3333333333333333,0.36363636363636365,0.47619047619047616,0.8398268398268398,0.4,0.045454545454545456,0.22727272727272727,0.045454545454545456,0.5,0.5,1.0,257.8421052631579,1.6991114905961708,0.08139999999999997,21.0,0.0,0.0,0.0,0.0,4.0,4.0,S2,-53,LAD,False,2.884551341350601,5.0,67,1.0,1.0,0.0,0.0,0.0,1.0,1.0,0.0,0.0,-0.08022828310748084
1.0,2.3333333333333335,10.0,4.0,0.0,0.0,0.0,0.0,2.0,0.0,4.0,2.0,1.0,0.0,0.0,0.0,0.0,1.7142857142857142,10.285714285714285,0.0,0.0,5.142857142857142,0.0,0.4,0.4,0.4,0.8,0.5,0.0,0.2,0.0,1.0,0.0,0.0,262.6666666666667,-2.146336106065232,0.3611,10.0,0.0,0.0,0.0,0.0,4.0,0.0,S2,-52,SEA,False,-0.029734372935113162,3.0,0,0.0,0.0,0.0,0.0,0.0,0.0,0.0,0.0,0.0,0.255398549675676
1.0,0.0,1.0,1.0,0.0,0.0,0.0,0.0,0.0,0.0,1.0,0.0,0.0,0.0,0.0,0.0,0.0,0.0,0.0,0.0,0.0,0.0,0.0,1.0,1.0,1.0,2.0,1.0,0.0,0.0,0.0,0.0,0.0,0.0,102.0,-0.23038234061379403,-0.16570000000000001,1.0,0.0,0.0,0.0,0.0,0.0,0.0,S2,-51,SEA,False,,0.6666666666666666,26,0.0,0.0,0.0,0.0,0.0,0.0,0.0,0.0,0.0,0.02711472796829469
1.0,3.0,16.0,6.0,3.0,1.0,0.0,0.0,3.0,1.0,4.0,2.0,1.0,3.0,0.0,0.0,6.0,2.3333333333333335,12.0,2.0,2.0,6.0,3.0,0.4,0.4375,0.7333333333333333,1.1708333333333334,0.45454545454545453,0.0625,0.1875,0.0625,0.5,0.5,1.0,237.75,0.907399394201644,-0.22370000000000004,15.0,0.0,0.0,0.0,1.0,3.0,3.0,S2,-50,OAK,False,5.017884674683934,3.0,87,0.0,1.0,0.0,0.0,0.0,1.0,0.0,0.0,0.0,-0.025516036909519858
1.0,0.0,1.0,0.0,0.0,1.0,0.0,1.0,0.0,0.0,0.0,0.0,0.0,0.0,0.0,0.0,0.0,0.0,0.0,0.0,0.0,0.0,0.0,0.0,1.0,0.0,1.0,0.0,0.0,0.0,1.0,0.0,0.0,0.0,,0.3301989280291505,-0.036699999999999997,0.0,0.0,0.0,0.0,0.0,0.0,0.0,S2,-49,PHI,False,inf,0.0,0,1.0,0.0,0.0,0.0,0.0,0.0,0.0,0.0,0.0,-0.028943398895999766
2.0,2.3333333333333335,12.0,5.0,2.0,1.0,0.0,0.0,1.0,2.0,3.0,0.0,1.0,3.0,1.0,0.0,5.142857142857142,2.571428571428571,12.857142857142858,5.142857142857142,2.571428571428571,2.571428571428571,1.0,0.45454545454545453,0.5,1.0,1.5,0.375,0.16666666666666666,0.08333333333333333,0.08333333333333333,0.2,0.8,0.25,203.3846153846154,0.9012662343142516,-0.0108,11.0,0.0,0.0,0.0,0.0,1.0,4.0,S2,-48,CLE,False,13.255979912779171,2.6666666666666665,62,0.0,2.0,0.0,0.0,0.0,0.0,0.0,0.0,0.0,-0.04120869654844175
5.0,27.0,122.0,39.0,21.0,6.0,0.0,0.0,29.0,6.0,25.0,8.0,5.0,26.0,5.0,0.0,4.666666666666667,1.6666666666666667,8.666666666666666,1.3333333333333333,1.3333333333333333,6.444444444444445,4.833333333333333,0.33620689655172414,0.36885245901639346,0.5603448275862069,0.9291972866026004,0.4074074074074074,0.04918032786885246,0.23770491803278687,0.04918032786885246,0.3541666666666667,0.6458333333333334,0.5483870967741935,237.08333333333334,0.7510018645810274,-0.9821,116.0,0.0,0.0,8.0,0.0,17.0,31.0,S2,-47,BAL,False,3.0919587487580085,27.666666666666668,86,3.0,4.0,3.0,0.0,0.0,4.0,0.0,0.0,0.0,0.4222320701855618
7.0,24.0,104.0,32.0,12.0,3.0,0.0,0.0,20.0,6.0,19.0,6.0,6.0,26.0,5.0,0.0,3.0,1.4583333333333333,8.0,1.5,0.75,5.0,6.666666666666667,0.32,0.33653846153846156,0.58,0.9165384615384615,0.3466666666666667,0.057692307692307696,0.19230769230769232,0.028846153846153848,0.3404255319148936,0.6595744680851063,0.5161290322580645,249.23300970873785,-6.330738603095677,0.28250000000000003,100.0,1.0,0.0,6.0,1.0,16.0,31.0,S2,-46,MTL,False,3.642884674683934,26.0,102,3.0,5.0,1.0,0.0,2.0,1.0,0.0,0.0,0.6666666666666666,1.057029226628757
1.0,4.333333333333333,21.0,6.0,4.0,2.0,0.0,0.0,4.0,3.0,2.0,3.0,1.0,5.0,0.0,0.0,5.538461538461539,1.8461538461538463,8.307692307692308,4.153846153846154,2.769230769230769,5.538461538461538,2.0,0.3157894736842105,0.38095238095238093,0.8421052631578947,1.2230576441102756,0.25,0.14285714285714285,0.19047619047619047,0.09523809523809523,0.4444444444444444,0.5555555555555556,0.8,231.66666666666666,0.9369065329151489,0.02099999999999999,19.0,0.0,0.0,1.0,0.0,4.0,5.0,S2,-45,HOU,False,10.223012879812138,4.333333333333333,57,1.0,0.0,0.0,0.0,1.0,0.0,0.0,0.0,1.0,-0.008084281246293934
5.0,6.0,38.0,14.0,9.0,7.0,0.0,2.0,5.0,3.0,7.0,2.0,1.0,3.0,1.0,0.0,9.0,3.5,14.0,3.0,7.0,5.0,0.7142857142857143,0.4827586206896552,0.5526315789473685,0.9310344827586207,1.4836660617059891,0.4782608695652174,0.07894736842105263,0.13157894736842105,0.18421052631578946,0.6,0.4,1.5,214.0857142857143,4.570792718891339,-0.4898,29.0,2.0,0.0,4.0,0.0,6.0,4.0,S2,-44,2TM,False,10.017884674683934,7.666666666666667,33,2.0,3.0,1.0,0.0,0.0,1.0,0.0,0.0,0.0,-0.30217250342635316
4.0,4.333333333333333,28.0,10.0,8.0,6.0,0.0,2.0,5.0,3.0,4.0,2.0,1.0,1.0,0.0,0.0,11.076923076923078,3.6923076923076925,13.846153846153847,4.153846153846154,8.307692307692308,6.923076923076923,0.8333333333333334,0.47619047619047616,0.5714285714285714,1.0476190476190477,1.619047619047619,0.5,0.10714285714285714,0.17857142857142858,0.21428571428571427,0.8333333333333334,0.16666666666666666,5.0,216.76,5.296058717452728,-0.4173,21.0,1.0,0.0,3.0,0.0,5.0,1.0,S2,-44,SEA,True,12.530705187504449,7.666666666666667,33,2.0,2.0,1.0,0.0,0.0,1.0,0.0,0.0,0.0,-0.4154640423516448
1.0,1.6666666666666667,10.0,4.0,1.0,1.0,0.0,0.0,0.0,0.0,3.0,0.0,0.0,2.0,1.0,0.0,3.5999999999999996,3.0,14.399999999999999,0.0,3.5999999999999996,0.0,0.0,0.5,0.5,0.625,1.125,0.4444444444444444,0.0,0.0,0.1,0.25,0.75,0.3333333333333333,207.4,-0.7252659985613876,-0.07250000000000001,8.0,1.0,0.0,1.0,0.0,1.0,3.0,S2,-44,STL,True,3.484551341350601,7.666666666666667,33,0.0,1.0,0.0,0.0,0.0,0.0,0.0,0.0,0.0,0.1132915389252916
2.0,9.0,33.0,6.0,3.0,1.0,0.0,0.0,8.0,2.0,4.0,2.0,6.0,7.0,1.0,0.0,2.0,0.7777777777777778,4.0,1.3333333333333333,0.6666666666666666,5.333333333333333,8.0,0.1875,0.21212121212121213,0.375,0.5871212121212122,0.18181818181818182,0.06060606060606061,0.24242424242424243,0.030303030303030304,0.5294117647058824,0.47058823529411764,1.125,268.5151515151515,-4.125212102353669,0.5014000000000001,32.0,0.0,0.0,0.0,0.0,9.0,8.0,S2,-43,WSH,False,3.1289957857950457,8.666666666666666,119,1.0,2.0,1.0,0.0,0.0,1.0,0.0,0.0,0.0,0.5470455091635713
3.0,11.0,52.0,18.0,8.0,3.0,0.0,0.0,5.0,3.0,13.0,7.0,9.0,7.0,1.0,0.0,4.363636363636363,1.9090909090909092,9.818181818181818,1.6363636363636362,1.6363636363636362,2.727272727272727,1.6666666666666667,0.3673469387755102,0.40384615384615385,0.6122448979591837,1.0160910518053377,0.36585365853658536,0.057692307692307696,0.09615384615384616,0.057692307692307696,0.6923076923076923,0.3076923076923077,2.25,237.05769230769232,1.3879907562320557,-0.30090000000000006,49.0,0.0,0.0,1.0,1.0,18.0,8.0,S2,-42,2TM,False,5.139096795896055,11.333333333333334,66,2.0,1.0,0.0,0.0,2.0,0.0,0.0,0.0,1.0,0.07317860753638919
2.0,6.666666666666667,27.0,7.0,2.0,1.0,0.0,0.0,5.0,1.0,4.0,4.0,4.0,4.0,1.0,0.0,1.7999999999999998,1.2,6.300000000000001,0.8999999999999999,0.8999999999999999,4.5,5.0,0.2692307692307692,0.2962962962962963,0.5,0.7962962962962963,0.3,0.037037037037037035,0.18518518518518517,0.037037037037037035,0.6428571428571429,0.35714285714285715,1.8,263.1923076923077,-2.951762725792295,0.08679999999999999,26.0,0.0,0.0,1.0,1.0,9.0,5.0,S2,-42,LAD,True,2.584551341350601,11.333333333333334,66,1.0,1.0,0.0,0.0,1.0,0.0,0.0,0.0,1.0,0.4052416080659421
1.0,4.333333333333333,25.0,11.0,6.0,2.0,0.0,0.0,0.0,2.0,9.0,3.0,5.0,3.0,0.0,0.0,8.307692307692308,3.0,15.230769230769234,2.769230769230769,2.769230769230769,0.0,0.0,0.4782608695652174,0.52,0.7391304347826086,1.2591304347826087,0.42857142857142855,0.08,0.0,0.08,0.75,0.25,3.0,210.92307692307693,4.339753482024351,-0.38770000000000004,23.0,0.0,0.0,0.0,0.0,9.0,3.0,S2,-42,PIT,True,9.069166725965985,11.333333333333334,66,1.0,0.0,0.0,0.0,1.0,0.0,0.0,0.0,1.0,-0.332063000529553
3.0,6.0,27.0,8.0,6.0,2.0,0.0,0.0,6.0,1.0,5.0,1.0,4.0,5.0,0.0,0.0,6.0,1.6666666666666667,8.0,1.0,2.0,6.0,3.0,0.32,0.37037037037037035,0.52,0.8903703703703704,0.3888888888888889,0.037037037037037035,0.2222222222222222,0.07407407407407407,0.5454545454545454,0.45454545454545453,1.2,258.48148148148147,1.8147987884032883,0.049800000000000066,25.0,0.0,0.0,2.0,0.0,6.0,5.0,S2,-41,MIN,False,2.851218008017268,6.0,70,1.0,2.0,0.0,0.0,1.0,0.0,1.0,0.0,1.0,-0.07141454335361616
2.0,5.666666666666667,22.0,4.0,3.0,1.0,0.0,0.0,8.0,0.0,2.0,1.0,5.0,3.0,0.0,0.0,3.176470588235294,0.8823529411764706,4.235294117647058,0.0,1.0588235294117645,8.470588235294116,8.0,0.19047619047619047,0.22727272727272727,0.3333333333333333,0.5606060606060606,0.3076923076923077,0.0,0.36363636363636365,0.045454545454545456,0.6666666666666666,0.3333333333333333,2.0,284.0,-0.9240302624970259,0.08690000000000003,21.0,0.0,0.0,1.0,1.0,6.0,3.0,S2,-40,SFG,False,-0.6095663057082223,6.0,98,1.0,1.0,0.0,0.0,0.0,1.0,0.0,0.0,0.0,0.18208589220183882
1.0,4.333333333333333,14.0,3.0,1.0,1.0,0.0,0.0,0.0,1.0,2.0,5.0,1.0,0.0,2.0,0.0,1.3846153846153848,0.9230769230769231,4.153846153846154,1.3846153846153846,1.3846153846153846,0.0,0.0,0.23076923076923078,0.2857142857142857,0.46153846153846156,0.7472527472527473,0.16666666666666666,0.07142857142857142,0.0,0.07142857142857142,0.8,0.2,4.0,335.14285714285717,-2.0630934670848506,0.2544,13.0,0.0,0.0,0.0,0.0,8.0,2.0,S2,-39,SFG,False,5.3768590336582935,4.333333333333333,176,1.0,0.0,0.0,0.0,0.0,0.0,0.0,0.0,0.0,0.263380261405299
1.0,1.6666666666666667,9.0,3.0,2.0,1.0,0.0,0.0,1.0,0.0,3.0,1.0,0.0,3.0,0.0,0.0,7.199999999999999,2.4,10.799999999999999,0.0,3.5999999999999996,3.5999999999999996,1.0,0.375,0.4444444444444444,0.375,0.8194444444444444,0.42857142857142855,0.0,0.1111111111111111,0.1111111111111111,0.25,0.75,0.3333333333333333,210.7,0.3858824998706858,-0.15669999999999998,8.0,0.0,0.0,0.0,0.0,1.0,3.0,S2,-38,DET,False,2.284551341350601,2.0,116,0.0,0.0,0.0,0.0,0.0,1.0,0.0,0.0,0.0,-0.001899804824831025
1.0,3.0,11.0,2.0,0.0,1.0,0.0,0.0,1.0,0.0,2.0,4.0,1.0,1.0,0.0,0.0,0.0,1.0,4.0,0.0,2.0,2.0,1.0,0.2,0.2727272727272727,0.2,0.4727272727272727,0.2222222222222222,0.0,0.09090909090909091,0.09090909090909091,0.8571428571428571,0.14285714285714285,6.0,310.1818181818182,-2.092600605798356,0.2014,10.0,0.0,0.0,0.0,0.0,6.0,1.0,S2,-37,MTL,False,2.0178846746839345,3.0,0,1.0,0.0,0.0,0.0,0.0,0.0,0.0,0.0,0.0,0.2541014935559037
2.0,10.0,43.0,11.0,8.0,3.0,0.0,0.0,7.0,5.0,4.0,4.0,5.0,9.0,3.0,0.0,4.8,1.4,6.6000000000000005,3.0,1.7999999999999998,4.199999999999999,2.3333333333333335,0.275,0.32558139534883723,0.7,1.025581395348837,0.21428571428571427,0.11627906976744186,0.16279069767441862,0.06976744186046512,0.45454545454545453,0.5454545454545454,0.8333333333333334,262.93023255813955,1.0246646473388132,-0.02060000000000005,40.0,0.0,0.0,2.0,0.0,10.0,12.0,S2,-36,MIL,False,7.684551341350601,10.0,67,2.0,1.0,1.0,0.0,0.0,1.0,0.0,0.0,0.0,0.07282277326347589
3.0,18.0,69.0,13.0,4.0,4.0,0.0,0.0,10.0,1.0,5.0,15.0,8.0,15.0,2.0,0.0,1.3333333333333333,0.9444444444444444,4.333333333333333,0.3333333333333333,1.3333333333333333,3.3333333333333335,2.5,0.2,0.2463768115942029,0.35384615384615387,0.6002229654403568,0.2222222222222222,0.014492753623188406,0.14492753623188406,0.057971014492753624,0.5952380952380952,0.40476190476190477,1.4705882352941178,262.6,-8.705626085457746,1.4116000000000002,65.0,0.0,0.0,7.0,0.0,25.0,17.0,S2,-35,OAK,False,1.9623291191283787,18.0,261,3.0,3.0,3.0,0.0,3.0,0.0,0.0,0.0,1.0,1.1518406881229293
5.0,24.0,116.0,33.0,22.0,13.0,0.0,0.0,25.0,6.0,23.0,5.0,12.0,22.0,4.0,0.0,5.5,1.9166666666666667,8.25,1.5,3.25,6.25,1.9230769230769231,0.32038834951456313,0.39655172413793105,0.5436893203883495,0.9402410445262805,0.375,0.05172413793103448,0.21551724137931033,0.11206896551724138,0.4222222222222222,0.5777777777777777,0.7307692307692307,240.58620689655172,7.443312994493824,-0.08639999999999999,103.0,0.0,0.0,3.0,1.0,19.0,26.0,S2,-34,2TM,False,4.476218008017268,25.333333333333332,75,4.0,2.0,1.0,0.0,1.0,1.0,0.0,0.0,0.5,-0.2714580062472095
5.0,23.0,111.0,32.0,21.0,12.0,0.0,0.0,23.0,6.0,22.0,5.0,12.0,21.0,4.0,0.0,5.478260869565218,1.9130434782608696,8.347826086956522,1.5652173913043477,3.1304347826086953,6.0,1.9166666666666667,0.32323232323232326,0.3963963963963964,0.5555555555555556,0.9519519519519519,0.37142857142857144,0.05405405405405406,0.2072072072072072,0.10810810810810811,0.4318181818181818,0.5681818181818182,0.76,242.0900900900901,6.91046418914615,-0.17059999999999997,99.0,0.0,0.0,3.0,1.0,19.0,25.0,S2,-34,LAD,True,4.641073080481036,25.333333333333332,75,4.0,2.0,1.0,0.0,1.0,1.0,0.0,0.0,0.5,-0.23855559524701847
1.0,1.0,5.0,1.0,1.0,1.0,0.0,0.0,2.0,0.0,1.0,0.0,0.0,1.0,0.0,0.0,6.0,2.0,6.0,0.0,6.0,12.0,2.0,0.25,0.4,0.25,0.65,0.5,0.0,0.4,0.2,0.0,1.0,0.0,207.2,0.5328488053476755,0.08419999999999998,4.0,0.0,0.0,0.0,0.0,0.0,1.0,S2,-34,SEA,True,0.684551341350601,25.333333333333332,75,0.0,0.0,0.0,0.0,0.0,0.0,0.0,0.0,0.0,-0.03290241100019113
2.0,4.0,14.0,1.0,0.0,1.0,0.0,1.0,4.0,0.0,1.0,1.0,2.0,5.0,0.0,0.0,0.0,0.5,1.5,0.0,1.5,6.0,4.0,0.07692307692307693,0.14285714285714285,0.07692307692307693,0.21978021978021978,0.1111111111111111,0.0,0.2857142857142857,0.07142857142857142,0.375,0.625,0.6,313.84615384615387,-2.4599352130353234,0.218,13.0,0.0,0.0,0.0,0.0,3.0,5.0,S2,-33,BOS,False,0.43455134135060103,4.0,226,2.0,0.0,0.0,0.0,1.0,0.0,0.0,0.0,1.0,0.3030644360003463
1.0,0.0,1.0,0.0,0.0,1.0,0.0,1.0,0.0,0.0,0.0,0.0,0.0,0.0,0.0,0.0,0.0,0.0,0.0,0.0,0.0,0.0,0.0,0.0,1.0,0.0,1.0,0.0,0.0,0.0,1.0,0.0,0.0,0.0,,0.3301989280291505,-0.036699999999999997,0.0,0.0,0.0,0.0,0.0,0.0,0.0,S2,-32,MTL,False,inf,0.0,0,1.0,0.0,0.0,0.0,0.0,0.0,0.0,0.0,0.0,-0.028943398895999766
1.0,2.0,8.0,1.0,0.0,1.0,0.0,0.0,4.0,0.0,1.0,1.0,0.0,1.0,0.0,0.0,0.0,1.0,3.0,0.0,3.0,12.0,4.0,0.14285714285714285,0.25,0.14285714285714285,0.39285714285714285,0.3333333333333333,0.0,0.5,0.125,0.5,0.5,1.0,291.375,-1.3950670705322372,0.1012,7.0,0.0,0.0,0.0,0.0,1.0,1.0,S2,-31,TEX,False,-0.815448658649399,2.0,0,0.0,1.0,0.0,0.0,0.0,0.0,1.0,0.0,0.0,0.17211865830854597
6.0,15.0,74.0,18.0,11.0,9.0,0.0,0.0,14.0,2.0,13.0,3.0,6.0,20.0,0.0,0.0,4.4,1.8,7.199999999999999,0.8,3.5999999999999996,5.6,1.5555555555555556,0.2903225806451613,0.36486486486486486,0.46774193548387094,0.8326068003487358,0.32653061224489793,0.02702702702702703,0.1891891891891892,0.12162162162162163,0.3333333333333333,0.6666666666666666,0.5,230.59459459459458,-1.2534461497932852,-0.06199999999999997,62.0,3.0,0.0,1.0,2.0,10.0,20.0,S2,-30,SEA,False,3.351218008017268,16.0,132,4.0,3.0,2.0,0.0,1.0,2.0,0.0,0.0,0.3333333333333333,0.42700516409105943
3.0,12.666666666666666,56.0,15.0,5.0,5.0,0.0,0.0,11.0,1.0,10.0,4.0,2.0,14.0,1.0,0.0,2.368421052631579,1.5789473684210527,7.105263157894738,0.4736842105263158,2.3684210526315788,5.210526315789474,2.2,0.3,0.35714285714285715,0.46,0.8171428571428572,0.358974358974359,0.017857142857142856,0.19642857142857142,0.08928571428571429,0.375,0.625,0.6,240.30357142857142,-4.398134886488693,0.37320000000000003,50.0,1.0,0.0,3.0,1.0,9.0,15.0,S2,-29,WSH,False,2.158235551876917,13.0,151,2.0,3.0,2.0,1.0,2.0,0.0,0.0,0.0,1.0,0.6680971474361252
2.0,2.3333333333333335,11.0,1.0,0.0,2.0,1.0,1.0,2.0,0.0,1.0,0.0,0.0,3.0,1.0,0.0,0.0,1.2857142857142856,2.571428571428571,0.0,5.142857142857142,5.142857142857142,1.0,0.125,0.2727272727272727,0.125,0.3977272727272727,0.14285714285714285,0.0,0.18181818181818182,0.18181818181818182,0.0,1.0,0.0,211.55555555555554,-3.9498727665903792,0.6437,8.0,1.0,0.0,0.0,0.0,0.0,4.0,S2,-28,BOS,False,2.5416941984934582,3.3333333333333335,252,0.0,1.0,0.0,0.0,1.0,0.0,0.0,0.0,1.0,0.439828709635106
4.0,4.333333333333333,17.0,2.0,2.0,2.0,0.0,0.0,6.0,1.0,1.0,2.0,2.0,3.0,0.0,0.0,2.7692307692307696,0.9230769230769231,2.769230769230769,1.3846153846153846,2.769230769230769,8.307692307692308,3.0,0.13333333333333333,0.23529411764705882,0.3333333333333333,0.5686274509803921,0.125,0.058823529411764705,0.35294117647058826,0.11764705882352941,0.5714285714285714,0.42857142857142855,1.3333333333333333,256.2352941176471,-3.6149880350456316,0.3633,15.0,0.0,0.0,0.0,0.0,4.0,3.0,S2,-27,MIN,False,3.2999359567352164,4.666666666666667,84,0.0,4.0,0.0,0.0,0.0,1.0,2.0,0.0,0.0,0.43079919992212296
6.0,18.666666666666668,90.0,28.0,20.0,6.0,0.0,0.0,13.0,6.0,15.0,12.0,6.0,18.0,3.0,0.0,6.428571428571428,1.8214285714285714,9.0,1.9285714285714284,1.9285714285714284,4.178571428571429,2.1666666666666665,0.34146341463414637,0.37777777777777777,0.6463414634146342,1.024119241192412,0.3384615384615385,0.06666666666666667,0.14444444444444443,0.06666666666666667,0.4878048780487805,0.5121951219512195,0.9523809523809523,236.31460674157304,6.5458426109501975,-0.19359999999999994,82.0,2.0,0.0,7.0,0.0,20.0,21.0,S2,-26,PIT,False,5.4345513413506,19.666666666666668,56,4.0,3.0,1.0,0.0,2.0,2.0,1.0,0.0,0.5,-0.28769980947264423
1.0,5.0,22.0,7.0,3.0,0.0,0.0,0.0,8.0,1.0,4.0,0.0,1.0,5.0,1.0,0.0,3.6,1.4,8.399999999999999,1.2000000000000002,0.0,9.600000000000001,0.0,0.3181818181818182,0.3181818181818182,0.5454545454545454,0.8636363636363635,0.46153846153846156,0.045454545454545456,0.36363636363636365,0.0,0.14285714285714285,0.8571428571428571,0.16666666666666666,235.6086956521739,-0.7607537392275202,-0.03670000000000001,22.0,0.0,0.0,2.0,0.0,1.0,6.0,S2,-25,PHI,False,1.084551341350601,5.0,145,1.0,1.0,1.0,0.0,0.0,1.0,0.0,0.0,0.0,0.16575823987488825
6.0,18.666666666666668,73.0,16.0,8.0,4.0,0.0,0.0,11.0,3.0,8.0,7.0,14.0,13.0,4.0,0.0,2.571428571428571,1.0714285714285714,5.142857142857142,0.9642857142857142,1.2857142857142856,3.5357142857142856,2.75,0.23529411764705882,0.273972602739726,0.47058823529411764,0.7445608380338437,0.23636363636363636,0.0410958904109589,0.1506849315068493,0.0547945205479452,0.5853658536585366,0.4146341463414634,1.411764705882353,270.5068493150685,-7.508474986293881,1.8234000000000001,68.0,1.0,0.0,3.0,2.0,24.0,17.0,S2,-24,TB,False,3.2381227699220294,18.666666666666668,94,1.0,6.0,1.0,1.0,3.0,1.0,1.0,0.0,0.75,1.0484315538342037
4.0,6.0,32.0,10.0,7.0,4.0,0.0,1.0,10.0,2.0,6.0,1.0,0.0,3.0,1.0,0.0,7.0,2.3333333333333335,10.0,2.0,4.0,10.0,2.5,0.38461538461538464,0.4375,0.6923076923076923,1.1298076923076923,0.5,0.0625,0.3125,0.125,0.3333333333333333,0.6666666666666666,0.5,239.96875,2.8567459117494747,-0.49229999999999996,26.0,2.0,0.0,2.0,0.0,2.0,4.0,S2,-23,STL,False,4.684551341350601,7.0,61,2.0,2.0,0.0,0.0,0.0,1.0,0.0,0.0,0.0,-0.1552267861536584
8.0,18.666666666666668,76.0,12.0,8.0,13.0,1.0,2.0,11.0,1.0,9.0,8.0,6.0,17.0,5.0,0.0,2.571428571428571,1.3392857142857142,3.8571428571428568,0.3214285714285714,4.178571428571429,3.5357142857142856,0.8461538461538461,0.19047619047619047,0.32894736842105265,0.2698412698412698,0.5987886382623224,0.21568627450980393,0.013157894736842105,0.14473684210526316,0.17105263157894737,0.45,0.55,0.8181818181818182,262.7638888888889,-3.8009026925670995,1.2410999999999999,63.0,0.0,0.0,2.0,0.0,18.0,22.0,S2,-22,5TM,False,3.291694198493458,19.0,164,6.0,3.0,2.0,1.0,3.0,2.0,0.0,0.0,0.6,0.6899038061822715
2.0,1.0,7.0,2.0,3.0,3.0,1.0,1.0,1.0,0.0,2.0,0.0,1.0,0.0,0.0,0.0,18.0,5.0,12.0,0.0,18.0,6.0,0.3333333333333333,0.5,0.7142857142857143,0.5,1.2142857142857144,0.6666666666666666,0.0,0.14285714285714285,0.42857142857142855,1.0,0.0,0.0,216.85714285714286,4.704412087950324,-0.2188,4.0,0.0,0.0,0.0,0.0,1.0,0.0,S2,-22,ARI,True,8.684551341350602,19.0,164,1.0,0.0,0.0,0.0,0.0,1.0,0.0,0.0,0.0,-0.4419057514466254
1.0,6.0,21.0,0.0,0.0,3.0,0.0,0.0,3.0,0.0,0.0,4.0,0.0,9.0,2.0,0.0,0.0,0.5,0.0,0.0,3.0,3.0,1.0,0.0,0.14285714285714285,0.0,0.14285714285714285,0.0,0.0,0.14285714285714285,0.14285714285714285,0.26666666666666666,0.7333333333333333,0.36363636363636365,272.5,-4.185201211596712,0.6456000000000001,18.0,0.0,0.0,0.0,0.0,4.0,11.0,S2,-22,BOS,True,2.184551341350601,19.0,164,1.0,1.0,1.0,1.0,1.0,0.0,0.0,0.0,1.0,0.5041264932048921
2.0,3.6666666666666665,15.0,4.0,1.0,1.0,0.0,0.0,3.0,1.0,3.0,0.0,2.0,3.0,1.0,0.0,1.6363636363636365,1.3636363636363638,6.545454545454547,1.6363636363636367,1.6363636363636367,4.909090909090909,3.0,0.2857142857142857,0.3333333333333333,0.5,0.8333333333333333,0.3,0.06666666666666667,0.2,0.06666666666666667,0.42857142857142855,0.5714285714285714,0.75,258.5,-3.0700442148209124,0.441,14.0,0.0,0.0,0.0,0.0,3.0,4.0,S2,-22,OAK,True,4.4118240686233285,19.0,164,1.0,1.0,0.0,0.0,1.0,0.0,0.0,0.0,1.0,0.36815183008582053
1.0,5.0,20.0,5.0,1.0,3.0,0.0,0.0,2.0,0.0,4.0,3.0,2.0,2.0,0.0,0.0,1.2,1.6,6.0,0.0,3.5999999999999996,2.4000000000000004,0.6666666666666666,0.29411764705882354,0.4,0.35294117647058826,0.7529411764705882,0.3333333333333333,0.0,0.1,0.15,0.8,0.2,4.0,277.6,-2.4876676763305925,0.4247000000000001,17.0,0.0,0.0,1.0,0.0,8.0,2.0,S2,-22,SEA,True,2.684551341350601,19.0,164,1.0,1.0,1.0,0.0,1.0,0.0,0.0,0.0,1.0,0.3302966457713649
2.0,3.0,13.0,1.0,3.0,3.0,0.0,1.0,2.0,0.0,0.0,1.0,1.0,3.0,2.0,0.0,6.0,1.3333333333333333,2.0,0.0,6.0,4.0,0.6666666666666666,0.1,0.3076923076923077,0.2,0.5076923076923077,0.125,0.0,0.15384615384615385,0.23076923076923078,0.2857142857142857,0.7142857142857143,0.4,252.72727272727272,1.2375983222307947,-0.05139999999999998,10.0,0.0,0.0,1.0,0.0,2.0,5.0,S2,-22,WSH,True,3.351218008017268,19.0,164,2.0,0.0,0.0,0.0,0.0,1.0,0.0,0.0,0.0,-0.07076541143318078
7.0,32.0,128.0,35.0,16.0,10.0,0.0,0.0,19.0,7.0,23.0,12.0,15.0,16.0,8.0,0.0,3.0,1.40625,6.5625,1.3125,1.875,3.5625,1.9,0.29914529914529914,0.3515625,0.5384615384615384,0.8900240384615384,0.30434782608695654,0.0546875,0.1484375,0.078125,0.6190476190476191,0.38095238095238093,1.625,257.59055118110234,-6.593224109853143,0.5888000000000001,117.0,1.0,0.0,3.0,2.0,39.0,24.0,S2,-21,STL,False,4.278301341350601,32.0,73,5.0,3.0,1.0,0.0,3.0,2.0,0.0,0.0,0.6,1.1811136310704706
1.0,0.3333333333333333,1.0,0.0,0.0,0.0,0.0,0.0,1.0,0.0,0.0,0.0,0.0,0.0,0.0,0.0,0.0,0.0,0.0,0.0,0.0,18.0,0.0,0.0,0.0,0.0,0.0,0.0,0.0,1.0,0.0,0.0,0.0,0.0,379.0,-0.5145929339477726,0.1383,1.0,0.0,0.0,0.0,0.0,0.0,0.0,S2,-20,MIN,False,-4.315448658649399,1.0,0,0.0,1.0,0.0,0.0,0.0,0.0,0.0,0.0,0.0,0.05553578730169254
9.0,29.0,112.0,21.0,8.0,10.0,3.0,0.0,14.0,5.0,12.0,13.0,17.0,24.0,6.0,0.0,1.6551724137931034,1.0689655172413792,4.344827586206897,1.0344827586206897,2.0689655172413794,2.896551724137931,1.4,0.2079207920792079,0.2767857142857143,0.40594059405940597,0.6827263083451203,0.1927710843373494,0.044642857142857144,0.125,0.08928571428571429,0.5454545454545454,0.45454545454545453,1.2,261.0272727272727,-11.297614539099868,1.2490999999999999,101.0,1.0,0.0,3.0,1.0,36.0,30.0,S2,-19,MIN,False,3.994896168936808,29.333333333333332,170,6.0,2.0,1.0,1.0,4.0,2.0,1.0,2.0,0.6666666666666666,1.5863287714844987
4.0,9.0,55.0,23.0,19.0,5.0,0.0,3.0,4.0,9.0,12.0,6.0,8.0,4.0,3.0,0.0,12.666666666666666,3.111111111111111,15.333333333333332,6.0,3.3333333333333335,2.6666666666666665,0.8,0.46938775510204084,0.509090909090909,1.0612244897959184,1.5703153988868275,0.3783783783783784,0.16363636363636364,0.07272727272727272,0.09090909090909091,0.6818181818181818,0.3181818181818182,2.142857142857143,216.51923076923077,12.707364295657435,-1.2479,49.0,1.0,0.0,2.0,0.0,15.0,7.0,S2,-18,2TM,False,15.46232911912838,9.666666666666666,33,3.0,1.0,1.0,0.0,0.0,2.0,0.0,0.0,0.0,-1.0465292646854027
3.0,6.333333333333333,42.0,18.0,15.0,5.0,0.0,3.0,3.0,6.0,10.0,4.0,5.0,3.0,2.0,0.0,14.210526315789474,3.6315789473684212,17.05263157894737,5.684210526315789,4.7368421052631575,2.8421052631578947,0.6,0.5,0.5476190476190477,1.0555555555555556,1.6031746031746033,0.42857142857142855,0.14285714285714285,0.07142857142857142,0.11904761904761904,0.6666666666666666,0.3333333333333333,2.0,205.17948717948718,10.58170527235451,-0.9906,36.0,1.0,0.0,2.0,0.0,10.0,5.0,S2,-18,MIL,True,15.42139344661376,9.666666666666666,33,2.0,1.0,1.0,0.0,0.0,2.0,0.0,0.0,0.0,-0.8869577831450091
1.0,2.6666666666666665,13.0,5.0,4.0,0.0,0.0,0.0,1.0,3.0,2.0,2.0,3.0,1.0,1.0,0.0,9.0,1.875,11.25,6.75,0.0,2.25,0.0,0.38461538461538464,0.38461538461538464,1.0769230769230769,1.4615384615384615,0.2222222222222222,0.23076923076923078,0.07692307692307693,0.0,0.7142857142857143,0.2857142857142857,2.5,250.53846153846155,2.125659023302928,-0.2573,13.0,0.0,0.0,0.0,0.0,5.0,2.0,S2,-18,TEX,True,15.559551341350602,9.666666666666666,33,1.0,0.0,0.0,0.0,0.0,0.0,0.0,0.0,0.0,-0.15957148154039413
13.0,45.333333333333336,200.0,60.0,32.0,13.0,0.0,1.0,55.0,13.0,40.0,13.0,10.0,34.0,7.0,0.0,4.235294117647059,1.6102941176470587,7.9411764705882355,1.7205882352941175,1.7205882352941175,7.279411764705882,4.230769230769231,0.3225806451612903,0.365,0.5698924731182796,0.9348924731182796,0.3949579831932773,0.065,0.275,0.065,0.4225352112676056,0.5774647887323944,0.7317073170731707,246.56650246305418,-0.23946690480342614,0.033499999999999974,186.0,1.0,0.0,7.0,0.0,30.0,41.0,S2,-17,2TM,False,3.846316047232954,45.333333333333336,81,6.0,13.0,6.0,1.0,4.0,4.0,1.0,0.0,0.5,0.8392454718633993
12.0,39.333333333333336,177.0,55.0,28.0,11.0,0.0,1.0,50.0,12.0,36.0,11.0,10.0,28.0,6.0,0.0,4.271186440677966,1.6779661016949152,8.389830508474574,1.830508474576271,1.6779661016949152,7.627118644067796,4.545454545454546,0.3333333333333333,0.3728813559322034,0.593939393939394,0.9668207498715974,0.41346153846153844,0.06779661016949153,0.2824858757062147,0.062146892655367235,0.43333333333333335,0.5666666666666667,0.7647058823529411,245.2111111111111,-0.05426569320671959,0.25759999999999994,165.0,1.0,0.0,7.0,0.0,26.0,34.0,S2,-17,HOU,True,3.9472632057573804,45.333333333333336,81,5.0,12.0,5.0,1.0,4.0,3.0,1.0,0.0,0.5714285714285714,0.7269659908446772
1.0,6.0,23.0,5.0,4.0,2.0,0.0,0.0,5.0,1.0,4.0,2.0,0.0,6.0,1.0,0.0,4.0,1.1666666666666667,5.0,1.0,2.0,5.0,2.5,0.23809523809523808,0.30434782608695654,0.38095238095238093,0.6853002070393375,0.26666666666666666,0.043478260869565216,0.21739130434782608,0.08695652173913043,0.36363636363636365,0.6363636363636364,0.5714285714285714,257.17391304347825,-0.1852012115967117,-0.22409999999999994,21.0,0.0,0.0,0.0,0.0,4.0,7.0,S2,-17,TEX,True,3.184551341350601,45.333333333333336,81,1.0,1.0,1.0,0.0,0.0,1.0,0.0,0.0,0.0,0.11227948101872269
4.0,13.333333333333334,59.0,13.0,6.0,8.0,0.0,0.0,14.0,0.0,10.0,5.0,3.0,10.0,2.0,0.0,2.6999999999999997,1.575,5.85,0.0,3.5999999999999996,6.300000000000001,1.75,0.26,0.3559322033898305,0.36,0.7159322033898305,0.35135135135135137,0.0,0.23728813559322035,0.13559322033898305,0.4782608695652174,0.5217391304347826,0.9166666666666666,259.0,-3.876188631406423,-0.3571999999999999,50.0,1.0,0.0,1.0,2.0,11.0,12.0,S2,-16,LAD,False,1.384551341350601,15.0,155,2.0,3.0,1.0,0.0,1.0,2.0,0.0,0.0,0.3333333333333333,0.6281320036486441
13.0,37.0,171.0,50.0,37.0,19.0,2.0,2.0,18.0,10.0,27.0,21.0,16.0,30.0,4.0,0.0,6.0,1.864864864864865,8.108108108108109,1.6216216216216217,3.0810810810810807,2.9189189189189193,0.9473684210526315,0.3333333333333333,0.40350877192982454,0.6533333333333333,1.0568421052631578,0.3225806451612903,0.05847953216374269,0.10526315789473684,0.1111111111111111,0.5802469135802469,0.41975308641975306,1.3823529411764706,232.62941176470588,7.532863877158749,-1.7963000000000002,150.0,2.0,0.0,8.0,5.0,47.0,34.0,S2,-15,2TM,False,5.765632422431682,37.666666666666664,46,8.0,8.0,3.0,0.0,1.0,8.0,0.0,0.0,0.1111111111111111,-0.05620592963336142
8.0,20.666666666666668,103.0,35.0,26.0,9.0,1.0,0.0,13.0,7.0,19.0,9.0,9.0,21.0,2.0,0.0,7.548387096774193,2.129032258064516,10.161290322580644,2.032258064516129,2.6129032258064515,3.774193548387097,1.4444444444444444,0.3763440860215054,0.42718446601941745,0.7419354838709677,1.1691199498903853,0.3783783783783784,0.06796116504854369,0.1262135922330097,0.08737864077669903,0.4772727272727273,0.5227272727272727,0.9130434782608695,213.33333333333334,8.823949854202171,-1.6710000000000003,93.0,1.0,0.0,5.0,4.0,21.0,23.0,S2,-15,LAD,True,6.136164244576407,37.666666666666664,46,5.0,4.0,1.0,0.0,1.0,4.0,0.0,0.0,0.2,-0.46251611300794293
5.0,16.333333333333332,68.0,15.0,11.0,10.0,1.0,2.0,5.0,3.0,8.0,12.0,7.0,9.0,2.0,0.0,4.040816326530613,1.5306122448979593,5.510204081632653,1.1020408163265307,3.673469387755102,1.836734693877551,0.5,0.2631578947368421,0.36764705882352944,0.5087719298245614,0.8764189886480909,0.24,0.04411764705882353,0.07352941176470588,0.14705882352941177,0.7027027027027027,0.2972972972972973,2.3636363636363638,263.8,-1.291085977043422,-0.12529999999999988,57.0,1.0,0.0,3.0,1.0,26.0,11.0,S2,-15,SEA,True,5.296796239309785,37.666666666666664,46,3.0,4.0,2.0,0.0,0.0,4.0,0.0,0.0,0.0,0.4063101833745815
10.0,33.666666666666664,141.0,36.0,14.0,14.0,1.0,4.0,23.0,2.0,26.0,14.0,11.0,21.0,5.0,0.0,2.495049504950495,1.4851485148514854,6.415841584158416,0.3564356435643565,2.4950495049504955,4.099009900990099,1.6428571428571428,0.2903225806451613,0.3546099290780142,0.4032258064516129,0.757835735529627,0.3333333333333333,0.014184397163120567,0.16312056737588654,0.09929078014184398,0.59375,0.40625,1.4615384615384615,245.35338345864662,-10.32865342120286,1.1785,124.0,3.0,0.0,8.0,0.0,38.0,26.0,S2,-14,3TM,False,2.3380166878852546,35.0,171,8.0,4.0,2.0,0.0,1.0,2.0,0.0,0.0,0.3333333333333333,1.607650982995341
2.0,8.666666666666666,35.0,7.0,1.0,3.0,1.0,1.0,6.0,0.0,6.0,4.0,3.0,6.0,3.0,0.0,0.6923076923076924,1.153846153846154,4.846153846153847,0.0,2.076923076923077,4.153846153846154,2.0,0.22580645161290322,0.2857142857142857,0.25806451612903225,0.543778801843318,0.2692307692307692,0.0,0.17142857142857143,0.08571428571428572,0.5,0.5,1.0,264.9375,-5.9594697553559115,1.3471,31.0,1.0,0.0,1.0,0.0,9.0,9.0,S2,-14,HOU,True,1.3383974951967548,35.0,171,2.0,1.0,1.0,0.0,0.0,0.0,0.0,0.0,0.0,0.7386242622776261
5.0,15.333333333333334,64.0,17.0,9.0,7.0,0.0,2.0,12.0,1.0,12.0,8.0,4.0,7.0,1.0,0.0,3.5217391304347823,1.5652173913043477,6.6521739130434785,0.3913043478260869,2.7391304347826084,4.695652173913043,1.7142857142857142,0.30357142857142855,0.375,0.42857142857142855,0.8035714285714286,0.36363636363636365,0.015625,0.1875,0.109375,0.7037037037037037,0.2962962962962963,2.375,244.63934426229508,-1.393848313185762,-0.26059999999999994,56.0,1.0,0.0,4.0,0.0,19.0,8.0,S2,-14,PHI,True,2.3367252543940795,35.0,171,4.0,1.0,0.0,0.0,0.0,1.0,0.0,0.0,0.0,0.40028044136115437
3.0,9.666666666666666,42.0,12.0,4.0,4.0,0.0,1.0,5.0,1.0,8.0,2.0,4.0,8.0,1.0,0.0,2.4827586206896552,1.6551724137931036,7.448275862068966,0.6206896551724139,2.4827586206896557,3.1034482758620694,1.25,0.32432432432432434,0.38095238095238093,0.4864864864864865,0.8674388674388674,0.34375,0.023809523809523808,0.11904761904761904,0.09523809523809523,0.5263157894736842,0.47368421052631576,1.1111111111111112,230.775,-2.9753353526611868,0.09200000000000003,37.0,1.0,0.0,3.0,0.0,10.0,9.0,S2,-14,SFG,True,3.2362754792816357,35.0,171,2.0,2.0,1.0,0.0,1.0,1.0,0.0,0.0,0.5,0.4687462793565606
9.0,22.333333333333332,98.0,25.0,18.0,9.0,0.0,3.0,25.0,8.0,10.0,3.0,8.0,21.0,2.0,0.0,4.835820895522389,1.5223880597014927,6.7164179104477615,2.1492537313432836,2.417910447761194,6.7164179104477615,2.7777777777777777,0.2840909090909091,0.3469387755102041,0.6590909090909091,1.0060296846011132,0.30357142857142855,0.08163265306122448,0.25510204081632654,0.09183673469387756,0.39473684210526316,0.6052631578947368,0.6521739130434783,243.82291666666666,0.6227244192292604,-0.7007,88.0,1.0,0.0,5.0,2.0,15.0,23.0,S2,-13,2TM,False,5.311417012992392,24.333333333333332,70,3.0,6.0,0.0,0.0,1.0,5.0,1.0,0.0,0.16666666666666666,0.33722396095477175
8.0,19.666666666666668,84.0,21.0,16.0,8.0,0.0,3.0,23.0,7.0,8.0,2.0,7.0,18.0,1.0,0.0,4.881355932203389,1.4745762711864405,6.40677966101695,2.135593220338983,2.4406779661016946,7.016949152542373,2.875,0.27631578947368424,0.34523809523809523,0.6447368421052632,0.9899749373433584,0.30434782608695654,0.08333333333333333,0.27380952380952384,0.09523809523809523,0.40625,0.59375,0.6842105263157895,245.49382716049382,1.232536381957066,-0.6833999999999999,76.0,0.0,0.0,5.0,1.0,13.0,19.0,S2,-13,DET,True,5.193025917621787,24.333333333333332,70,2.0,6.0,0.0,0.0,1.0,4.0,1.0,0.0,0.2,0.21917184998517722
1.0,2.6666666666666665,14.0,4.0,2.0,1.0,0.0,0.0,2.0,1.0,2.0,1.0,1.0,3.0,1.0,0.0,4.5,1.875,9.0,2.25,2.25,4.5,2.0,0.3333333333333333,0.35714285714285715,0.75,1.1071428571428572,0.3,0.07142857142857142,0.14285714285714285,0.07142857142857142,0.3333333333333333,0.6666666666666666,0.5,234.8,-0.6098119627278062,-0.017299999999999982,12.0,1.0,0.0,0.0,1.0,2.0,4.0,S2,-13,SFG,True,6.184551341350601,24.333333333333332,70,1.0,0.0,0.0,0.0,0.0,1.0,0.0,0.0,0.0,0.11805211096959459
2.0,3.0,10.0,1.0,0.0,0.0,0.0,0.0,3.0,0.0,0.0,0.0,1.0,5.0,0.0,0.0,0.0,0.3333333333333333,2.0,0.0,0.0,6.0,0.0,0.1,0.1,0.2,0.30000000000000004,0.14285714285714285,0.0,0.3,0.0,0.16666666666666666,0.8333333333333334,0.2,268.5,-2.037900908879263,0.3337,10.0,0.0,0.0,1.0,0.0,1.0,5.0,S2,-12,CLE,False,-0.31544865864939897,4.0,0,0.0,2.0,0.0,0.0,1.0,0.0,0.0,0.0,1.0,0.24455502995707912
8.0,34.0,153.0,43.0,25.0,17.0,0.0,0.0,28.0,7.0,25.0,12.0,5.0,31.0,8.0,0.0,4.411764705882353,1.7647058823529411,7.588235294117647,1.2352941176470589,3.0,4.9411764705882355,1.6470588235294117,0.3161764705882353,0.39215686274509803,0.5661764705882353,0.9583333333333333,0.3564356435643564,0.0457516339869281,0.1830065359477124,0.1111111111111111,0.4,0.6,0.6666666666666666,231.2171052631579,1.3705134518695763,-0.08339999999999997,136.0,0.0,0.0,9.0,2.0,26.0,39.0,S2,-11,2TM,False,4.213963106056483,34.0,82,7.0,4.0,3.0,0.0,2.0,3.0,1.0,0.0,0.4,0.4866522225710808
5.0,19.0,78.0,21.0,9.0,5.0,0.0,0.0,14.0,4.0,14.0,6.0,2.0,19.0,6.0,0.0,2.8421052631578947,1.368421052631579,6.631578947368421,1.263157894736842,1.5789473684210527,4.421052631578947,2.8,0.2876712328767123,0.3333333333333333,0.4931506849315068,0.8264840182648401,0.3090909090909091,0.05128205128205128,0.1794871794871795,0.0641025641025641,0.34210526315789475,0.6578947368421053,0.52,240.53246753246754,-4.253137170056254,0.2273,73.0,0.0,0.0,3.0,0.0,13.0,25.0,S2,-11,CLE,True,3.7371829202979696,34.0,82,4.0,3.0,2.0,0.0,1.0,2.0,1.0,0.0,0.3333333333333333,0.7432802417450175
3.0,15.0,75.0,22.0,16.0,12.0,0.0,0.0,14.0,3.0,11.0,6.0,3.0,12.0,2.0,0.0,6.4,2.2666666666666666,8.799999999999999,1.2000000000000002,4.800000000000001,5.6,1.1666666666666667,0.3492063492063492,0.4533333333333333,0.6507936507936508,1.104126984126984,0.41304347826086957,0.04,0.18666666666666668,0.16,0.48148148148148145,0.5185185185185185,0.9285714285714286,221.65333333333334,5.6236506219258295,-0.3107,63.0,0.0,0.0,6.0,2.0,13.0,14.0,S2,-11,DET,True,4.817884674683935,34.0,82,3.0,1.0,1.0,0.0,1.0,1.0,0.0,0.0,0.5,-0.2566280191739367
7.0,31.666666666666668,148.0,43.0,21.0,12.0,0.0,0.0,40.0,3.0,30.0,7.0,9.0,26.0,3.0,0.0,3.9789473684210526,1.7368421052631577,8.147368421052631,0.5684210526315789,2.2736842105263158,7.578947368421052,3.3333333333333335,0.3233082706766917,0.3716216216216216,0.48120300751879697,0.8528246291404186,0.43010752688172044,0.02027027027027027,0.2702702702702703,0.08108108108108109,0.42,0.58,0.7241379310344828,244.67808219178082,-0.2421832737529086,-0.4174999999999999,133.0,3.0,0.0,8.0,2.0,21.0,29.0,S2,-10,BAL,False,1.5266566045084957,33.0,136,7.0,5.0,5.0,0.0,2.0,5.0,0.0,0.0,0.2857142857142857,0.6275394255987529
12.0,49.666666666666664,236.0,68.0,38.0,29.0,0.0,0.0,56.0,9.0,37.0,8.0,15.0,40.0,5.0,0.0,4.590604026845638,1.953020134228188,8.21476510067114,1.087248322147651,3.503355704697987,6.7651006711409405,1.9310344827586208,0.3333333333333333,0.4110169491525424,0.5882352941176471,0.9992522432701895,0.4154929577464789,0.038135593220338986,0.23728813559322035,0.1228813559322034,0.4375,0.5625,0.7777777777777778,236.6595744680851,2.86368001334735,-0.3132999999999997,204.0,3.0,0.0,19.0,3.0,35.0,45.0,S2,-9,3TM,False,3.5369003346391916,51.333333333333336,68,7.0,10.0,5.0,0.0,3.0,4.0,0.0,0.0,0.42857142857142855,0.6756845606972719
7.0,24.333333333333332,118.0,34.0,19.0,17.0,0.0,0.0,29.0,6.0,19.0,4.0,5.0,19.0,3.0,0.0,4.684931506849315,2.095890410958904,8.383561643835616,1.4794520547945207,4.191780821917808,7.15068493150685,1.7058823529411764,0.34,0.4322033898305085,0.63,1.0622033898305085,0.42424242424242425,0.05084745762711865,0.2457627118644068,0.1440677966101695,0.40540540540540543,0.5945945945945946,0.6818181818181818,233.3050847457627,3.357483321590852,0.05120000000000002,100.0,1.0,0.0,7.0,2.0,15.0,22.0,S2,-9,BOS,True,4.602359560528683,51.333333333333336,68,4.0,5.0,2.0,0.0,1.0,2.0,0.0,0.0,0.3333333333333333,0.1452779488569183
4.0,21.333333333333332,99.0,29.0,16.0,10.0,0.0,0.0,24.0,2.0,17.0,3.0,8.0,16.0,1.0,0.0,4.5,1.828125,8.15625,0.5625,2.8125,6.75,2.4,0.3333333333333333,0.3939393939393939,0.5287356321839081,0.922675026123302,0.42857142857142855,0.020202020202020204,0.24242424242424243,0.10101010101010101,0.5,0.5,1.0,240.89795918367346,-0.373470239149878,-0.34839999999999993,87.0,2.0,0.0,9.0,1.0,17.0,17.0,S2,-9,MIL,True,2.059551341350601,51.333333333333336,68,3.0,4.0,3.0,0.0,1.0,2.0,0.0,0.0,0.3333333333333333,0.4409199206996009
1.0,4.0,19.0,5.0,3.0,2.0,0.0,0.0,3.0,1.0,1.0,1.0,2.0,5.0,1.0,0.0,4.5,1.75,7.5,1.5,3.0,4.5,1.5,0.29411764705882354,0.3684210526315789,0.6470588235294118,1.0154798761609907,0.3076923076923077,0.05263157894736842,0.15789473684210525,0.10526315789473684,0.3333333333333333,0.6666666666666666,0.5,235.6315789473684,-0.12033306909362484,-0.016100000000000003,17.0,0.0,0.0,3.0,0.0,3.0,6.0,S2,-9,PHI,True,4.934551341350601,51.333333333333336,68,0.0,1.0,0.0,0.0,1.0,0.0,0.0,0.0,1.0,0.08948669114075287
5.0,15.666666666666666,84.0,30.0,20.0,10.0,0.0,0.0,17.0,4.0,19.0,5.0,3.0,12.0,3.0,0.0,7.659574468085107,2.5531914893617023,11.48936170212766,1.5319148936170215,3.8297872340425534,6.510638297872341,1.7,0.410958904109589,0.47619047619047616,0.6986301369863014,1.1748206131767776,0.49056603773584906,0.047619047619047616,0.20238095238095238,0.11904761904761904,0.4230769230769231,0.5769230769230769,0.7333333333333333,221.97619047619048,13.206298282488126,-0.6446,73.0,1.0,0.0,5.0,2.0,11.0,15.0,S2,-8,SEA,False,4.748381128584644,15.666666666666666,46,4.0,1.0,0.0,0.0,1.0,2.0,0.0,0.0,0.3333333333333333,-0.9782043400679287
9.0,49.666666666666664,210.0,52.0,33.0,21.0,0.0,0.0,44.0,11.0,25.0,21.0,9.0,42.0,8.0,0.0,3.986577181208054,1.4697986577181208,6.281879194630873,1.3288590604026846,2.5369127516778525,5.315436241610739,2.0952380952380953,0.2765957446808511,0.3476190476190476,0.5372340425531915,0.8848530901722391,0.30597014925373134,0.05238095238095238,0.20952380952380953,0.1,0.45652173913043476,0.5434782608695652,0.84,244.8846153846154,-1.273518509256405,-0.8723000000000001,188.0,1.0,0.0,16.0,0.0,42.0,50.0,S2,-7,OAK,False,4.060390267525097,49.666666666666664,101,9.0,9.0,9.0,1.0,2.0,7.0,0.0,0.0,0.2222222222222222,0.9834155713778501
11.0,33.666666666666664,144.0,40.0,25.0,11.0,2.0,4.0,18.0,11.0,17.0,18.0,22.0,23.0,3.0,0.0,4.455445544554456,1.5148514851485149,7.12871287128713,1.9603960396039604,1.9603960396039604,3.207920792079208,1.6363636363636365,0.30303030303030304,0.3541666666666667,0.6515151515151515,1.0056818181818181,0.27884615384615385,0.0763888888888889,0.125,0.0763888888888889,0.6486486486486487,0.35135135135135137,1.8461538461538463,246.74100719424462,-1.5844479982294575,0.5645000000000002,132.0,1.0,0.0,11.0,1.0,48.0,26.0,S2,-6,SDP,False,5.84296718293476,34.0,70,9.0,3.0,2.0,0.0,1.0,3.0,0.0,0.0,0.25,0.7454599224187466
11.0,36.666666666666664,179.0,59.0,38.0,18.0,0.0,1.0,26.0,11.0,36.0,19.0,21.0,21.0,3.0,0.0,6.218181818181819,2.1,9.654545454545454,1.8000000000000003,2.9454545454545458,4.254545454545455,1.4444444444444444,0.3710691823899371,0.4301675977653631,0.660377358490566,1.090544956255929,0.3870967741935484,0.061452513966480445,0.1452513966480447,0.1005586592178771,0.6756756756756757,0.32432432432432434,2.0833333333333335,229.97191011235955,12.43252771120035,0.3838999999999998,159.0,2.0,0.0,11.0,1.0,50.0,24.0,S2,-5,SDP,False,5.639096795896055,39.333333333333336,60,7.0,5.0,2.0,0.0,3.0,4.0,0.0,0.0,0.42857142857142855,-0.5135603617821992
3.0,8.333333333333334,33.0,7.0,3.0,1.0,0.0,0.0,7.0,1.0,5.0,4.0,3.0,11.0,0.0,0.0,2.1599999999999997,0.96,5.04,0.72,0.72,5.04,7.0,0.21875,0.24242424242424243,0.375,0.6174242424242424,0.25,0.030303030303030304,0.21212121212121213,0.030303030303030304,0.3888888888888889,0.6111111111111112,0.6363636363636364,256.1470588235294,-2.6402720080945308,0.4047,32.0,0.0,0.0,0.0,1.0,7.0,11.0,S2,2,ARI,False,1.924551341350601,8.666666666666666,143,2.0,1.0,0.0,0.0,0.0,0.0,0.0,0.0,0.0,0.39855149973765747
15.0,49.666666666666664,231.0,67.0,41.0,18.0,0.0,0.0,43.0,12.0,39.0,13.0,21.0,50.0,9.0,0.0,4.953020134228188,1.7114093959731544,8.093959731543626,1.4496644295302015,2.174496644295302,5.194630872483222,2.388888888888889,0.32057416267942584,0.36796536796536794,0.5789473684210527,0.9469127363864206,0.34810126582278483,0.05194805194805195,0.18614718614718614,0.07792207792207792,0.3979591836734694,0.6020408163265306,0.6610169491525424,239.25974025974025,1.605054620836802,0.3048,209.0,4.0,0.0,14.0,2.0,39.0,59.0,S2,3,ARI,False,4.181195636652614,52.666666666666664,78,7.0,9.0,2.0,0.0,4.0,3.0,0.0,1.0,0.5714285714285714,0.7811646304137504
1.0,0.6666666666666666,2.0,0.0,0.0,0.0,0.0,0.0,0.0,0.0,0.0,0.0,0.0,1.0,1.0,0.0,0.0,0.0,0.0,0.0,0.0,0.0,0.0,0.0,0.0,0.0,0.0,0.0,0.0,0.0,0.0,0.0,1.0,0.0,329.5,-1.2983193277310925,0.21350000000000002,2.0,0.0,0.0,0.0,0.0,0.0,2.0,S2,5,MTL,False,1.684551341350601,1.0,0,0.0,1.0,0.0,0.0,0.0,0.0,0.0,0.0,0.0,0.1379849205869398
8.0,23.0,107.0,26.0,14.0,12.0,0.0,3.0,21.0,4.0,17.0,11.0,9.0,23.0,2.0,0.0,3.652173913043478,1.6521739130434783,6.782608695652174,1.0434782608695652,3.1304347826086953,5.478260869565217,1.75,0.27956989247311825,0.35514018691588783,0.4838709677419355,0.8390111546578234,0.3142857142857143,0.037383177570093455,0.19626168224299065,0.11214953271028037,0.45652173913043476,0.5434782608695652,0.84,230.01904761904763,-2.5249810852640255,0.18270000000000003,93.0,2.0,0.0,3.0,2.0,21.0,25.0,S2,19,3TM,False,3.684551341350601,25.0,83,4.0,3.0,0.0,0.0,2.0,1.0,1.0,0.0,0.6666666666666666,0.6886829565663379
6.0,20.0,87.0,21.0,10.0,7.0,0.0,1.0,18.0,4.0,13.0,11.0,8.0,18.0,2.0,0.0,3.0,1.4,6.300000000000001,1.2000000000000002,2.0999999999999996,5.4,2.5714285714285716,0.26582278481012656,0.3218390804597701,0.4810126582278481,0.8028517386876182,0.29310344827586204,0.04597701149425287,0.20689655172413793,0.08045977011494253,0.5,0.5,1.0,238.68965517241378,-4.410769197119598,0.16770000000000004,79.0,1.0,0.0,3.0,1.0,20.0,20.0,S2,19,BOS,True,3.534551341350601,25.0,83,3.0,3.0,0.0,0.0,2.0,1.0,1.0,0.0,0.6666666666666666,0.7957318896135895
1.0,0.3333333333333333,3.0,1.0,0.0,1.0,0.0,0.0,0.0,0.0,0.0,0.0,0.0,1.0,0.0,0.0,0.0,6.0,18.0,0.0,18.0,0.0,0.0,0.5,0.6666666666666666,1.5,2.1666666666666665,0.5,0.0,0.0,0.3333333333333333,0.0,1.0,0.0,101.75,-0.06699059356828896,0.0317,2.0,0.0,0.0,0.0,1.0,0.0,1.0,S2,19,LAD,True,10.684551341350602,25.0,83,0.0,0.0,0.0,0.0,0.0,0.0,0.0,0.0,0.0,0.018928541077574745
2.0,2.6666666666666665,17.0,4.0,4.0,4.0,0.0,2.0,3.0,0.0,4.0,0.0,1.0,4.0,0.0,0.0,9.0,3.0,9.0,0.0,9.0,6.75,0.75,0.3333333333333333,0.47058823529411764,0.3333333333333333,0.803921568627451,0.4,0.0,0.17647058823529413,0.23529411764705882,0.2,0.8,0.25,212.78571428571428,1.9527787054238628,-0.016700000000000013,12.0,1.0,0.0,0.0,0.0,1.0,4.0,S2,19,SEA,True,3.934551341350601,25.0,83,1.0,0.0,0.0,0.0,0.0,0.0,0.0,0.0,0.0,-0.12597747412482646
7.0,25.0,99.0,18.0,9.0,9.0,0.0,2.0,15.0,3.0,9.0,12.0,13.0,21.0,3.0,0.0,2.16,1.08,4.32,0.72,2.16,3.5999999999999996,1.6666666666666667,0.20689655172413793,0.2727272727272727,0.39080459770114945,0.6635318704284221,0.20833333333333334,0.030303030303030304,0.15151515151515152,0.09090909090909091,0.5555555555555556,0.4444444444444444,1.25,257.1855670103093,-9.736987459800499,1.2879999999999996,87.0,3.0,0.0,5.0,1.0,30.0,24.0,S2,21,BOS,False,3.124551341350601,27.0,156,4.0,6.0,3.0,0.0,4.0,1.0,1.0,0.0,0.8,1.377271642764663
1.0,1.6666666666666667,9.0,4.0,2.0,0.0,0.0,0.0,2.0,0.0,2.0,0.0,1.0,1.0,1.0,0.0,7.199999999999999,2.4,14.399999999999999,0.0,0.0,7.199999999999999,0.0,0.4444444444444444,0.4444444444444444,0.6666666666666666,1.1111111111111112,0.5714285714285714,0.0,0.2222222222222222,0.0,0.3333333333333333,0.6666666666666666,0.5,240.0,-0.6749771442886751,-0.032,9.0,0.0,0.0,2.0,0.0,1.0,2.0,S2,35,SEA,False,-0.7154486586493989,2.0,29,0.0,1.0,0.0,0.0,0.0,0.0,0.0,0.0,0.0,0.10418615959110507
4.0,7.0,23.0,4.0,0.0,2.0,0.0,0.0,5.0,0.0,3.0,2.0,1.0,5.0,1.0,0.0,0.0,0.8571428571428571,3.4285714285714284,0.0,1.7142857142857142,4.285714285714286,2.5,0.19047619047619047,0.2608695652173913,0.23809523809523808,0.4989648033126294,0.25,0.0,0.21739130434782608,0.08695652173913043,0.5,0.5,1.0,288.75,-4.279576492813303,0.5125000000000001,21.0,0.0,0.0,1.0,0.0,6.0,6.0,S2,38,SFG,False,1.1131227699220296,6.666666666666667,751,1.0,3.0,0.0,0.0,0.0,0.0,0.0,0.0,0.0,0.5217170091403818
6.0,27.0,103.0,24.0,4.0,8.0,1.0,0.0,22.0,1.0,19.0,11.0,17.0,10.0,1.0,0.0,0.8888888888888888,1.1851851851851851,5.333333333333333,0.2222222222222222,1.7777777777777777,4.888888888888888,2.75,0.25263157894736843,0.3106796116504854,0.3263157894736842,0.6369954011241696,0.3194444444444444,0.009708737864077669,0.21359223300970873,0.07766990291262135,0.7755102040816326,0.22448979591836735,3.4545454545454546,272.031914893617,-16.731495092220058,1.5793,95.0,0.0,0.0,4.0,0.0,38.0,11.0,S2,39,STL,False,1.4252920820913417,28.0,541,4.0,6.0,4.0,2.0,4.0,0.0,0.0,0.0,1.0,2.09302838163428
13.0,34.333333333333336,158.0,43.0,17.0,20.0,1.0,0.0,41.0,5.0,31.0,10.0,12.0,20.0,4.0,0.0,2.970873786407767,1.8349514563106795,7.514563106796116,0.8737864077669902,3.495145631067961,7.16504854368932,2.05,0.31386861313868614,0.3987341772151899,0.48175182481751827,0.8804860020327081,0.41304347826086957,0.03164556962025317,0.25949367088607594,0.12658227848101267,0.5384615384615384,0.46153846153846156,1.1666666666666667,251.3726708074534,-7.120754733905375,0.8891,137.0,1.0,0.0,6.0,1.0,28.0,24.0,S2,58,2TM,False,2.9369785258166203,35.0,94,6.0,9.0,2.0,1.0,4.0,4.0,3.0,0.0,0.5,1.3561615106831524
3.0,15.333333333333334,70.0,17.0,6.0,8.0,0.0,0.0,23.0,2.0,13.0,4.0,3.0,9.0,3.0,0.0,2.3478260869565215,1.6304347826086956,6.6521739130434785,0.7826086956521738,3.1304347826086953,9.0,2.875,0.2786885245901639,0.35714285714285715,0.4262295081967213,0.7833723653395784,0.40540540540540543,0.02857142857142857,0.32857142857142857,0.11428571428571428,0.42857142857142855,0.5714285714285714,0.75,254.63768115942028,-4.409267528724903,0.4277,61.0,1.0,0.0,1.0,1.0,9.0,12.0,S2,58,BOS,True,1.9454209065679924,35.0,94,3.0,2.0,2.0,1.0,3.0,0.0,0.0,0.0,1.0,0.7262813263565601
10.0,19.0,88.0,26.0,11.0,12.0,1.0,0.0,18.0,3.0,18.0,6.0,9.0,11.0,1.0,0.0,3.473684210526316,2.0,8.210526315789474,0.9473684210526315,3.789473684210526,5.684210526315789,1.5,0.34210526315789475,0.4318181818181818,0.5263157894736842,0.958133971291866,0.41818181818181815,0.03409090909090909,0.20454545454545456,0.13636363636363635,0.6129032258064516,0.3870967741935484,1.5833333333333333,248.92391304347825,-2.7114872051804735,0.46140000000000003,76.0,0.0,0.0,5.0,0.0,19.0,12.0,S2,58,PHI,True,3.7371829202979696,35.0,94,3.0,7.0,0.0,0.0,1.0,4.0,3.0,0.0,0.2,0.6298801843265923
14.0,40.666666666666664,192.0,45.0,29.0,28.0,4.0,0.0,57.0,6.0,21.0,7.0,8.0,33.0,4.0,0.0,4.278688524590164,1.7950819672131149,6.639344262295082,0.8852459016393442,4.131147540983607,8.40983606557377,2.0357142857142856,0.2795031055900621,0.3802083333333333,0.5093167701863354,0.8895251035196687,0.38613861386138615,0.03125,0.296875,0.14583333333333334,0.3620689655172414,0.6379310344827587,0.5675675675675675,239.44808743169398,-3.231853970150876,0.6540000000000001,161.0,3.0,0.0,17.0,1.0,21.0,37.0,S2,74,2TM,False,2.86487921020306,42.666666666666664,79,7.0,7.0,2.0,2.0,4.0,5.0,0.0,0.0,0.4444444444444444,1.105872227142822
12.0,34.0,161.0,39.0,24.0,22.0,4.0,0.0,48.0,5.0,17.0,6.0,7.0,26.0,4.0,0.0,4.235294117647059,1.7941176470588236,6.88235294117647,0.8823529411764706,3.882352941176471,8.470588235294118,2.1818181818181817,0.2867647058823529,0.37888198757763975,0.5294117647058824,0.9082937522835222,0.3953488372093023,0.031055900621118012,0.2981366459627329,0.13664596273291926,0.375,0.625,0.6,238.77631578947367,-3.8637121572358186,0.35940000000000016,136.0,3.0,0.0,16.0,1.0,18.0,30.0,S2,74,ARI,True,2.7139631060564833,42.666666666666664,79,6.0,6.0,2.0,2.0,3.0,5.0,0.0,0.0,0.375,1.0426867347369426
2.0,6.666666666666667,31.0,6.0,5.0,6.0,0.0,0.0,9.0,1.0,4.0,1.0,1.0,7.0,0.0,0.0,4.5,1.7999999999999998,5.3999999999999995,0.8999999999999999,5.3999999999999995,8.1,1.5,0.24,0.3870967741935484,0.4,0.7870967741935484,0.3333333333333333,0.03225806451612903,0.2903225806451613,0.1935483870967742,0.3,0.7,0.42857142857142855,242.74193548387098,0.6318581870849421,0.2946,25.0,0.0,0.0,1.0,0.0,3.0,7.0,S2,74,TB,True,3.634551341350601,42.666666666666664,79,1.0,1.0,0.0,0.0,1.0,0.0,0.0,0.0,1.0,0.06318549240587958
10.0,48.333333333333336,220.0,62.0,39.0,17.0,0.0,0.0,55.0,12.0,33.0,16.0,12.0,42.0,5.0,0.0,4.841379310344827,1.6344827586206896,7.69655172413793,1.489655172413793,2.1103448275862067,6.827586206896552,3.235294117647059,0.31313131313131315,0.35909090909090907,0.5909090909090909,0.95,0.36764705882352944,0.05454545454545454,0.25,0.07727272727272727,0.41975308641975306,0.5802469135802469,0.723404255319149,245.33333333333334,2.8009806757304414,0.2755000000000001,198.0,5.0,0.0,15.0,2.0,34.0,47.0,S2,75,COL,False,3.6914478930747388,49.0,70,8.0,9.0,7.0,0.0,3.0,5.0,1.0,0.0,0.375,0.6167305919483181
11.0,47.333333333333336,194.0,47.0,20.0,13.0,1.0,0.0,20.0,10.0,24.0,24.0,26.0,40.0,14.0,0.0,2.5352112676056335,1.2676056338028168,5.957746478873239,1.267605633802817,1.6478873239436618,2.535211267605634,1.5384615384615385,0.26256983240223464,0.30927835051546393,0.5027932960893855,0.8120716466048494,0.24503311258278146,0.05154639175257732,0.10309278350515463,0.06701030927835051,0.5178571428571429,0.48214285714285715,1.0740740740740742,253.2871794871795,-14.45290940657723,1.4753,179.0,2.0,0.0,13.0,0.0,58.0,54.0,S2,76,COL,False,4.409903454026657,48.333333333333336,140,8.0,9.0,6.0,1.0,3.0,4.0,2.0,0.0,0.42857142857142855,2.2361307585992884
2.0,5.666666666666667,20.0,3.0,2.0,1.0,0.0,0.0,3.0,2.0,1.0,3.0,2.0,4.0,3.0,0.0,2.1176470588235294,0.7058823529411764,3.1764705882352944,2.117647058823529,1.0588235294117645,3.1764705882352944,3.0,0.15789473684210525,0.2,0.47368421052631576,0.6736842105263158,0.07142857142857142,0.1,0.15,0.05,0.46153846153846156,0.5384615384615384,0.8571428571428571,288.1904761904762,-2.759652170534936,0.5364000000000001,19.0,0.0,0.0,0.0,0.0,6.0,7.0,S2,91,DET,False,5.7433748707623655,6.0,174,1.0,2.0,0.0,0.0,1.0,0.0,1.0,0.0,1.0,0.3574950951917993
17.0,57.0,265.0,81.0,44.0,22.0,0.0,5.0,75.0,14.0,54.0,16.0,15.0,45.0,0.0,0.0,4.631578947368421,1.8070175438596492,8.526315789473685,1.4736842105263157,2.3157894736842106,7.894736842105264,3.409090909090909,0.3347107438016529,0.3886792452830189,0.5743801652892562,0.9630594105722751,0.43506493506493504,0.052830188679245285,0.2830188679245283,0.0830188679245283,0.47674418604651164,0.5232558139534884,0.9111111111111111,236.140625,6.0134281511502445,-0.4171000000000004,242.0,1.0,0.0,10.0,3.0,41.0,45.0,S2,92,2TM,False,3.403849586964636,57.666666666666664,79,13.0,9.0,6.0,0.0,3.0,6.0,0.0,0.0,0.3333333333333333,0.4789280702175257
2.0,9.0,42.0,15.0,9.0,1.0,0.0,0.0,12.0,2.0,10.0,1.0,4.0,8.0,0.0,0.0,6.0,1.7777777777777777,10.0,1.3333333333333333,0.6666666666666666,8.0,12.0,0.36585365853658536,0.38095238095238093,0.6341463414634146,1.0150987224157957,0.48148148148148145,0.047619047619047616,0.2857142857142857,0.023809523809523808,0.42857142857142855,0.5714285714285714,0.75,235.02380952380952,4.707997980672147,-0.09459999999999999,41.0,0.0,0.0,1.0,2.0,6.0,8.0,S2,92,CLE,True,2.2401068969061564,57.666666666666664,79,2.0,1.0,1.0,0.0,1.0,1.0,0.0,0.0,0.5,-0.29958705397677277
15.0,48.0,223.0,66.0,35.0,21.0,0.0,5.0,63.0,12.0,44.0,15.0,11.0,37.0,0.0,0.0,4.375,1.8125,8.25,1.5,2.625,7.875,3.0,0.3283582089552239,0.3901345291479821,0.5621890547263682,0.9523235838743502,0.4251968503937008,0.053811659192825115,0.2825112107623318,0.09417040358744394,0.4861111111111111,0.5138888888888888,0.9459459459459459,236.35981308411215,1.3054301704780955,-0.32249999999999995,201.0,1.0,0.0,9.0,1.0,35.0,37.0,S2,92,DET,True,3.622051341350601,57.666666666666664,79,11.0,8.0,5.0,0.0,2.0,5.0,0.0,0.0,0.2857142857142857,0.7785151241942987
1.0,5.0,15.0,2.0,0.0,0.0,0.0,0.0,3.0,0.0,2.0,2.0,0.0,4.0,2.0,0.0,0.0,0.4,2.4000000000000004,0.0,0.0,3.5999999999999996,0.0,0.13333333333333333,0.13333333333333333,0.13333333333333333,0.26666666666666666,0.16666666666666666,0.0,0.2,0.0,0.4,0.6,0.6666666666666666,299.73333333333335,-4.665276889318344,0.7101,15.0,0.0,0.0,0.0,0.0,4.0,6.0,S2,104,DET,False,0.4845513413506011,5.0,0,0.0,1.0,0.0,0.0,0.0,0.0,0.0,0.0,0.0,0.5276750975355636
7.0,32.666666666666664,142.0,32.0,21.0,17.0,0.0,1.0,41.0,4.0,20.0,8.0,10.0,25.0,4.0,0.0,3.857142857142857,1.5,5.877551020408164,0.7346938775510204,3.122448979591837,7.53061224489796,2.411764705882353,0.25806451612903225,0.34507042253521125,0.4274193548387097,0.772489777373921,0.35,0.028169014084507043,0.2887323943661972,0.11971830985915492,0.43137254901960786,0.5686274509803921,0.7586206896551724,256.73571428571427,-2.1394515068735735,-0.19720000000000026,124.0,1.0,0.0,7.0,1.0,22.0,29.0,S2,110,2TM,False,2.327408484207744,32.333333333333336,83,6.0,4.0,4.0,1.0,1.0,4.0,0.0,0.0,0.2,0.7928072854693277
4.0,16.666666666666668,64.0,11.0,7.0,5.0,0.0,0.0,24.0,3.0,6.0,3.0,3.0,12.0,2.0,0.0,2.52,0.96,3.9599999999999995,1.08,1.7999999999999998,8.64,4.8,0.1896551724137931,0.25,0.3793103448275862,0.6293103448275862,0.25,0.046875,0.375,0.078125,0.391304347826087,0.6086956521739131,0.6428571428571429,271.7704918032787,-5.768723698760821,0.29399999999999993,58.0,1.0,0.0,2.0,0.0,9.0,14.0,S2,110,HOU,True,2.044551341350601,32.333333333333336,83,3.0,1.0,1.0,1.0,1.0,1.0,0.0,0.0,0.5,0.8377679799186601
3.0,16.0,78.0,21.0,14.0,12.0,0.0,1.0,17.0,1.0,14.0,5.0,7.0,13.0,2.0,0.0,5.25,2.0625,7.875,0.375,4.5,6.375,1.4166666666666667,0.3181818181818182,0.4230769230769231,0.4696969696969697,0.8927738927738929,0.4166666666666667,0.01282051282051282,0.21794871794871795,0.15384615384615385,0.4642857142857143,0.5357142857142857,0.8666666666666667,245.126582278481,3.6292721918872473,-0.49119999999999997,66.0,0.0,0.0,5.0,1.0,13.0,15.0,S2,110,WSH,True,2.622051341350601,32.333333333333336,83,3.0,3.0,3.0,0.0,0.0,3.0,0.0,0.0,0.0,-0.044960694449332594
8.0,35.666666666666664,154.0,41.0,21.0,9.0,0.0,0.0,35.0,9.0,23.0,16.0,14.0,26.0,5.0,0.0,3.532710280373832,1.4018691588785048,6.897196261682243,1.5140186915887852,1.5140186915887852,5.88785046728972,3.888888888888889,0.2887323943661972,0.3246753246753247,0.5422535211267606,0.8669288458020853,0.31683168316831684,0.05844155844155844,0.22727272727272727,0.05844155844155844,0.5303030303030303,0.4696969696969697,1.1290322580645162,266.6496815286624,-6.411129481848429,0.5329999999999999,142.0,3.0,0.0,9.0,0.0,35.0,31.0,S2,112,2TM,False,3.759317696490788,36.666666666666664,112,8.0,4.0,4.0,2.0,3.0,3.0,0.0,0.0,0.5,1.2688930098497966
4.0,19.333333333333332,84.0,21.0,14.0,5.0,0.0,0.0,20.0,7.0,11.0,13.0,8.0,13.0,2.0,0.0,4.344827586206897,1.3448275862068966,6.517241379310345,2.1724137931034484,1.5517241379310347,6.206896551724139,4.0,0.2692307692307692,0.30952380952380953,0.5769230769230769,0.8864468864468864,0.2692307692307692,0.08333333333333333,0.23809523809523808,0.05952380952380952,0.5945945945945946,0.40540540540540543,1.4666666666666666,279.1904761904762,0.2675889237789121,-0.03399999999999988,78.0,1.0,0.0,3.0,0.0,22.0,15.0,S2,112,HOU,True,5.098344444798878,36.666666666666664,112,4.0,2.0,2.0,1.0,2.0,1.0,0.0,0.0,0.6666666666666666,0.3156665958029926
4.0,16.333333333333332,70.0,20.0,7.0,4.0,0.0,0.0,15.0,2.0,12.0,3.0,6.0,13.0,3.0,0.0,2.5714285714285716,1.469387755102041,7.346938775510204,0.7346938775510204,1.469387755102041,5.510204081632653,3.75,0.3125,0.34285714285714286,0.5,0.8428571428571429,0.3673469387755102,0.02857142857142857,0.21428571428571427,0.05714285714285714,0.4482758620689655,0.5517241379310345,0.8125,252.21917808219177,-6.6787184056273405,0.567,64.0,2.0,0.0,6.0,0.0,13.0,16.0,S2,112,TB,True,2.174347259717948,36.666666666666664,112,4.0,2.0,2.0,1.0,1.0,2.0,0.0,0.0,0.3333333333333333,0.9532264140468039
1.0,0.0,1.0,1.0,0.0,0.0,0.0,0.0,0.0,0.0,1.0,0.0,0.0,0.0,0.0,0.0,0.0,0.0,0.0,0.0,0.0,0.0,0.0,1.0,1.0,1.0,2.0,1.0,0.0,0.0,0.0,0.0,0.0,0.0,144.0,-0.981651376146789,-0.36060000000000003,1.0,0.0,0.0,0.0,0.0,0.0,0.0,S2,113,MIL,False,,0.6666666666666666,26,0.0,1.0,0.0,0.0,0.0,0.0,0.0,0.0,0.0,0.10224163152159418
5.0,6.333333333333333,31.0,11.0,6.0,2.0,0.0,1.0,3.0,3.0,5.0,4.0,2.0,6.0,2.0,0.0,5.684210526315789,2.0526315789473686,10.421052631578949,2.8421052631578947,1.8947368421052633,2.8421052631578947,1.5,0.3793103448275862,0.41935483870967744,0.7931034482758621,1.2124582869855396,0.34782608695652173,0.0967741935483871,0.0967741935483871,0.06451612903225806,0.4666666666666667,0.5333333333333333,0.875,226.56666666666666,0.2800090063016777,-0.07870000000000002,29.0,0.0,0.0,3.0,0.0,7.0,8.0,S2,120,2TM,False,7.842446078192706,6.666666666666667,41,0.0,3.0,0.0,0.0,0.0,0.0,1.0,1.0,0.0,0.09837041048420601
3.0,2.6666666666666665,14.0,6.0,4.0,0.0,0.0,0.0,0.0,1.0,3.0,2.0,1.0,4.0,1.0,0.0,9.0,2.25,13.5,2.25,0.0,0.0,0.0,0.42857142857142855,0.42857142857142855,0.7857142857142857,1.2142857142857142,0.38461538461538464,0.07142857142857142,0.0,0.0,0.375,0.625,0.6,213.14285714285714,2.4219923281494165,-0.11219999999999998,14.0,0.0,0.0,2.0,0.0,3.0,5.0,S2,120,MIN,True,6.559551341350601,6.666666666666667,41,0.0,1.0,0.0,0.0,0.0,0.0,0.0,1.0,0.0,-0.18512831811812766
2.0,3.6666666666666665,17.0,5.0,2.0,2.0,0.0,1.0,3.0,2.0,2.0,2.0,1.0,2.0,1.0,0.0,3.272727272727273,1.9090909090909092,8.181818181818183,3.2727272727272734,3.2727272727272734,4.909090909090909,1.5,0.3333333333333333,0.4117647058823529,0.8,1.211764705882353,0.3,0.11764705882352941,0.17647058823529413,0.11764705882352941,0.5714285714285714,0.42857142857142855,1.3333333333333333,238.3125,-2.1419833218477384,0.033500000000000016,15.0,0.0,0.0,1.0,0.0,4.0,3.0,S2,120,MTL,True,8.775460432259692,6.666666666666667,41,0.0,2.0,0.0,0.0,0.0,0.0,1.0,0.0,0.0,0.28349872860233366
1.0,0.3333333333333333,1.0,0.0,0.0,0.0,0.0,0.0,0.0,0.0,0.0,0.0,0.0,1.0,0.0,0.0,0.0,0.0,0.0,0.0,0.0,0.0,0.0,0.0,0.0,0.0,0.0,0.0,0.0,0.0,0.0,0.0,1.0,0.0,248.0,-0.5145929339477726,0.1383,1.0,0.0,0.0,0.0,0.0,0.0,1.0,S2,126,SEA,False,1.684551341350601,1.0,0,0.0,1.0,0.0,0.0,0.0,0.0,0.0,0.0,0.0,0.05553578730169254
1.0,1.0,4.0,1.0,0.0,0.0,0.0,0.0,1.0,0.0,1.0,2.0,0.0,0.0,0.0,0.0,0.0,1.0,6.0,0.0,0.0,6.0,0.0,0.25,0.25,0.25,0.5,0.3333333333333333,0.0,0.25,0.0,1.0,0.0,0.0,298.75,-0.6975335352661186,0.027800000000000005,4.0,0.0,0.0,0.0,0.0,2.0,0.0,S2,127,PHI,False,-0.31544865864939897,1.0,0,0.0,1.0,0.0,0.0,0.0,0.0,0.0,0.0,0.0,0.08605932915427299
10.0,41.333333333333336,176.0,45.0,25.0,18.0,1.0,3.0,40.0,10.0,27.0,17.0,11.0,28.0,4.0,0.0,3.629032258064516,1.5241935483870968,6.532258064516128,1.4516129032258063,2.6129032258064515,5.806451612903225,2.2222222222222223,0.28846153846153844,0.35795454545454547,0.5448717948717948,0.9028263403263403,0.32407407407407407,0.056818181818181816,0.22727272727272727,0.10227272727272728,0.5492957746478874,0.4507042253521127,1.21875,258.12865497076024,-7.187490689592655,0.862,156.0,2.0,0.0,6.0,2.0,39.0,32.0,S2,148,BAL,False,4.200680373608666,42.333333333333336,86,8.0,8.0,5.0,0.0,2.0,5.0,0.0,0.0,0.2857142857142857,1.4362119965763553
10.0,26.333333333333332,130.0,48.0,24.0,9.0,0.0,0.0,29.0,11.0,27.0,4.0,9.0,18.0,3.0,0.0,5.468354430379747,2.1645569620253164,10.936708860759495,2.5063291139240507,2.050632911392405,6.607594936708861,3.2222222222222223,0.40336134453781514,0.43846153846153846,0.773109243697479,1.2115707821590176,0.4567901234567901,0.08461538461538462,0.2230769230769231,0.06923076923076923,0.5,0.5,1.0,224.7846153846154,5.166594547814795,-0.06230000000000008,119.0,2.0,0.0,9.0,1.0,21.0,21.0,S2,149,3TM,False,5.937715898312627,27.0,63,4.0,4.0,2.0,0.0,3.0,2.0,1.0,2.0,0.6,0.013284753117507365
4.0,10.666666666666666,53.0,20.0,13.0,3.0,0.0,0.0,14.0,6.0,9.0,2.0,3.0,7.0,0.0,0.0,7.3125,2.15625,11.25,3.375,1.6875,7.875,4.666666666666667,0.40816326530612246,0.4339622641509434,0.8775510204081632,1.3115132845591067,0.4666666666666667,0.11320754716981132,0.2641509433962264,0.05660377358490566,0.5333333333333333,0.4666666666666667,1.1428571428571428,217.54716981132074,5.327131112072695,-0.1725,49.0,1.0,0.0,5.0,0.0,8.0,7.0,S2,149,MIN,True,7.215801341350601,27.0,63,2.0,1.0,0.0,0.0,1.0,1.0,1.0,1.0,0.5,-0.3166589341407594
5.0,9.666666666666666,46.0,18.0,9.0,2.0,0.0,0.0,10.0,4.0,10.0,1.0,4.0,4.0,2.0,0.0,5.586206896551724,2.0689655172413794,11.172413793103448,2.4827586206896557,1.2413793103448278,6.206896551724139,5.0,0.4186046511627907,0.43478260869565216,0.813953488372093,1.2487360970677452,0.4666666666666667,0.08695652173913043,0.21739130434782608,0.043478260869565216,0.6,0.4,1.5,233.91304347826087,2.024664647338814,-0.40230000000000005,43.0,1.0,0.0,3.0,1.0,9.0,6.0,S2,149,SFG,True,5.615585824109222,27.0,63,1.0,2.0,1.0,0.0,1.0,1.0,0.0,1.0,0.5,-0.014947745015778358
1.0,6.0,31.0,10.0,2.0,4.0,0.0,0.0,5.0,1.0,8.0,1.0,2.0,7.0,1.0,0.0,2.0,2.3333333333333335,10.0,1.0,4.0,5.0,1.25,0.37037037037037035,0.45161290322580644,0.5185185185185185,0.9701314217443249,0.42857142857142855,0.03225806451612903,0.16129032258064516,0.12903225806451613,0.3333333333333333,0.6666666666666666,0.5,223.61290322580646,-2.185201211596712,0.5124999999999998,27.0,0.0,0.0,1.0,0.0,4.0,8.0,S2,149,TB,True,4.184551341350601,27.0,63,1.0,1.0,1.0,0.0,1.0,0.0,0.0,0.0,1.0,0.34489143227404495
1.0,0.3333333333333333,1.0,0.0,0.0,0.0,0.0,0.0,0.0,0.0,0.0,0.0,0.0,1.0,0.0,0.0,0.0,0.0,0.0,0.0,0.0,0.0,0.0,0.0,0.0,0.0,0.0,0.0,0.0,0.0,0.0,0.0,1.0,0.0,182.0,-0.2611709490996855,0.049699999999999994,1.0,0.0,0.0,0.0,0.0,0.0,1.0,S2,163,LAD,False,1.684551341350601,0.3333333333333333,25,0.0,0.0,0.0,0.0,0.0,0.0,0.0,0.0,0.0,0.03019358881688384
13.0,47.333333333333336,204.0,66.0,30.0,10.0,2.0,0.0,53.0,7.0,48.0,6.0,14.0,37.0,5.0,0.0,3.8028169014084505,1.6056338028169013,8.366197183098592,0.8873239436619718,1.267605633802817,6.718309859154928,5.3,0.3402061855670103,0.37254901960784315,0.5154639175257731,0.8880129371336163,0.44029850746268656,0.03431372549019608,0.25980392156862747,0.049019607843137254,0.44,0.56,0.7857142857142857,249.41379310344828,-7.748197050769899,0.4697999999999998,194.0,0.0,0.0,9.0,2.0,33.0,42.0,S2,164,2TM,False,2.001452749801305,48.0,76,6.0,9.0,3.0,0.0,4.0,3.0,0.0,0.0,0.5714285714285714,1.6064244620877077
6.0,19.0,79.0,23.0,8.0,5.0,0.0,0.0,17.0,2.0,19.0,4.0,5.0,18.0,2.0,0.0,2.526315789473684,1.4736842105263157,7.2631578947368425,0.631578947368421,1.5789473684210527,5.368421052631579,3.4,0.3108108108108108,0.35443037974683544,0.4189189189189189,0.7733492986657544,0.38181818181818183,0.02531645569620253,0.21518987341772153,0.06329113924050633,0.4117647058823529,0.5882352941176471,0.7,253.320987654321,-5.943361041556064,1.186,74.0,0.0,0.0,2.0,0.0,14.0,20.0,S2,164,LAD,True,2.05297239398218,48.0,76,3.0,4.0,1.0,0.0,2.0,0.0,0.0,0.0,1.0,0.9163791228019138
7.0,28.333333333333332,125.0,43.0,22.0,5.0,2.0,0.0,36.0,5.0,29.0,2.0,9.0,19.0,3.0,0.0,4.658823529411765,1.6941176470588235,9.105882352941178,1.0588235294117647,1.0588235294117647,7.623529411764707,7.2,0.35833333333333334,0.384,0.575,0.959,0.4810126582278481,0.04,0.288,0.04,0.4634146341463415,0.5365853658536586,0.8636363636363636,246.81967213114754,-1.8048360092138358,-0.7162000000000003,120.0,0.0,0.0,7.0,2.0,19.0,22.0,S2,164,SEA,True,1.9669042825270715,48.0,76,3.0,5.0,2.0,0.0,2.0,3.0,0.0,0.0,0.4,0.690045339285794
1.0,3.6666666666666665,14.0,2.0,0.0,1.0,0.0,1.0,4.0,0.0,1.0,5.0,0.0,2.0,0.0,0.0,0.0,0.8181818181818182,3.2727272727272734,0.0,1.6363636363636367,6.545454545454547,4.0,0.15384615384615385,0.21428571428571427,0.23076923076923078,0.44505494505494503,0.2222222222222222,0.0,0.2857142857142857,0.07142857142857142,0.7142857142857143,0.2857142857142857,2.5,308.9166666666667,-2.186975887014947,0.23549999999999996,13.0,0.0,0.0,1.0,0.0,5.0,2.0,S2,197,DET,False,0.32091497771423727,4.0,226,0.0,0.0,0.0,0.0,1.0,0.0,0.0,1.0,1.0,0.2757685033983087
5.0,13.0,61.0,17.0,12.0,9.0,1.0,1.0,9.0,5.0,8.0,8.0,7.0,7.0,2.0,0.0,5.538461538461538,2.0,7.846153846153847,2.307692307692308,4.153846153846153,4.153846153846153,1.0,0.3269230769230769,0.4262295081967213,0.7115384615384616,1.1377679697351828,0.3157894736842105,0.08196721311475409,0.14754098360655737,0.14754098360655737,0.6538461538461539,0.34615384615384615,1.8888888888888888,245.7704918032787,2.949699046628016,-0.5663,52.0,0.0,0.0,3.0,1.0,17.0,9.0,S2,198,2TM,False,7.3768590336582935,13.333333333333334,64,2.0,4.0,1.0,0.0,1.0,2.0,1.0,0.0,0.3333333333333333,-0.04630377634096931
4.0,12.333333333333334,60.0,17.0,12.0,9.0,1.0,1.0,9.0,5.0,8.0,8.0,7.0,7.0,2.0,0.0,5.837837837837838,2.108108108108108,8.27027027027027,2.4324324324324325,4.378378378378378,4.378378378378378,1.0,0.3333333333333333,0.43333333333333335,0.7254901960784313,1.1588235294117646,0.32432432432432434,0.08333333333333333,0.15,0.15,0.64,0.36,1.7777777777777777,241.68333333333334,4.248018374359108,-0.5663,51.0,0.0,0.0,3.0,1.0,16.0,9.0,S2,198,LAD,True,7.684551341350601,13.333333333333334,64,2.0,3.0,1.0,0.0,1.0,2.0,1.0,0.0,0.3333333333333333,-0.18021220302099378
1.0,0.6666666666666666,1.0,0.0,0.0,0.0,0.0,0.0,0.0,0.0,0.0,0.0,0.0,0.0,0.0,0.0,0.0,0.0,0.0,0.0,0.0,0.0,0.0,0.0,0.0,0.0,0.0,0.0,0.0,0.0,0.0,1.0,0.0,0.0,491.0,-1.2983193277310925,0.0,1.0,0.0,0.0,0.0,0.0,1.0,0.0,S2,198,TEX,True,1.684551341350601,13.333333333333334,64,0.0,1.0,0.0,0.0,0.0,0.0,0.0,0.0,0.0,0.13390842668002453
13.0,56.0,243.0,62.0,41.0,30.0,1.0,2.0,41.0,13.0,32.0,24.0,26.0,33.0,10.0,0.0,4.392857142857143,1.6428571428571428,6.642857142857143,1.3928571428571428,3.2142857142857144,4.392857142857142,1.3666666666666667,0.29107981220657275,0.3786008230452675,0.5633802816901409,0.9419811047354083,0.3081761006289308,0.053497942386831275,0.16872427983539096,0.12345679012345678,0.6055045871559633,0.3944954128440367,1.5348837209302326,245.17748917748918,4.013621400077802,-0.11349999999999993,213.0,0.0,0.0,15.0,2.0,66.0,43.0,S2,199,MTL,False,4.845265627064887,56.0,77,11.0,6.0,4.0,1.0,5.0,6.0,0.0,0.0,0.45454545454545453,0.5892258793726337
2.0,7.666666666666667,32.0,9.0,3.0,1.0,0.0,0.0,7.0,0.0,7.0,4.0,2.0,6.0,0.0,0.0,2.3478260869565215,1.3043478260869565,7.0434782608695645,0.0,0.7826086956521738,5.478260869565217,7.0,0.3,0.3125,0.36666666666666664,0.6791666666666667,0.375,0.0,0.21875,0.03125,0.5714285714285714,0.42857142857142855,1.3333333333333333,266.03125,-3.2406661381872497,0.38980000000000004,30.0,1.0,0.0,2.0,0.0,8.0,6.0,S2,211,2TM,False,0.24976873265494892,8.0,232,0.0,2.0,0.0,0.0,1.0,1.0,0.0,0.0,0.5,0.45451441884001403
1.0,5.0,19.0,5.0,2.0,0.0,0.0,0.0,3.0,0.0,3.0,4.0,1.0,5.0,0.0,0.0,2.4,1.0,6.0,0.0,0.0,3.5999999999999996,0.0,0.2631578947368421,0.2631578947368421,0.3684210526315789,0.631578947368421,0.3125,0.0,0.15789473684210525,0.0,0.5454545454545454,0.45454545454545453,1.2,272.8421052631579,-1.817866604359744,0.08159999999999998,19.0,0.0,0.0,2.0,0.0,6.0,5.0,S2,211,MIL,True,0.4845513413506011,8.0,232,0.0,1.0,0.0,0.0,0.0,1.0,0.0,0.0,0.0,0.2592400446673648
1.0,2.6666666666666665,13.0,4.0,1.0,1.0,0.0,0.0,4.0,0.0,4.0,0.0,1.0,1.0,0.0,0.0,2.25,1.875,9.0,0.0,2.25,9.0,4.0,0.36363636363636365,0.38461538461538464,0.36363636363636365,0.7482517482517483,0.5,0.0,0.3076923076923077,0.07692307692307693,0.6666666666666666,0.3333333333333333,2.0,256.0769230769231,-1.4227995338275068,0.3082,11.0,1.0,0.0,0.0,0.0,2.0,1.0,S2,211,TEX,True,-0.19044865864939897,8.0,232,0.0,1.0,0.0,0.0,1.0,0.0,0.0,0.0,1.0,0.19527437417264937
3.0,6.0,29.0,11.0,5.0,2.0,0.0,0.0,5.0,0.0,7.0,3.0,2.0,4.0,0.0,0.0,5.0,2.1666666666666665,11.0,0.0,2.0,5.0,2.5,0.4074074074074074,0.4482758620689655,0.5925925925925926,1.040868454661558,0.5,0.0,0.1724137931034483,0.06896551724137931,0.6363636363636364,0.36363636363636365,1.75,213.92592592592592,2.636105986876901,-0.35089999999999993,27.0,0.0,0.0,3.0,1.0,7.0,4.0,S2,216,OAK,False,1.0178846746839345,6.0,56,1.0,0.0,0.0,0.0,0.0,0.0,0.0,0.0,0.0,-0.14539227538714686
3.0,10.666666666666666,46.0,8.0,7.0,6.0,0.0,0.0,11.0,0.0,6.0,3.0,3.0,12.0,1.0,0.0,3.9375,1.3125,4.5,0.0,3.375,6.1875,1.8333333333333333,0.20512820512820512,0.30434782608695654,0.28205128205128205,0.5863991081382386,0.27586206896551724,0.0,0.2391304347826087,0.13043478260869565,0.35,0.65,0.5384615384615384,244.75555555555556,-1.3374842725426899,-0.5804,39.0,1.0,0.0,1.0,1.0,7.0,13.0,S2,218,MTL,False,1.309551341350601,11.666666666666666,121,2.0,3.0,2.0,0.0,0.0,2.0,0.0,0.0,0.0,0.3212671469723721
1.0,3.0,11.0,2.0,0.0,0.0,0.0,0.0,1.0,0.0,2.0,4.0,0.0,4.0,0.0,0.0,0.0,0.6666666666666666,4.0,0.0,0.0,2.0,0.0,0.18181818181818182,0.18181818181818182,0.18181818181818182,0.36363636363636365,0.2,0.0,0.09090909090909091,0.0,0.5,0.5,1.0,293.3636363636364,-2.0926006057983555,0.2083,11.0,0.0,0.0,0.0,0.0,4.0,4.0,S2,226,MTL,False,1.0178846746839345,3.0,0,0.0,1.0,0.0,0.0,1.0,0.0,0.0,0.0,1.0,0.25410149355590367
1.0,0.0,1.0,1.0,0.0,0.0,0.0,0.0,0.0,0.0,1.0,0.0,0.0,0.0,0.0,0.0,0.0,0.0,0.0,0.0,0.0,0.0,0.0,1.0,1.0,1.0,2.0,1.0,0.0,0.0,0.0,0.0,0.0,0.0,128.0,0.5317578135355089,-0.09369999999999999,1.0,0.0,0.0,0.0,0.0,0.0,0.0,S2,230,MTL,False,,0.3333333333333333,15,0.0,0.0,0.0,0.0,0.0,0.0,0.0,0.0,0.0,-0.0490992874466356
6.0,18.333333333333332,84.0,24.0,11.0,6.0,2.0,0.0,18.0,3.0,15.0,5.0,5.0,19.0,4.0,0.0,3.6,1.6363636363636365,7.8545454545454545,0.9818181818181818,1.9636363636363636,5.8909090909090915,3.0,0.3116883116883117,0.35714285714285715,0.5324675324675324,0.8896103896103895,0.3684210526315789,0.03571428571428571,0.21428571428571427,0.07142857142857142,0.3235294117647059,0.6764705882352942,0.4782608695652174,248.51807228915663,-0.8411603257157332,0.12259999999999982,77.0,1.0,0.0,4.0,2.0,11.0,23.0,S2,233,2TM,False,2.8300058868051465,18.333333333333332,79,4.0,0.0,0.0,0.0,2.0,1.0,0.0,0.0,0.6666666666666666,0.42654152075245716
4.0,11.0,45.0,10.0,3.0,3.0,2.0,0.0,9.0,1.0,7.0,4.0,3.0,12.0,2.0,0.0,1.6363636363636365,1.1818181818181819,5.454545454545454,0.5454545454545454,1.6363636363636362,4.909090909090909,3.0,0.23809523809523808,0.28888888888888886,0.38095238095238093,0.6698412698412698,0.28125,0.022222222222222223,0.2,0.06666666666666667,0.36363636363636365,0.6363636363636364,0.5714285714285714,275.0,-3.9937446066358393,0.3709999999999999,42.0,0.0,0.0,1.0,1.0,8.0,14.0,S2,233,MIN,True,2.048187704986965,18.333333333333332,79,2.0,0.0,0.0,0.0,1.0,0.0,0.0,0.0,1.0,0.5828166864747717
2.0,7.333333333333333,39.0,14.0,8.0,3.0,0.0,0.0,9.0,2.0,8.0,1.0,2.0,7.0,2.0,0.0,6.545454545454546,2.3181818181818183,11.454545454545455,1.6363636363636367,2.4545454545454546,7.363636363636363,3.0,0.4,0.4358974358974359,0.7142857142857143,1.15018315018315,0.48,0.05128205128205128,0.23076923076923078,0.07692307692307693,0.25,0.75,0.3333333333333333,220.05,3.1525842809201077,-0.24840000000000015,35.0,1.0,0.0,3.0,1.0,3.0,9.0,S2,233,PIT,True,4.002733159532419,18.333333333333332,79,2.0,0.0,0.0,0.0,1.0,1.0,0.0,0.0,0.5,-0.1562751657223147
4.0,13.0,53.0,13.0,7.0,3.0,0.0,0.0,17.0,2.0,9.0,3.0,4.0,10.0,1.0,0.0,3.230769230769231,1.2307692307692308,6.0,0.9230769230769231,1.3846153846153846,7.846153846153847,5.666666666666667,0.26,0.3018867924528302,0.44,0.7418867924528302,0.3548387096774194,0.03773584905660377,0.32075471698113206,0.05660377358490566,0.45,0.55,0.8181818181818182,264.3529411764706,-2.0679359584595427,0.2718,50.0,0.0,0.0,1.0,1.0,9.0,11.0,S2,234,CLE,False,1.761474418273678,13.0,108,3.0,2.0,1.0,1.0,1.0,2.0,0.0,0.0,0.3333333333333333,0.42284777291246434
5.0,13.333333333333334,53.0,11.0,7.0,5.0,0.0,1.0,5.0,3.0,3.0,7.0,9.0,11.0,2.0,0.0,3.15,1.2,4.949999999999999,1.3499999999999999,2.25,2.25,1.0,0.22916666666666666,0.3018867924528302,0.5208333333333334,0.8227201257861636,0.2,0.05660377358490566,0.09433962264150944,0.09433962264150944,0.59375,0.40625,1.4615384615384615,262.71153846153845,-2.8581066414093685,0.5738000000000001,48.0,0.0,0.0,5.0,0.0,19.0,13.0,S2,236,3TM,False,4.984551341350601,13.333333333333334,74,4.0,2.0,1.0,0.0,1.0,3.0,0.0,0.0,0.25,0.5018648412074469
1.0,2.3333333333333335,9.0,2.0,0.0,1.0,0.0,0.0,1.0,0.0,1.0,2.0,0.0,2.0,0.0,0.0,0.0,1.2857142857142856,5.142857142857142,0.0,2.571428571428571,2.571428571428571,1.0,0.25,0.3333333333333333,0.375,0.7083333333333333,0.2857142857142857,0.0,0.1111111111111111,0.1111111111111111,0.6,0.4,1.5,231.11111111111111,-1.6680263965526136,0.1744,8.0,0.0,0.0,1.0,0.0,3.0,2.0,S2,236,CLE,True,2.1131227699220294,13.333333333333334,74,1.0,0.0,0.0,0.0,0.0,0.0,0.0,0.0,0.0,0.20349108481749895
1.0,1.0,4.0,1.0,1.0,1.0,0.0,0.0,0.0,1.0,0.0,0.0,0.0,1.0,0.0,0.0,6.0,2.0,6.0,6.0,6.0,0.0,0.0,0.3333333333333333,0.5,1.3333333333333333,1.8333333333333333,0.0,0.25,0.0,0.25,0.5,0.5,1.0,208.25,0.3024664647338814,-0.044600000000000015,3.0,0.0,0.0,0.0,0.0,1.0,1.0,S2,236,HOU,True,17.684551341350602,13.333333333333334,74,1.0,0.0,0.0,0.0,0.0,1.0,0.0,0.0,0.0,-0.013940670845727005
3.0,10.0,40.0,8.0,6.0,3.0,0.0,1.0,4.0,2.0,2.0,5.0,9.0,8.0,2.0,0.0,3.6,1.1,4.800000000000001,1.2000000000000002,1.7999999999999998,2.4000000000000004,1.3333333333333333,0.21621621621621623,0.275,0.4864864864864865,0.7614864864864865,0.1935483870967742,0.05,0.1,0.075,0.6,0.4,1.5,275.5897435897436,-1.4925467095906362,0.44399999999999995,37.0,0.0,0.0,4.0,0.0,15.0,10.0,S2,236,MIL,True,4.384551341350601,13.333333333333334,74,2.0,2.0,1.0,0.0,1.0,2.0,0.0,0.0,0.3333333333333333,0.31231442723567493
6.0,25.333333333333332,112.0,29.0,15.0,14.0,0.0,2.0,23.0,4.0,17.0,8.0,10.0,20.0,3.0,0.0,3.5526315789473686,1.6973684210526316,6.86842105263158,0.9473684210526316,3.3157894736842106,5.447368421052632,1.6428571428571428,0.29591836734693877,0.38392857142857145,0.5306122448979592,0.9145408163265307,0.352112676056338,0.03571428571428571,0.20535714285714285,0.125,0.5,0.5,1.0,241.09174311926606,0.5178713008585387,0.04200000000000015,98.0,0.0,0.0,5.0,3.0,23.0,23.0,S2,237,TOR,False,3.5792881834558643,25.0,77,6.0,3.0,3.0,0.0,3.0,2.0,0.0,0.0,0.6,0.4047801874886579
14.0,52.666666666666664,221.0,64.0,38.0,17.0,0.0,1.0,40.0,12.0,33.0,25.0,27.0,24.0,5.0,0.0,4.329113924050633,1.5379746835443038,7.291139240506329,1.3670886075949369,1.9367088607594938,4.556962025316456,2.3529411764705883,0.31683168316831684,0.3665158371040724,0.599009900990099,0.9655257380941713,0.34210526315789475,0.05429864253393665,0.18099547511312217,0.07692307692307693,0.7040816326530612,0.29591836734693877,2.3793103448275863,245.70642201834863,0.505454483157346,-0.40650000000000014,202.0,2.0,0.0,17.0,2.0,69.0,29.0,S2,253,CLE,False,4.095943746413893,53.0,85,8.0,8.0,3.0,2.0,6.0,3.0,0.0,0.0,0.6666666666666666,0.8503597051125432
2.0,2.6666666666666665,19.0,8.0,5.0,2.0,0.0,0.0,4.0,0.0,5.0,0.0,0.0,3.0,1.0,0.0,11.25,3.75,18.0,0.0,4.5,9.0,2.0,0.5,0.5263157894736842,0.75,1.276315789473684,0.6153846153846154,0.0,0.21052631578947367,0.10526315789473684,0.0,1.0,0.0,191.57894736842104,1.9967457949648388,0.010700000000000001,16.0,1.0,0.0,2.0,1.0,0.0,4.0,S2,268,OAK,False,0.934551341350601,3.0,29,0.0,2.0,0.0,0.0,0.0,0.0,0.0,0.0,0.0,-0.1222211952650935
5.0,17.333333333333332,74.0,23.0,13.0,6.0,0.0,0.0,7.0,7.0,14.0,9.0,11.0,7.0,4.0,0.0,4.5,1.6730769230769231,7.961538461538463,2.4230769230769234,2.076923076923077,2.4230769230769234,1.1666666666666667,0.3382352941176471,0.3918918918918919,0.6764705882352942,1.068362480127186,0.2962962962962963,0.0945945945945946,0.0945945945945946,0.08108108108108109,0.7105263157894737,0.2894736842105263,2.4545454545454546,241.6891891891892,0.7208889551692392,-0.23939999999999995,68.0,0.0,0.0,2.0,0.0,27.0,11.0,S2,269,OAK,False,7.165320572119832,17.333333333333332,64,4.0,2.0,1.0,1.0,1.0,2.0,0.0,0.0,0.3333333333333333,0.22957165359480705
7.0,23.666666666666668,94.0,18.0,12.0,8.0,0.0,1.0,24.0,5.0,9.0,12.0,15.0,11.0,3.0,0.0,3.0422535211267605,1.0985915492957745,4.563380281690141,1.267605633802817,2.028169014084507,6.084507042253521,3.0,0.21176470588235294,0.2765957446808511,0.43529411764705883,0.71188986232791,0.22807017543859648,0.05319148936170213,0.2553191489361702,0.0851063829787234,0.6744186046511628,0.32558139534883723,2.0714285714285716,277.505376344086,-4.289339993454682,-0.14680000000000007,85.0,1.0,0.0,4.0,0.0,29.0,14.0,S2,284,2TM,False,3.416945707547784,23.333333333333332,109,5.0,3.0,2.0,0.0,1.0,3.0,0.0,0.0,0.25,0.8121244265955049
3.0,6.666666666666667,28.0,5.0,4.0,3.0,0.0,1.0,8.0,4.0,1.0,6.0,2.0,4.0,0.0,0.0,3.5999999999999996,1.2,4.5,3.5999999999999996,2.6999999999999997,7.199999999999999,2.6666666666666665,0.2,0.2857142857142857,0.68,0.9657142857142857,0.07692307692307693,0.14285714285714285,0.2857142857142857,0.10714285714285714,0.6666666666666666,0.3333333333333333,2.0,278.4583333333333,-0.3342761897323956,-0.02859999999999996,25.0,0.0,0.0,0.0,0.0,8.0,4.0,S2,284,PHI,True,8.434551341350602,23.333333333333332,109,2.0,0.0,0.0,0.0,0.0,0.0,0.0,0.0,0.0,0.1475694483668675
4.0,17.0,66.0,13.0,8.0,5.0,0.0,0.0,16.0,1.0,8.0,6.0,13.0,7.0,3.0,0.0,2.823529411764706,1.0588235294117647,4.588235294117647,0.3529411764705882,1.7647058823529411,5.647058823529411,3.2,0.21666666666666667,0.2727272727272727,0.3333333333333333,0.606060606060606,0.2727272727272727,0.015151515151515152,0.24242424242424243,0.07575757575757576,0.6774193548387096,0.3225806451612903,2.1,277.17391304347825,-3.955063803722285,-0.11820000000000008,60.0,1.0,0.0,4.0,0.0,21.0,10.0,S2,284,WSH,True,1.4492572237035422,23.333333333333332,109,3.0,3.0,2.0,0.0,1.0,3.0,0.0,0.0,0.25,0.6645549782286373
3.0,11.0,39.0,6.0,4.0,2.0,0.0,0.0,9.0,3.0,3.0,8.0,7.0,3.0,2.0,0.0,2.1818181818181817,0.7272727272727273,3.2727272727272725,1.6363636363636362,1.0909090909090908,4.909090909090909,4.5,0.16216216216216217,0.20512820512820512,0.40540540540540543,0.6105336105336105,0.12,0.07692307692307693,0.23076923076923078,0.05128205128205128,0.7727272727272727,0.22727272727272727,3.4,300.8333333333333,-3.3426699598981537,0.39999999999999997,37.0,0.0,0.0,0.0,0.0,17.0,5.0,S2,285,PHI,False,4.139096795896055,11.0,127,2.0,2.0,1.0,0.0,1.0,0.0,1.0,0.0,1.0,0.4932502583595115
11.0,38.666666666666664,149.0,29.0,17.0,10.0,1.0,0.0,35.0,7.0,14.0,14.0,8.0,41.0,4.0,0.0,2.637931034482759,1.0086206896551724,4.5,1.0862068965517242,1.5517241379310347,5.431034482758621,3.5,0.2116788321167883,0.26174496644295303,0.4306569343065693,0.6924019007495223,0.2268041237113402,0.04697986577181208,0.2348993288590604,0.06711409395973154,0.3835616438356164,0.6164383561643836,0.6222222222222222,253.12328767123287,-10.515791152653028,1.3756999999999997,137.0,2.0,0.0,7.0,1.0,28.0,45.0,S2,286,PHI,False,3.0035168585919805,40.0,148,5.0,5.0,0.0,0.0,8.0,0.0,0.0,0.0,1.0,1.65897670739568
2.0,3.0,10.0,2.0,1.0,2.0,0.0,0.0,0.0,1.0,1.0,0.0,1.0,1.0,1.0,0.0,2.0,1.3333333333333333,4.0,2.0,4.0,0.0,0.0,0.25,0.4,0.625,1.025,0.14285714285714285,0.1,0.0,0.2,0.6666666666666666,0.3333333333333333,2.0,289.1,-1.8012926559247684,-0.0020999999999999977,8.0,0.0,0.0,0.0,0.0,4.0,2.0,S2,303,PIT,False,8.017884674683934,4.0,232,0.0,2.0,0.0,0.0,0.0,0.0,0.0,0.0,0.0,0.2208942046616297
4.0,13.666666666666666,49.0,7.0,2.0,2.0,0.0,0.0,17.0,2.0,4.0,3.0,3.0,14.0,2.0,0.0,0.8780487804878049,0.6585365853658537,3.073170731707317,0.878048780487805,0.878048780487805,7.463414634146341,8.5,0.14893617021276595,0.1836734693877551,0.2978723404255319,0.481545809813287,0.17857142857142858,0.04081632653061224,0.3469387755102041,0.04081632653061224,0.30434782608695654,0.6956521739130435,0.4375,274.64,-7.642532618372897,1.0170000000000001,47.0,0.0,0.0,1.0,0.0,7.0,16.0,S2,305,PIT,False,1.5382098779359668,14.0,406,2.0,4.0,2.0,1.0,2.0,0.0,0.0,0.0,1.0,0.9640014632761386
1.0,1.0,4.0,2.0,0.0,0.0,0.0,0.0,0.0,0.0,2.0,0.0,0.0,1.0,0.0,0.0,0.0,2.0,12.0,0.0,0.0,0.0,0.0,0.5,0.5,0.5,1.0,0.5,0.0,0.0,0.0,0.5,0.5,1.0,212.0,-1.0277324632952691,0.0685,4.0,0.0,0.0,0.0,0.0,1.0,1.0,S2,306,STL,False,1.684551341350601,1.0,0,0.0,0.0,0.0,0.0,0.0,0.0,0.0,1.0,0.0,0.11907922195718805
6.0,32.333333333333336,136.0,33.0,20.0,14.0,0.0,0.0,19.0,9.0,14.0,18.0,14.0,21.0,7.0,0.0,3.7113402061855667,1.4536082474226804,6.123711340206185,1.670103092783505,2.5979381443298966,3.525773195876288,1.3571428571428572,0.2727272727272727,0.34558823529411764,0.5785123966942148,0.9241006319883325,0.2553191489361702,0.0661764705882353,0.13970588235294118,0.10294117647058823,0.5942028985507246,0.4057971014492754,1.4642857142857142,243.06060606060606,-4.29851673753835,1.0117000000000003,121.0,1.0,0.0,10.0,0.0,41.0,28.0,S2,310,2TM,False,5.4268193825877145,33.0,96,5.0,6.0,5.0,1.0,6.0,0.0,0.0,0.0,1.0,0.9842548450943134
1.0,5.666666666666667,33.0,11.0,8.0,6.0,0.0,0.0,5.0,1.0,6.0,1.0,2.0,4.0,1.0,0.0,8.470588235294118,3.0,11.647058823529411,1.0588235294117645,6.352941176470589,5.294117647058823,0.8333333333333334,0.4230769230769231,0.5151515151515151,0.6923076923076923,1.2074592074592074,0.47619047619047616,0.030303030303030304,0.15151515151515152,0.18181818181818182,0.5,0.5,1.0,194.4516129032258,3.81479878840329,0.2042,26.0,1.0,0.0,4.0,0.0,5.0,5.0,S2,310,MIL,True,5.390433694291778,33.0,96,1.0,1.0,1.0,0.0,1.0,0.0,0.0,0.0,1.0,-0.24695557991212463
5.0,26.666666666666668,103.0,22.0,12.0,8.0,0.0,0.0,14.0,8.0,8.0,17.0,12.0,17.0,6.0,0.0,2.6999999999999997,1.125,4.949999999999999,1.7999999999999998,1.7999999999999998,3.1500000000000004,1.75,0.23157894736842105,0.2912621359223301,0.5473684210526316,0.8386305569749617,0.1917808219178082,0.07766990291262135,0.13592233009708737,0.07766990291262135,0.6101694915254238,0.3898305084745763,1.565217391304348,257.980198019802,-8.11331552594164,0.8075000000000001,95.0,0.0,0.0,6.0,0.0,36.0,23.0,S2,310,STL,True,5.434551341350601,33.0,96,4.0,5.0,4.0,1.0,5.0,0.0,0.0,0.0,1.0,1.2312104250064384
9.0,21.333333333333332,101.0,27.0,13.0,10.0,1.0,0.0,29.0,3.0,17.0,3.0,4.0,16.0,4.0,0.0,3.65625,1.734375,7.59375,0.84375,2.8125,8.15625,2.9,0.3103448275862069,0.36633663366336633,0.4942528735632184,0.8605895072265848,0.4067796610169492,0.0297029702970297,0.2871287128712871,0.09900990099009901,0.3548387096774194,0.6451612903225806,0.55,249.91,-8.506976986196282,0.43400000000000016,87.0,4.0,0.0,7.0,0.0,11.0,20.0,S2,322,SDP,False,2.200176341350601,25.0,88,1.0,8.0,1.0,0.0,2.0,2.0,0.0,1.0,0.5,1.262423583218072
2.0,8.333333333333334,36.0,10.0,4.0,2.0,0.0,0.0,7.0,2.0,8.0,6.0,0.0,8.0,2.0,0.0,2.88,1.44,7.199999999999999,1.44,1.44,5.04,3.5,0.29411764705882354,0.3333333333333333,0.47058823529411764,0.803921568627451,0.32,0.05555555555555555,0.19444444444444445,0.05555555555555555,0.4117647058823529,0.5882352941176471,0.7,248.9142857142857,-1.7985279112302328,0.016599999999999983,34.0,0.0,0.0,0.0,0.0,7.0,10.0,S2,325,SDP,False,3.8445513413506007,9.0,174,1.0,2.0,1.0,0.0,0.0,2.0,0.0,0.0,0.0,0.3266065717719735
6.0,20.666666666666668,102.0,28.0,17.0,12.0,0.0,0.0,29.0,2.0,20.0,7.0,6.0,15.0,1.0,0.0,4.935483870967742,1.9354838709677418,8.129032258064516,0.5806451612903225,3.483870967741935,8.419354838709676,2.4166666666666665,0.3181818181818182,0.39215686274509803,0.45454545454545453,0.8467023172905526,0.4406779661016949,0.0196078431372549,0.28431372549019607,0.11764705882352941,0.4838709677419355,0.5161290322580645,0.9375,241.79611650485438,1.2885390135647543,-0.26909999999999995,88.0,2.0,0.0,6.0,0.0,15.0,16.0,S2,330,3TM,False,1.8780997284473753,21.333333333333332,100,4.0,4.0,2.0,1.0,4.0,1.0,0.0,0.0,0.8,0.2869484771488835
2.0,9.0,35.0,7.0,1.0,3.0,0.0,0.0,12.0,1.0,5.0,5.0,2.0,3.0,1.0,0.0,0.6666666666666666,1.1111111111111112,4.666666666666667,0.6666666666666666,2.0,8.0,4.0,0.21875,0.2857142857142857,0.34375,0.6294642857142857,0.3157894736842105,0.02857142857142857,0.34285714285714286,0.08571428571428572,0.6923076923076923,0.3076923076923077,2.25,278.3142857142857,-5.795013174324517,0.3512,32.0,0.0,0.0,1.0,0.0,9.0,4.0,S2,330,ARI,True,1.4623291191283787,21.333333333333332,100,2.0,1.0,1.0,1.0,2.0,0.0,0.0,0.0,1.0,0.7221786041744866
1.0,0.3333333333333333,1.0,0.0,0.0,0.0,0.0,0.0,0.0,0.0,0.0,0.0,1.0,0.0,0.0,0.0,0.0,0.0,0.0,0.0,0.0,0.0,0.0,0.0,0.0,0.0,0.0,0.0,0.0,0.0,0.0,1.0,0.0,0.0,487.0,-0.27295932602037654,0.034,1.0,0.0,0.0,0.0,0.0,1.0,0.0,S2,330,LAD,True,1.684551341350601,21.333333333333332,100,0.0,0.0,0.0,0.0,1.0,0.0,0.0,0.0,1.0,0.03137242650895294
4.0,11.333333333333334,66.0,21.0,16.0,9.0,0.0,0.0,17.0,1.0,15.0,2.0,3.0,12.0,0.0,0.0,8.470588235294118,2.6470588235294117,11.117647058823529,0.5294117647058822,4.764705882352941,9.0,1.8888888888888888,0.38181818181818183,0.45454545454545453,0.5272727272727272,0.9818181818181817,0.5128205128205128,0.015151515151515152,0.25757575757575757,0.13636363636363635,0.29411764705882354,0.7058823529411765,0.4166666666666667,219.0597014925373,7.35651151390965,-0.6543000000000001,55.0,2.0,0.0,5.0,0.0,5.0,12.0,S2,330,TB,True,2.2139631060564833,21.333333333333332,100,2.0,3.0,1.0,0.0,1.0,1.0,0.0,0.0,0.5,-0.46660255353455626
13.0,56.666666666666664,240.0,56.0,23.0,22.0,1.0,1.0,63.0,6.0,37.0,19.0,18.0,45.0,6.0,0.0,2.435294117647059,1.3764705882352941,5.929411764705883,0.6352941176470588,2.3294117647058825,6.670588235294118,2.8636363636363638,0.25806451612903225,0.325,0.4055299539170507,0.7305299539170507,0.33557046979865773,0.025,0.2625,0.09166666666666666,0.4742268041237113,0.5257731958762887,0.9019607843137255,261.86752136752136,-18.985449911814946,1.5756000000000003,217.0,1.0,0.0,12.0,1.0,46.0,51.0,S2,336,PIT,False,2.0021984001741306,58.333333333333336,133,9.0,9.0,6.0,3.0,7.0,2.0,1.0,0.0,0.7777777777777778,2.876903528841163
14.0,59.0,249.0,70.0,33.0,11.0,0.0,0.0,59.0,17.0,38.0,15.0,20.0,51.0,11.0,0.0,3.3559322033898304,1.3728813559322033,7.11864406779661,1.728813559322034,1.1186440677966103,6.0,5.363636363636363,0.2966101694915254,0.3253012048192771,0.5932203389830508,0.918521543802328,0.3271604938271605,0.06827309236947791,0.23694779116465864,0.04417670682730924,0.4205607476635514,0.5794392523364486,0.7258064516129032,256.26720647773277,-10.445841229346238,1.6965000000000003,236.0,2.0,0.0,11.0,4.0,45.0,62.0,S2,337,SFG,False,3.989636087113313,60.0,110,10.0,8.0,4.0,0.0,7.0,3.0,1.0,0.0,0.7,2.0596311057565293
1.0,0.3333333333333333,5.0,3.0,3.0,1.0,0.0,0.0,0.0,1.0,1.0,0.0,1.0,0.0,0.0,0.0,54.0,12.0,54.0,18.0,18.0,0.0,0.0,0.75,0.8,1.75,2.55,0.6666666666666666,0.2,0.0,0.2,1.0,0.0,0.0,155.4,2.7817403708987163,0.002899999999999986,4.0,0.0,0.0,1.0,0.0,1.0,0.0,S2,344,ARI,False,49.6845513413506,1.0,29,0.0,1.0,0.0,0.0,0.0,0.0,0.0,0.0,0.0,-0.2577915675552952
1.0,1.3333333333333333,6.0,3.0,2.0,0.0,0.0,0.0,0.0,2.0,1.0,0.0,2.0,0.0,0.0,0.0,9.0,2.25,13.5,9.0,0.0,0.0,0.0,0.5,0.5,1.5,2.0,0.25,0.3333333333333333,0.0,0.0,1.0,0.0,0.0,255.83333333333334,0.5511974292008862,-0.010500000000000002,6.0,0.0,0.0,0.0,0.0,3.0,0.0,S2,349,SFG,False,21.184551341350602,2.0,58,0.0,1.0,0.0,0.0,0.0,0.0,0.0,0.0,0.0,-0.03066077947859692
11.0,48.0,195.0,47.0,21.0,14.0,1.0,0.0,33.0,10.0,26.0,31.0,25.0,27.0,8.0,0.0,2.625,1.2708333333333333,5.875,1.25,1.75,4.125,2.357142857142857,0.2596685082872928,0.3128205128205128,0.49171270718232046,0.8045332200028332,0.26811594202898553,0.05128205128205128,0.16923076923076924,0.07179487179487179,0.6534653465346535,0.3465346534653465,1.8857142857142857,257.81052631578945,-13.676817243796974,1.3712999999999997,181.0,0.0,0.0,10.0,1.0,66.0,35.0,S2,373,3TM,False,3.8928846746839345,49.333333333333336,127,9.0,5.0,3.0,2.0,6.0,3.0,0.0,0.0,0.6666666666666666,2.162598036228178
1.0,0.3333333333333333,1.0,0.0,0.0,0.0,0.0,0.0,0.0,0.0,0.0,0.0,0.0,1.0,0.0,0.0,0.0,0.0,0.0,0.0,0.0,0.0,0.0,0.0,0.0,0.0,0.0,0.0,0.0,0.0,0.0,0.0,1.0,0.0,253.0,-0.5145929339477726,0.027000000000000003,1.0,0.0,0.0,0.0,0.0,0.0,1.0,S2,373,BAL,True,1.684551341350601,49.333333333333336,127,0.0,0.0,0.0,0.0,1.0,0.0,0.0,0.0,1.0,0.05553578730169254
1.0,6.0,24.0,6.0,3.0,1.0,0.0,0.0,5.0,2.0,3.0,3.0,4.0,2.0,2.0,0.0,3.0,1.1666666666666667,6.0,2.0,1.0,5.0,5.0,0.2608695652173913,0.2916666666666667,0.5652173913043478,0.8568840579710144,0.25,0.08333333333333333,0.20833333333333334,0.041666666666666664,0.6666666666666666,0.3333333333333333,2.0,275.8695652173913,-1.1852012115967119,0.01179999999999995,23.0,0.0,0.0,1.0,0.0,8.0,4.0,S2,373,SFG,True,4.851218008017268,49.333333333333336,127,1.0,1.0,1.0,0.0,0.0,1.0,0.0,0.0,0.0,0.216355974925638
10.0,41.666666666666664,170.0,41.0,18.0,13.0,1.0,0.0,28.0,8.0,23.0,28.0,21.0,24.0,6.0,0.0,2.592,1.296,5.904000000000001,1.1520000000000001,1.8719999999999999,4.032,2.1538461538461537,0.2611464968152866,0.3176470588235294,0.4840764331210191,0.8017234919445485,0.2727272727272727,0.047058823529411764,0.16470588235294117,0.07647058823529412,0.6590909090909091,0.3409090909090909,1.9333333333333333,255.33734939759037,-11.97702309825249,1.3325,157.0,0.0,0.0,9.0,1.0,58.0,30.0,S2,373,TB,True,3.772551341350601,49.333333333333336,127,8.0,4.0,2.0,2.0,5.0,2.0,0.0,0.0,0.7142857142857143,1.8907062740008471
2.0,9.666666666666666,43.0,13.0,7.0,2.0,0.0,0.0,7.0,2.0,8.0,3.0,4.0,6.0,7.0,0.0,4.344827586206897,1.5517241379310345,8.068965517241379,1.2413793103448278,1.2413793103448278,4.344827586206897,3.5,0.3170731707317073,0.3488372093023256,0.5365853658536586,0.8854225751559841,0.34375,0.046511627906976744,0.16279069767441862,0.046511627906976744,0.38095238095238093,0.6190476190476191,0.6153846153846154,269.13953488372096,0.5392575812865867,0.1061,41.0,0.0,0.0,3.0,0.0,8.0,13.0,S2,375,COL,False,3.5466203068678426,9.666666666666666,75,2.0,0.0,0.0,0.0,2.0,0.0,0.0,0.0,1.0,0.12136347986869853
7.0,12.666666666666666,63.0,19.0,12.0,11.0,1.0,1.0,11.0,3.0,11.0,5.0,3.0,5.0,2.0,0.0,5.684210526315789,2.368421052631579,9.0,1.4210526315789473,5.210526315789474,5.210526315789474,1.0,0.37254901960784315,0.47619047619047616,0.6470588235294118,1.123249299719888,0.42105263157894735,0.047619047619047616,0.1746031746031746,0.1746031746031746,0.6666666666666666,0.3333333333333333,2.0,217.8,3.2412722237970435,0.024699999999999972,51.0,1.0,0.0,5.0,0.0,14.0,7.0,S2,376,3TM,False,5.631919762403233,14.333333333333334,73,3.0,2.0,0.0,0.0,0.0,2.0,1.0,1.0,0.0,-0.06730810624404149
1.0,4.0,23.0,8.0,6.0,4.0,0.0,0.0,6.0,1.0,5.0,0.0,1.0,1.0,0.0,0.0,9.0,3.0,12.0,1.5,6.0,9.0,1.5,0.4444444444444444,0.5217391304347826,0.7222222222222222,1.2439613526570048,0.5833333333333334,0.043478260869565216,0.2608695652173913,0.17391304347826086,0.75,0.25,3.0,201.2608695652174,2.9369065329151494,-0.15370000000000003,18.0,1.0,0.0,2.0,0.0,3.0,1.0,S2,376,BOS,True,4.934551341350601,14.333333333333334,73,1.0,0.0,0.0,0.0,0.0,1.0,0.0,0.0,0.0,-0.1999312934324634
3.0,5.666666666666667,26.0,7.0,5.0,5.0,0.0,1.0,3.0,1.0,4.0,3.0,1.0,3.0,1.0,0.0,5.294117647058823,2.1176470588235294,7.4117647058823515,1.0588235294117645,5.294117647058823,3.1764705882352944,0.6,0.3333333333333333,0.46153846153846156,0.5714285714285714,1.0329670329670328,0.35294117647058826,0.038461538461538464,0.11538461538461539,0.19230769230769232,0.6363636363636364,0.36363636363636365,1.75,223.70833333333334,1.4179570424528156,-0.26599999999999996,21.0,0.0,0.0,2.0,0.0,7.0,4.0,S2,376,HOU,True,5.566904282527071,14.333333333333334,73,1.0,1.0,0.0,0.0,0.0,1.0,0.0,0.0,0.0,-0.03580686266548418
3.0,3.0,14.0,4.0,1.0,2.0,1.0,0.0,2.0,1.0,2.0,2.0,1.0,1.0,1.0,0.0,2.0,2.0,8.0,2.0,4.0,4.0,1.0,0.3333333333333333,0.42857142857142855,0.6666666666666666,1.0952380952380951,0.3333333333333333,0.07142857142857142,0.14285714285714285,0.14285714285714285,0.6666666666666666,0.3333333333333333,2.0,236.15384615384616,-1.1135913515709213,0.4444,12.0,0.0,0.0,1.0,0.0,4.0,2.0,S2,376,TB,True,6.684551341350601,14.333333333333334,73,1.0,1.0,0.0,0.0,0.0,0.0,1.0,1.0,0.0,0.1684300498539061
10.0,37.333333333333336,145.0,30.0,15.0,9.0,0.0,0.0,31.0,7.0,17.0,18.0,8.0,36.0,5.0,0.0,2.4107142857142856,1.044642857142857,4.821428571428571,1.125,1.4464285714285712,4.982142857142857,3.4444444444444446,0.2222222222222222,0.2689655172413793,0.4222222222222222,0.6911877394636015,0.23469387755102042,0.04827586206896552,0.21379310344827587,0.06206896551724138,0.44594594594594594,0.5540540540540541,0.8048780487804879,273.8041958041958,-12.852723079009257,1.3346000000000002,135.0,1.0,0.0,6.0,0.0,33.0,41.0,S2,394,TOR,False,3.184551341350601,39.333333333333336,154,6.0,7.0,4.0,1.0,6.0,2.0,0.0,1.0,0.75,1.8763639244036419
9.0,39.666666666666664,165.0,34.0,16.0,19.0,0.0,1.0,19.0,4.0,19.0,30.0,16.0,31.0,7.0,0.0,2.420168067226891,1.3361344537815127,5.142857142857143,0.6050420168067228,2.8739495798319328,2.8739495798319328,1.0,0.23448275862068965,0.3212121212121212,0.3931034482758621,0.7143155694879832,0.24390243902439024,0.024242424242424242,0.11515151515151516,0.11515151515151516,0.5869565217391305,0.41304347826086957,1.4210526315789473,249.65853658536585,-12.509664665783284,1.0318999999999998,145.0,1.0,0.0,11.0,0.0,54.0,38.0,S2,395,TOR,False,3.4744673077371555,41.333333333333336,179,6.0,8.0,5.0,1.0,2.0,3.0,1.0,0.0,0.4,1.92358796121935
18.0,97.0,417.0,113.0,55.0,30.0,0.0,5.0,51.0,18.0,73.0,49.0,58.0,82.0,11.0,0.0,3.402061855670103,1.4742268041237114,6.989690721649485,1.1134020618556701,1.8556701030927836,3.1546391752577323,1.7,0.2950391644908616,0.34292565947242204,0.4934725848563969,0.8363982443288189,0.29874213836477986,0.04316546762589928,0.1223021582733813,0.07194244604316546,0.5753424657534246,0.4246575342465753,1.3548387096774193,242.2874109263658,-16.921142676178253,0.7296999999999998,383.0,4.0,0.0,22.0,0.0,126.0,93.0,S2,413,2TM,False,3.973211135165034,98.66666666666667,121,17.0,15.0,14.0,1.0,8.0,8.0,0.0,0.0,0.5,3.3920122268014987
1.0,6.0,25.0,8.0,2.0,1.0,0.0,0.0,4.0,0.0,7.0,3.0,1.0,5.0,1.0,0.0,2.0,1.5,8.0,0.0,1.0,4.0,4.0,0.3333333333333333,0.36,0.375,0.735,0.4,0.0,0.16,0.04,0.5,0.5,1.0,212.88,-2.185201211596711,0.2769,24.0,0.0,0.0,1.0,0.0,6.0,6.0,S2,413,HOU,True,0.8512180080172677,98.66666666666667,121,1.0,1.0,1.0,0.0,1.0,0.0,0.0,0.0,1.0,0.32043246883255316
17.0,91.0,392.0,105.0,53.0,29.0,0.0,5.0,47.0,18.0,66.0,46.0,57.0,77.0,10.0,0.0,3.4945054945054945,1.4725274725274726,6.9230769230769225,1.1868131868131868,1.912087912087912,3.0989010989010994,1.6206896551724137,0.2924791086350975,0.34183673469387754,0.5013927576601671,0.8432294923540447,0.29194630872483224,0.04591836734693878,0.11989795918367346,0.07397959183673469,0.5797101449275363,0.42028985507246375,1.3793103448275863,244.1439393939394,-14.73594146458154,0.4528000000000001,359.0,4.0,0.0,21.0,0.0,120.0,87.0,S2,413,TEX,True,4.1790568358560956,98.66666666666667,121,16.0,14.0,13.0,1.0,7.0,8.0,0.0,0.0,0.4666666666666667,3.0715797579689452
1.0,2.0,8.0,1.0,0.0,1.0,0.0,0.0,1.0,0.0,0.0,1.0,2.0,2.0,0.0,0.0,0.0,1.0,3.0,0.0,3.0,3.0,1.0,0.14285714285714285,0.25,0.2857142857142857,0.5357142857142857,0.16666666666666666,0.0,0.125,0.125,0.6,0.4,1.5,272.875,-1.3950670705322372,0.1374,7.0,0.0,0.0,1.0,0.0,3.0,2.0,S2,716,DET,False,2.184551341350601,2.0,0,1.0,0.0,0.0,0.0,0.0,0.0,0.0,0.0,0.0,0.17211865830854597
11.0,59.666666666666664,246.0,54.0,25.0,23.0,0.0,3.0,62.0,8.0,36.0,20.0,22.0,52.0,2.0,0.0,2.5139664804469275,1.2905027932960895,5.430167597765363,0.8044692737430168,2.3128491620111733,6.23463687150838,2.6956521739130435,0.24324324324324326,0.3130081300813008,0.4009009009009009,0.7139090309822017,0.3006535947712418,0.032520325203252036,0.25203252032520324,0.09349593495934959,0.49056603773584906,0.5094339622641509,0.9629629629629629,264.5925925925926,-15.286739826943087,1.1048000000000004,222.0,1.0,0.0,9.0,1.0,52.0,54.0,S2,1953,2TM,False,2.505780391629931,59.666666666666664,149,11.0,8.0,8.0,1.0,4.0,6.0,0.0,0.0,0.4,2.5314914837954685
8.0,45.666666666666664,182.0,39.0,15.0,13.0,0.0,0.0,48.0,5.0,25.0,14.0,17.0,41.0,2.0,0.0,1.9708029197080292,1.1386861313868615,5.124087591240876,0.6569343065693432,1.7080291970802923,6.306569343065694,3.6923076923076925,0.23214285714285715,0.2857142857142857,0.38095238095238093,0.6666666666666666,0.29310344827586204,0.027472527472527472,0.26373626373626374,0.07142857142857142,0.4691358024691358,0.5308641975308642,0.8837209302325582,268.0601092896175,-16.57194968829368,1.1897000000000002,168.0,1.0,0.0,8.0,1.0,38.0,43.0,S2,1953,MIL,True,1.8597338231024259,59.666666666666664,149,8.0,7.0,7.0,1.0,4.0,3.0,0.0,0.0,0.5714285714285714,2.3991168598879495
3.0,14.0,64.0,15.0,10.0,10.0,0.0,3.0,14.0,3.0,11.0,6.0,5.0,11.0,0.0,0.0,4.285714285714286,1.7857142857142858,6.428571428571429,1.2857142857142856,4.285714285714286,6.0,1.4,0.2777777777777778,0.390625,0.46296296296296297,0.853587962962963,0.32432432432432434,0.046875,0.21875,0.15625,0.56,0.44,1.2727272727272727,254.01666666666668,1.285209861350594,-0.08489999999999992,54.0,0.0,0.0,1.0,0.0,14.0,11.0,S2,1953,STL,True,4.613122769922029,59.666666666666664,149,3.0,1.0,1.0,0.0,0.0,3.0,0.0,0.0,0.0,0.13237462390751875
