Hitter,Hitter ID,Swing,Pitcher,Pitcher ID,Pitch,Old Result,Diff,Inning,Outs,OBC,Home Score,Away Score,Batter WPA,Pitcher WPA,RBI,Run,Inning ID,Game ID,Session,Batter Team,Pitcher Team,Exact Result,Result at Neutral,Result All Neutral,Pitcher Responsible for Runner on 3rd Who Scored,Pitcher Responsible for Runner on 2nd Who Scored,Pitcher Responsible for Runner on 1st Who Scored,Pitcher Responsible for Batter Who Scored,PA Type
Joey Wheeler,662,400,Bob Kelso,1834,499,BB,99,T1,0,0,0,0,2.91%,-2.91%,0,1,1,1,1,MIN,BAL,BB,FO,1B,,,,,1
Homer Nocker,606,303,Bob Kelso,1834,225,1B,78,T1,0,1,0,0,5.56%,-5.56%,0,1,1,1,1,MIN,BAL,1B,1B,1B,,,,,1
Arthur Vandelay,518,1,Bob Kelso,1834,985,3B,16,T1,0,4,0,0,20.44%,-20.44%,2,1,1,1,1,MIN,BAL,3B,HR,HR,,1834,1834,,1
Corbin Christmas Carol,2827,888,Bob Kelso,1834,487,RGO,401,T1,0,3,0,2,-3.06%,3.06%,0,0,1,1,1,MIN,BAL,RGO,RGO,RGO,,,,,2
Butch Sterling,2992,334,Bob Kelso,1834,933,RGO,401,T1,1,3,0,2,-5.36%,5.36%,0,0,1,1,1,MIN,BAL,RGO,RGO,RGO,,,,,2
Ping Pong,530,40,Bob Kelso,1834,88,2B,48,T1,2,3,0,2,8.69%,-8.69%,1,0,1,1,1,MIN,BAL,2B,2B,2B,1834,,,,1
toronto mans,2587,850,Bob Kelso,1834,399,LGO,451,T1,2,2,0,3,-2.62%,2.62%,0,0,1,1,1,MIN,BAL,LGO,LGO,LGO,,,,,1
Poop McGee,596,818,Harry McPotterson,1703,795,3B,23,B1,0,0,0,3,8.65%,-8.65%,0,1,2,1,1,BAL,MIN,3B,HR,HR,,,,,1
Vinny Vega,723,33,Harry McPotterson,1703,600,RGO,433,B1,0,3,0,3,-3.89%,3.89%,0,0,2,1,1,BAL,MIN,RGO,RGO,RGO,,,,,2
Juni Juni Panda,488,1,Harry McPotterson,1703,597,RGO,404,B1,1,3,0,3,-0.42%,0.42%,1,0,2,1,1,BAL,MIN,RGO,RGO,RGO,1703,,,,1
Nelson Van Halen,649,777,Harry McPotterson,1703,250,LGO,473,B1,2,0,1,3,-1.72%,1.72%,0,0,2,1,1,BAL,MIN,LGO,LGO,LGO,,,,,1
Kyle Corbett,707,32,Bob Kelso,1834,198,FO,166,T2,0,0,1,3,-1.70%,1.70%,0,0,3,1,1,MIN,BAL,FO,FO,BB,,,,,1
King Kruul,2229,698,Bob Kelso,1834,877,FO,179,T2,1,0,1,3,-1.52%,1.52%,0,0,3,1,1,MIN,BAL,FO,FO,FO,,,,,1
Joey Wheeler,662,688,Bob Kelso,1834,522,FO,166,T2,2,0,1,3,-1.37%,1.37%,0,0,3,1,1,MIN,BAL,FO,FO,BB,,,,,1
Vartan Ichabod Cassidy,2963,333,Harry McPotterson,1703,150,FO,183,B2,0,0,1,3,-2.94%,2.94%,0,0,4,1,1,BAL,MIN,FO,FO,FO,,,,,1
Lil Lilith Lillian,2589,751,Harry McPotterson,1703,980,K,229,B2,1,0,1,3,-2.53%,2.53%,0,0,4,1,1,BAL,MIN,K,K,FO,,,,,1
Slick Grifter,3061,1,Harry McPotterson,1703,244,FO,243,B2,2,0,1,3,-1.92%,1.92%,0,0,4,1,1,BAL,MIN,FO,FO,FO,,,,,1
Homer Nocker,606,225,Bob Kelso,1834,670,LGO,445,T3,0,0,1,3,-1.72%,1.72%,0,0,5,1,1,MIN,BAL,LGO,LGO,RGO,,,,,1
Arthur Vandelay,518,420,Bob Kelso,1834,521,1B,101,T3,1,0,1,3,1.43%,-1.43%,0,0,5,1,1,MIN,BAL,1B,1B,1B,,,,,1
Corbin Christmas Carol,2827,749,Bob Kelso,1834,160,DP,411,T3,1,1,1,3,-4.29%,4.29%,0,0,5,1,1,MIN,BAL,RGO,RGO,DP,,,,,1
Ratryox,2953,217,Harry McPotterson,1703,844,RGO,373,B3,0,0,1,3,-3.28%,3.28%,0,0,6,1,1,BAL,MIN,RGO,RGO,K,,,,,1
Randy Mann,2922,100,Harry McPotterson,1703,301,FO,201,B3,1,0,1,3,-2.78%,2.78%,0,0,6,1,1,BAL,MIN,FO,FO,FO,,,,,1
Poop McGee,596,785,Harry McPotterson,1703,801,HR,16,B3,2,0,1,3,12.85%,-12.85%,1,1,6,1,1,BAL,MIN,HR,HR,HR,,,,1703,1
Vinny Vega,723,69,Harry McPotterson,1703,1000,1B,69,B3,2,0,2,3,2.66%,-2.66%,0,1,6,1,1,BAL,MIN,1B,1B,1B,,,,,1
Juni Juni Panda,488,777,Harry McPotterson,1703,811,2B,34,B3,2,1,2,3,18.84%,-18.84%,1,0,6,1,1,BAL,MIN,2B,HR,2B,,,1703,,1
Nelson Van Halen,649,77,Harry McPotterson,1703,811,K,266,B3,2,2,3,3,-6.17%,6.17%,0,0,6,1,1,BAL,MIN,K,K,FO,,,,,1
Butch Sterling,2992,499,Bob Kelso,1834,199,K,300,T4,0,0,3,3,-3.58%,3.58%,0,0,7,1,1,MIN,BAL,K,K,K,,,,,1
Ping Pong,530,30,Bob Kelso,1834,678,RGO,352,T4,1,0,3,3,-3.19%,3.19%,0,0,7,1,1,MIN,BAL,RGO,RGO,K,,,,,1
toronto mans,2587,912,Bob Kelso,1834,566,PO,346,T4,2,0,3,3,-2.75%,2.75%,0,0,7,1,1,MIN,BAL,PO,PO,K,,,,,1
Vartan Ichabod Cassidy,2963,8,Harry McPotterson,1703,589,RGO,419,B4,0,0,3,3,-3.43%,3.43%,0,0,8,1,1,BAL,MIN,RGO,RGO,RGO,,,,,1
Lil Lilith Lillian,2589,227,Harry McPotterson,1703,589,PO,362,B4,1,0,3,3,-3.17%,3.17%,0,0,8,1,1,BAL,MIN,PO,PO,K,,,,,1
Slick Grifter,3061,311,Harry McPotterson,1703,700,PO,389,B4,2,0,3,3,-2.87%,2.87%,0,0,8,1,1,BAL,MIN,PO,PO,PO,,,,,1
Kyle Corbett,707,417,Bob Kelso,1834,507,1B,90,T5,0,0,3,3,4.12%,-4.12%,0,0,9,1,1,MIN,BAL,1B,1B,1B,,,,,1
King Kruul,2229,333,Troy-Anthony Parker,2744,946,K,387,T5,0,1,3,3,-4.96%,4.96%,0,0,9,1,1,MIN,BAL,K,K,PO,,,,,1
Joey Wheeler,662,450,Troy-Anthony Parker,2744,808,K,358,T5,1,1,3,3,-4.01%,4.01%,0,0,9,1,1,MIN,BAL,K,K,K,,,,,1
Homer Nocker,606,100,Troy-Anthony Parker,2744,245,BB,145,T5,2,1,3,3,4.31%,-4.31%,0,0,9,1,1,MIN,BAL,BB,FO,BB,,,,,1
Arthur Vandelay,518,479,Troy-Anthony Parker,2744,940,RGO,461,T5,2,4,3,3,-11.18%,11.18%,0,0,9,1,1,MIN,BAL,RGO,RGO,LGO,,,,,1
Ratryox,2953,511,Harry McPotterson,1703,555,2B,44,B5,0,0,3,3,10.37%,-10.37%,0,0,10,1,1,BAL,MIN,2B,2B,2B,,,,,1
Randy Mann,2922,516,Harry McPotterson,1703,1000,LGO,484,B5,0,2,3,3,-6.87%,6.87%,0,0,10,1,1,BAL,MIN,LGO,LGO,LGO,,,,,1
Poop McGee,596,111,Harry McPotterson,1703,600,LGO,489,B5,1,2,3,3,-5.71%,5.71%,0,0,10,1,1,BAL,MIN,LGO,LGO,LGO,,,,,1
Vinny Vega,723,633,Harry McPotterson,1703,800,BB,167,B5,2,2,3,3,1.07%,-1.07%,0,0,10,1,1,BAL,MIN,BB,FO,BB,,,,,1
Juni Juni Panda,488,119,Harry McPotterson,1703,333,K,214,B5,2,4,3,3,-10.55%,10.55%,0,0,10,1,1,BAL,MIN,K,K,FO,,,,,1
Corbin Christmas Carol,2827,711,Troy-Anthony Parker,2744,236,LGO,475,T6,0,0,3,3,-5.44%,5.44%,0,0,11,1,1,MIN,BAL,LGO,LGO,LGO,,,,,1
Butch Sterling,2992,742,Troy-Anthony Parker,2744,825,1B,83,T6,1,0,3,3,3.75%,-3.75%,0,0,11,1,1,MIN,BAL,1B,1B,1B,,,,,1
Ping Pong,530,2,Troy-Anthony Parker,2744,516,DP,486,T6,1,1,3,3,-13.74%,13.74%,0,0,11,1,1,MIN,BAL,LGO,LGO,DP,,,,,1
Nelson Van Halen,649,690,Harry McPotterson,1703,1000,K,310,B6,0,0,3,3,-5.27%,5.27%,0,0,12,1,1,BAL,MIN,K,K,K,,,,,1
Vartan Ichabod Cassidy,2963,713,Harry McPotterson,1703,700,HR,13,B6,1,0,3,3,39.80%,-39.80%,1,1,12,1,1,BAL,MIN,HR,HR,HR,,,,1703,1
Tendaji Okoye,813,531,Joel Justice,2738,360,FO,171,T1,0,0,0,0,-2.51%,2.51%,0,0,13,2,1,BOS,OAK,FO,FO,BB,,,,,1
Matt Taylor,780,503,Joel Justice,2738,189,K,314,T1,1,0,0,0,-2.18%,2.18%,0,0,13,2,1,BOS,OAK,K,K,K,,,,,1
Toky Oto,2773,535,Joel Justice,2738,839,K,304,T1,2,0,0,0,-1.76%,1.76%,0,0,13,2,1,BOS,OAK,K,K,K,,,,,1
Kries Von Kriestalhauser,2959,623,William T. Striker,2867,765,BB,142,B1,0,0,0,0,2.76%,-2.76%,0,0,14,2,1,OAK,BOS,BB,FO,BB,,,,,1
Teddy Bigstick,2722,491,William T. Striker,2867,79,DP,412,B1,0,1,0,0,-7.41%,7.41%,0,0,14,2,1,OAK,BOS,RGO,RGO,DP,,,,,1
Peter Hoomanawanui,2504,615,William T. Striker,2867,913,K,298,B1,2,0,0,0,-1.79%,1.79%,0,0,14,2,1,OAK,BOS,K,K,K,,,,,1
Boomer Fisher,2933,602,Joel Justice,2738,749,BB,147,T2,0,0,0,0,3.09%,-3.09%,0,0,15,2,1,BOS,OAK,BB,FO,BB,,,,,1
Hess Nahstee,443,444,Joel Justice,2738,890,DP,446,T2,0,1,0,0,-8.21%,8.21%,0,0,15,2,1,BOS,OAK,LGO,LGO,DP,,,,,1
Justin Time,2886,890,Joel Justice,2738,234,K,344,T2,2,0,0,0,-1.99%,1.99%,0,0,15,2,1,BOS,OAK,K,K,K,,,,,1
Pang Winn,713,563,William T. Striker,2867,140,RGO,423,B2,0,0,0,0,-2.72%,2.72%,0,0,16,2,1,OAK,BOS,RGO,RGO,RGO,,,,,1
Total Dial,3013,301,William T. Striker,2867,447,BB,146,B2,1,0,0,0,2.47%,-2.47%,0,0,16,2,1,OAK,BOS,BB,FO,BB,,,,,1
Joey Motto,2964,851,William T. Striker,2867,333,DP,482,B2,1,1,0,0,-6.88%,6.88%,0,0,16,2,1,OAK,BOS,LGO,LGO,DP,,,,,1
Hippo Jars,2902,490,Joel Justice,2738,1,LGO,489,T3,0,0,0,0,-3.03%,3.03%,0,0,17,2,1,BOS,OAK,LGO,LGO,LGO,,,,,1
Luke Skywalker,2251,2,Joel Justice,2738,151,FO,149,T3,1,0,0,0,-2.74%,2.74%,0,0,17,2,1,BOS,OAK,FO,FO,BB,,,,,1
Dixon Uraz,34,777,Joel Justice,2738,351,PO,426,T3,2,0,0,0,-2.31%,2.31%,0,0,17,2,1,BOS,OAK,PO,PO,RGO,,,,,1
Sierra Hightower,776,447,William T. Striker,2867,22,RGO,425,B3,0,0,0,0,-3.07%,3.07%,0,0,18,2,1,OAK,BOS,RGO,RGO,RGO,,,,,1
Willie Gardner,2856,681,William T. Striker,2867,622,2B,59,B3,1,0,0,0,5.79%,-5.79%,0,0,18,2,1,OAK,BOS,2B,2B,2B,,,,,1
Hitgood McChunky,2893,120,William T. Striker,2867,622,LO,498,B3,1,2,0,0,-10.83%,10.83%,0,0,18,2,1,OAK,BOS,LGO,LGO,LGO,,,,,1
Tendaji Okoye,813,151,Joel Justice,2738,405,K,254,T4,0,0,0,0,-3.58%,3.58%,0,0,19,2,1,BOS,OAK,K,K,FO,,,,,1
Matt Taylor,780,105,Joel Justice,2738,619,LGO,486,T4,1,0,0,0,-3.19%,3.19%,0,0,19,2,1,BOS,OAK,LGO,LGO,LGO,,,,,1
Toky Oto,2773,42,Joel Justice,2738,782,K,260,T4,2,0,0,0,-2.75%,2.75%,0,0,19,2,1,BOS,OAK,K,K,FO,,,,,1
Kries Von Kriestalhauser,2959,811,William T. Striker,2867,822,HR,11,B4,0,0,0,0,18.66%,-18.66%,1,1,20,2,1,OAK,BOS,HR,HR,HR,,,,2867,1
Teddy Bigstick,2722,521,William T. Striker,2867,900,RGO,379,B4,0,0,1,0,-1.87%,1.87%,0,0,20,2,1,OAK,BOS,RGO,RGO,PO,,,,,1
Peter Hoomanawanui,2504,256,William T. Striker,2867,615,RGO,359,B4,1,0,1,0,-1.74%,1.74%,0,0,20,2,1,OAK,BOS,RGO,RGO,K,,,,,1
Pang Winn,713,32,William T. Striker,2867,712,K,320,B4,2,0,1,0,-1.49%,1.49%,0,0,20,2,1,OAK,BOS,K,K,K,,,,,1
Boomer Fisher,2933,106,Joel Justice,2738,624,LGO,482,T5,0,0,1,0,-4.98%,4.98%,0,0,21,2,1,BOS,OAK,LGO,LGO,LGO,,,,,1
Hess Nahstee,443,911,Joel Justice,2738,333,RGO,422,T5,1,0,1,0,-4.32%,4.32%,0,0,21,2,1,BOS,OAK,RGO,RGO,RGO,,,,,1
Justin Time,2886,999,Joel Justice,2738,447,RGO,448,T5,2,0,1,0,-3.61%,3.61%,0,0,21,2,1,BOS,OAK,RGO,RGO,RGO,,,,,1
Total Dial,3013,619,William T. Striker,2867,360,FO,259,B5,0,0,1,0,-1.37%,1.37%,0,0,22,2,1,OAK,BOS,FO,FO,FO,,,,,1
Joey Motto,2964,91,William T. Striker,2867,619,LGO,472,B5,1,0,1,0,-1.30%,1.30%,0,0,22,2,1,OAK,BOS,LGO,LGO,LGO,,,,,1
Sierra Hightower,776,340,William T. Striker,2867,493,FO,153,B5,2,0,1,0,-1.14%,1.14%,0,0,22,2,1,OAK,BOS,FO,FO,BB,,,,,1
Hippo Jars,2902,747,Joel Justice,2738,785,2B,38,T6,0,0,1,0,17.39%,-17.39%,0,0,23,2,1,BOS,OAK,2B,2B,2B,,,,,1
Luke Skywalker,2251,633,Joel Justice,2738,66,RGO,433,T6,0,2,1,0,-2.82%,2.82%,0,0,23,2,1,BOS,OAK,RGO,RGO,RGO,,,,,1
Dixon Uraz,34,707,Joel Justice,2738,365,K,342,T6,1,3,1,0,-18.86%,18.86%,0,0,23,2,1,BOS,OAK,K,K,K,,,,,2
Tendaji Okoye,813,308,Joel Justice,2738,911,K,397,T6,2,3,1,0,-13.57%,13.57%,0,0,23,2,1,BOS,OAK,K,K,PO,,,,,1
Anthony Esposito III,2950,110,im sleve,1786,464,PO,354,T1,0,0,0,0,-2.51%,2.51%,0,0,24,3,1,MIA,PHI,PO,PO,K,,,,,1
Roosevelt Sandoval,2789,515,im sleve,1786,82,LGO,433,T1,1,0,0,0,-2.18%,2.18%,0,0,24,3,1,MIA,PHI,LGO,LGO,RGO,,,,,1
Captain Trash,2696,460,im sleve,1786,929,LGO,469,T1,2,0,0,0,-1.76%,1.76%,0,0,24,3,1,MIA,PHI,LGO,LGO,LGO,,,,,1
Mr. Plow,2646,113,Artanis Jones,37,946,BB,167,B1,0,0,0,0,2.76%,-2.76%,0,0,25,3,1,PHI,MIA,BB,FO,BB,,,,,1
Carlos Narvaez Jr.,2962,271,Artanis Jones,37,817,DP,454,B1,0,1,0,0,-7.41%,7.41%,0,0,25,3,1,PHI,MIA,RGO,RGO,DP,,,,,1
XxBlaise Bailey Finnegan IIIxX,2897,711,Artanis Jones,37,577,1B,134,B1,2,0,0,0,1.90%,-1.90%,0,0,25,3,1,PHI,MIA,1B,1B,1B,,,,,1
Stupido Einsteiny,2866,348,Artanis Jones,37,946,PO,402,B1,2,1,0,0,-3.69%,3.69%,0,0,25,3,1,PHI,MIA,PO,PO,RGO,,,,,1
Cole Slaw,3040,1000,im sleve,1786,264,K,264,T2,0,0,0,0,-2.72%,2.72%,0,0,26,3,1,MIA,PHI,K,FO,FO,,,,,1
Grand Slamdalf,265,866,im sleve,1786,91,FO,225,T2,1,0,0,0,-2.40%,2.40%,0,0,26,3,1,MIA,PHI,FO,FO,FO,,,,,1
Lane Drew,190,122,im sleve,1786,1000,1B,122,T2,2,0,0,0,2.15%,-2.15%,0,0,26,3,1,MIA,PHI,1B,1B,1B,,,,,1
Lane Drew,190,300,im sleve,1786,937,CS,363,T2,2,1,0,0,-4.14%,4.14%,0,0,26,3,1,MIA,PHI,CS 2B,CS 2B,CS,,,,,4
Dakota Carolina Montana,65,48,Artanis Jones,37,1000,2B,48,B2,0,0,0,0,6.77%,-6.77%,0,1,27,3,1,PHI,MIA,2B,2B,2B,,,,,1
Q Kimbrel,20,477,Artanis Jones,37,272,FO,205,B2,0,2,0,0,-4.43%,4.43%,0,0,27,3,1,PHI,MIA,FO,FO,FO,,,,,1
DeAaron Taylor,2824,809,Artanis Jones,37,302,LGO,493,B2,1,2,0,0,-4.04%,4.04%,0,0,27,3,1,PHI,MIA,LGO,LGO,LGO,,,,,1
River James,2857,101,Artanis Jones,37,193,1B,92,B2,2,2,0,0,12.80%,-12.80%,1,0,27,3,1,PHI,MIA,1B,1B,1B,,37,,,1
TheRedKnight,2974,250,Artanis Jones,37,381,BB,131,B2,2,1,1,0,2.10%,-2.10%,0,0,27,3,1,PHI,MIA,BB,FO,1B,,,,,1
Mr. Plow,2646,830,Artanis Jones,37,515,K,315,B2,2,4,1,0,-5.26%,5.26%,0,0,27,3,1,PHI,MIA,K,K,K,,,,,1
Casper Greenwell,2825,758,im sleve,1786,1000,FO,242,T3,0,0,1,0,-3.32%,3.32%,0,0,28,3,1,MIA,PHI,FO,FO,FO,,,,,1
Baron Samedi,2135,300,im sleve,1786,791,LGO,491,T3,1,0,1,0,-2.85%,2.85%,0,0,28,3,1,MIA,PHI,LGO,LGO,LGO,,,,,1
Hakuna Moncada,2501,129,im sleve,1786,644,LGO,485,T3,2,0,1,0,-2.26%,2.26%,0,0,28,3,1,MIA,PHI,LGO,LGO,LGO,,,,,1
Carlos Narvaez Jr.,2962,187,Artanis Jones,37,674,LGO,487,B3,0,0,1,0,-2.04%,2.04%,0,0,29,3,1,PHI,MIA,LGO,LGO,LGO,,,,,1
XxBlaise Bailey Finnegan IIIxX,2897,13,Artanis Jones,37,828,FO,185,B3,1,0,1,0,-1.80%,1.80%,0,0,29,3,1,PHI,MIA,FO,FO,FO,,,,,1
Stupido Einsteiny,2866,333,Artanis Jones,37,819,LGO,486,B3,2,0,1,0,-1.62%,1.62%,0,0,29,3,1,PHI,MIA,LGO,LGO,LGO,,,,,1
Anthony Esposito III,2950,901,im sleve,1786,464,LGO,437,T4,0,0,1,0,-3.96%,3.96%,0,0,30,3,1,MIA,PHI,LGO,LGO,RGO,,,,,1
Roosevelt Sandoval,2789,377,im sleve,1786,804,RGO,427,T4,1,0,1,0,-3.37%,3.37%,0,0,30,3,1,MIA,PHI,RGO,RGO,RGO,,,,,1
Captain Trash,2696,920,im sleve,1786,203,K,283,T4,2,0,1,0,-2.78%,2.78%,0,0,30,3,1,MIA,PHI,K,K,FO,,,,,1
Dakota Carolina Montana,65,624,Artanis Jones,37,566,2B,58,B4,0,0,1,0,4.77%,-4.77%,0,1,31,3,1,PHI,MIA,2B,2B,2B,,,,,1
Q Kimbrel,20,892,Artanis Jones,37,258,PO,366,B4,0,2,1,0,-3.00%,3.00%,0,0,31,3,1,PHI,MIA,PO,PO,K,,,,,1
DeAaron Taylor,2824,587,Artanis Jones,37,752,BB,165,B4,1,2,1,0,0.68%,-0.68%,0,1,31,3,1,PHI,MIA,BB,FO,BB,,,,,1
River James,2857,889,Artanis Jones,37,201,K,312,B4,1,4,1,0,-2.48%,2.48%,0,0,31,3,1,PHI,MIA,K,K,K,,,,,1
Tasker Morris,287,629,Artanis Jones,37,774,BB,145,B4,2,4,1,0,1.78%,-1.78%,0,1,31,3,1,PHI,MIA,BB,FO,BB,,,,,1
Mr. Plow,2646,707,Commie Ohtani,39,774,1B,67,B4,2,7,1,0,13.99%,-13.99%,2,0,31,3,1,PHI,MIA,1B,1B,1B,37,37,,,1
Carlos Narvaez Jr.,2962,333,Commie Ohtani,39,441,1B,108,B4,2,5,3,0,2.84%,-2.84%,1,0,31,3,1,PHI,MIA,1B,1B,1B,37,,,,1
XxBlaise Bailey Finnegan IIIxX,2897,212,Commie Ohtani,39,44,BB,168,B4,2,5,4,0,0.41%,-0.41%,0,0,31,3,1,PHI,MIA,BB,FO,BB,,,,,1
Stupido Einsteiny,2866,169,Commie Ohtani,39,770,PO,399,B4,2,7,4,0,-1.12%,1.12%,0,0,31,3,1,PHI,MIA,PO,PO,PO,,,,,1
Cole Slaw,3040,430,im sleve,1786,464,2B,34,T5,0,0,4,0,3.50%,-3.50%,0,1,32,3,1,MIA,PHI,2B,3B,2B,,,,,1
Grand Slamdalf,265,12,im sleve,1786,609,RGO,403,T5,0,2,4,0,-2.01%,2.01%,0,0,32,3,1,MIA,PHI,RGO,RGO,RGO,,,,,1
Lane Drew,190,630,im sleve,1786,733,1B,103,T5,1,3,4,0,2.86%,-2.86%,1,0,32,3,1,MIA,PHI,1B,1B,1B,1786,,,,2
Casper Greenwell,2825,5,im sleve,1786,789,FO,216,T5,1,1,4,1,-2.79%,2.79%,0,0,32,3,1,MIA,PHI,FO,FO,FO,,,,,1
Baron Samedi,2135,761,im sleve,1786,191,RGO,430,T5,2,1,4,1,-2.62%,2.62%,0,0,32,3,1,MIA,PHI,RGO,RGO,RGO,,,,,1
Dakota Carolina Montana,65,555,Commie Ohtani,39,110,RGO,445,B5,0,0,4,1,-0.30%,0.30%,0,0,33,3,1,PHI,MIA,RGO,RGO,RGO,,,,,1
Q Kimbrel,20,77,Commie Ohtani,39,983,1B,94,B5,1,0,4,1,0.22%,-0.22%,0,1,33,3,1,PHI,MIA,1B,1B,1B,,,,,1
DeAaron Taylor,2824,200,Commie Ohtani,39,176,2B,24,B5,1,1,4,1,1.18%,-1.18%,0,1,33,3,1,PHI,MIA,2B,2B,HR,,,,,1
River James,2857,909,Commie Ohtani,39,506,PO,403,B5,1,6,4,1,-1.11%,1.11%,0,0,33,3,1,PHI,MIA,PO,PO,RGO,,,,,2
Tasker Morris,287,240,Commie Ohtani,39,270,2B,30,B5,2,6,4,1,2.41%,-2.41%,2,0,33,3,1,PHI,MIA,2B,2B,2B,39,39,,,1
Mr. Plow,2646,49,Commie Ohtani,39,468,RGO,419,B5,2,2,6,1,-0.15%,0.15%,0,0,33,3,1,PHI,MIA,RGO,RGO,RGO,,,,,1
Hakuna Moncada,2501,762,im sleve,1786,202,RGO,440,T6,0,0,6,1,-0.40%,0.40%,0,0,34,3,1,MIA,PHI,RGO,RGO,RGO,,,,,1
Anthony Esposito III,2950,387,im sleve,1786,803,RGO,416,T6,1,0,6,1,-0.22%,0.22%,0,0,34,3,1,MIA,PHI,RGO,RGO,RGO,,,,,1
Roosevelt Sandoval,2789,999,im sleve,1786,294,K,295,T6,2,0,6,1,-0.06%,0.06%,0,0,34,3,1,MIA,PHI,K,K,K,,,,,1
Tex Wolffe,2486,666,Guillermo Griffey III,2829,555,1B,111,T1,0,0,0,0,2.91%,-2.91%,0,0,35,4,1,ATL,STL,1B,1B,1B,,,,,1
TheGreatBambi,3056,980,Guillermo Griffey III,2829,326,PO,346,T1,0,1,0,0,-2.99%,2.99%,0,0,35,4,1,ATL,STL,PO,PO,K,,,,,1
Jason Sensation,3021,111,Guillermo Griffey III,2829,531,DP,420,T1,1,1,0,0,-6.37%,6.37%,0,0,35,4,1,ATL,STL,RGO,RGO,DP,,,,,1
Jacques François,2754,785,Triscuit McBiskit,2855,9,FO,224,B1,0,0,0,0,-2.48%,2.48%,0,0,36,4,1,STL,ATL,FO,FO,FO,,,,,1
Thomas Nova,1,901,Triscuit McBiskit,2855,102,FO,201,B1,1,0,0,0,-2.17%,2.17%,0,0,36,4,1,STL,ATL,FO,FO,FO,,,,,1
Dayman Nightman,2833,728,Triscuit McBiskit,2855,565,BB,163,B1,2,0,0,0,1.90%,-1.90%,0,0,36,4,1,STL,ATL,BB,FO,BB,,,,,1
Dayman Nightman,2833,349,Triscuit McBiskit,2855,686,CS,337,B1,2,1,0,0,-3.69%,3.69%,0,0,36,4,1,STL,ATL,CS 2B,CS 2B,CS,,,,,4
Kenny Kawaguchi,783,922,Guillermo Griffey III,2829,327,RGO,405,T2,0,0,0,0,-2.72%,2.72%,0,0,37,4,1,ATL,STL,RGO,RGO,RGO,,,,,1
Mack MacMack,2651,725,Guillermo Griffey III,2829,372,PO,353,T2,1,0,0,0,-2.40%,2.40%,0,0,37,4,1,ATL,STL,PO,PO,K,,,,,1
Brian Taylor,1838,188,Guillermo Griffey III,2829,912,K,276,T2,2,0,0,0,-1.99%,1.99%,0,0,37,4,1,ATL,STL,K,K,FO,,,,,1
Buzz Carlton,2800,245,Triscuit McBiskit,2855,901,K,344,B2,0,0,0,0,-2.72%,2.72%,0,0,38,4,1,STL,ATL,K,K,K,,,,,1
Salsa Steve,2835,24,Triscuit McBiskit,2855,208,FO,184,B2,1,0,0,0,-2.38%,2.38%,0,0,38,4,1,STL,ATL,FO,FO,FO,,,,,1
Monty Johnson,557,675,Triscuit McBiskit,2855,627,2B,48,B2,2,0,0,0,3.40%,-3.40%,0,0,38,4,1,STL,ATL,2B,2B,2B,,,,,1
Spencer Hart,2768,472,Triscuit McBiskit,2855,935,LGO,463,B2,2,2,0,0,-5.43%,5.43%,0,0,38,4,1,STL,ATL,LGO,LGO,LGO,,,,,1
Seymour Asses,2642,212,Guillermo Griffey III,2829,208,HR,4,T3,0,0,0,0,14.90%,-14.90%,1,1,39,4,1,ATL,STL,HR,HR,HR,,,,2829,1
IBO Bust,186,683,Guillermo Griffey III,2829,241,LGO,442,T3,0,0,0,1,-2.37%,2.37%,0,0,39,4,1,ATL,STL,LGO,LGO,RGO,,,,,1
Bonesy McSkellington,1733,42,Guillermo Griffey III,2829,65,3B,23,T3,1,0,0,1,7.86%,-7.86%,0,1,39,4,1,ATL,STL,3B,3B,HR,,,,,1
Tex Wolffe,2486,626,Guillermo Griffey III,2829,409,Sac,217,T3,1,3,0,1,3.06%,-3.06%,1,0,39,4,1,ATL,STL,FO,FO,Sac,2829,,,,2
TheGreatBambi,3056,282,Guillermo Griffey III,2829,304,3B,22,T3,2,0,0,2,2.11%,-2.11%,0,0,39,4,1,ATL,STL,3B,3B,HR,,,,,1
Jason Sensation,3021,1,Guillermo Griffey III,2829,696,K,305,T3,2,3,0,2,-3.41%,3.41%,0,0,39,4,1,ATL,STL,K,K,K,,,,,1
Stan Mann,357,150,Triscuit McBiskit,2855,531,RGO,381,B3,0,0,0,2,-3.28%,3.28%,0,0,40,4,1,STL,ATL,RGO,RGO,PO,,,,,1
Basil,2785,177,Triscuit McBiskit,2855,40,BB,137,B3,1,0,0,2,3.33%,-3.33%,0,0,40,4,1,STL,ATL,BB,FO,1B,,,,,1
Jacques François,2754,85,Triscuit McBiskit,2855,754,PO,331,B3,1,1,0,2,-3.40%,3.40%,0,0,40,4,1,STL,ATL,PO,PO,K,,,,,1
Thomas Nova,1,150,Triscuit McBiskit,2855,1,BB,149,B3,2,1,0,2,4.12%,-4.12%,0,0,40,4,1,STL,ATL,BB,FO,BB,,,,,1
Dayman Nightman,2833,109,Triscuit McBiskit,2855,833,K,276,B3,2,4,0,2,-8.90%,8.90%,0,0,40,4,1,STL,ATL,K,K,FO,,,,,1
Kenny Kawaguchi,783,433,Guillermo Griffey III,2829,599,BB,166,T4,0,0,0,2,1.47%,-1.47%,0,0,41,4,1,ATL,STL,BB,FO,BB,,,,,1
Mack MacMack,2651,464,Guillermo Griffey III,2829,777,K,313,T4,0,1,0,2,-1.68%,1.68%,0,0,41,4,1,ATL,STL,K,K,K,,,,,1
Laars Nootbaar jr,2730,650,Guillermo Griffey III,2829,199,DP,451,T4,1,1,0,2,-4.02%,4.02%,0,0,41,4,1,ATL,STL,LGO,LGO,DP,,,,,1
Buzz Carlton,2800,742,Triscuit McBiskit,2855,800,2B,58,B4,0,0,0,2,9.51%,-9.51%,0,1,42,4,1,STL,ATL,2B,2B,2B,,,,,1
Salsa Steve,2835,787,Triscuit McBiskit,2855,835,1B,48,B4,0,2,0,2,9.43%,-9.43%,0,0,42,4,1,STL,ATL,1B,1B,2B,,,,,1
Monty Johnson,557,87,Triscuit McBiskit,2855,687,DP,400,B4,0,5,0,2,-12.63%,12.63%,0,0,42,4,1,STL,ATL,RGO,RGO,DP,2855,,,,1
Spencer Hart,2768,418,Triscuit McBiskit,2855,768,K,350,B4,2,0,1,2,-3.24%,3.24%,0,0,42,4,1,STL,ATL,K,K,K,,,,,1
Seymour Asses,2642,155,Guillermo Griffey III,2829,475,K,320,T5,0,0,1,2,-2.29%,2.29%,0,0,43,4,1,ATL,STL,K,K,K,,,,,1
IBO Bust,186,737,Guillermo Griffey III,2829,320,RGO,417,T5,1,0,1,2,-2.08%,2.08%,0,0,43,4,1,ATL,STL,RGO,RGO,RGO,,,,,1
Bonesy McSkellington,1733,963,Guillermo Griffey III,2829,899,1B,64,T5,2,0,1,2,1.87%,-1.87%,0,1,43,4,1,ATL,STL,1B,1B,2B,,,,,1
Tex Wolffe,2486,2,Guillermo Griffey III,2829,899,1B,103,T5,2,1,1,2,2.45%,-2.45%,0,0,43,4,1,ATL,STL,1B,1B,1B,,,,,1
TheGreatBambi,3056,227,Guillermo Griffey III,2829,293,1B,66,T5,2,5,1,2,11.96%,-11.96%,1,0,43,4,1,ATL,STL,1B,1B,1B,2829,,,,1
Jason Sensation,3021,175,Alexis Texas Ranger,3057,420,K,245,T5,2,5,1,3,-3.36%,3.36%,0,0,43,4,1,ATL,STL,K,K,FO,,,,,1
Stan Mann,357,911,Triscuit McBiskit,2855,357,LGO,446,B5,0,0,1,3,-4.27%,4.27%,0,0,44,4,1,STL,ATL,LGO,LGO,RGO,,,,,1
Basil,2785,666,Triscuit McBiskit,2855,785,1B,119,B5,1,0,1,3,5.17%,-5.17%,0,0,44,4,1,STL,ATL,1B,1B,1B,,,,,1
Jacques François,2754,214,Triscuit McBiskit,2855,754,DP,460,B5,1,1,1,3,-11.04%,11.04%,0,0,44,4,1,STL,ATL,LGO,LGO,DP,,,,,1
Kenny Kawaguchi,783,788,Alexis Texas Ranger,3057,334,LGO,454,T6,0,0,1,3,-0.82%,0.82%,0,0,45,4,1,ATL,STL,LGO,LGO,LGO,,,,,1
Mack MacMack,2651,768,Alexis Texas Ranger,3057,502,K,266,T6,1,0,1,3,-0.80%,0.80%,0,0,45,4,1,ATL,STL,K,K,FO,,,,,1
Laars Nootbaar jr,2730,325,Alexis Texas Ranger,3057,603,RGO,278,T6,2,0,1,3,-0.69%,0.69%,0,0,45,4,1,ATL,STL,RGO,RGO,FO,,,,,1
Thomas Nova,1,850,Triscuit McBiskit,2855,438,RGO,412,B6,0,0,1,3,-4.76%,4.76%,0,0,46,4,1,STL,ATL,RGO,RGO,RGO,,,,,1
Dayman Nightman,2833,838,Carly Bae,378,394,LGO,444,B6,1,0,1,3,-3.71%,3.71%,0,0,46,4,1,STL,ATL,LGO,LGO,RGO,,,,,1
Buzz Carlton,2800,394,Carly Bae,378,636,K,242,B6,2,0,1,3,-2.16%,2.16%,0,0,46,4,1,STL,ATL,K,K,FO,,,,,1
Gang Weed,1732,840,Tequila Sunrise,249,69,FO,229,T1,0,0,0,0,-2.51%,2.51%,0,0,47,5,2,BAL,CWS,FO,FO,FO,,,,,1
Vartan Ichabod Cassidy,2963,713,Tequila Sunrise,249,670,2B,43,T1,1,0,0,0,4.65%,-4.65%,0,1,47,5,2,BAL,CWS,2B,2B,2B,,,,,1
Juni Juni Panda,488,569,Tequila Sunrise,249,555,HR,14,T1,1,2,0,0,17.84%,-17.84%,2,1,47,5,2,BAL,CWS,HR,HR,HR,,249,,249,1
Poop McGee,596,69,Tequila Sunrise,249,617,LGO,452,T1,1,0,0,2,-1.46%,1.46%,0,0,47,5,2,BAL,CWS,LGO,LGO,LGO,,,,,1
S. Jay Cutler,255,740,Tequila Sunrise,249,738,HR,2,T1,2,0,0,2,8.95%,-8.95%,1,1,47,5,2,BAL,CWS,HR,HR,HR,,,,249,1
Dominus Nominus,278,33,Tequila Sunrise,249,222,FO,189,T1,2,0,0,3,-0.91%,0.91%,0,0,47,5,2,BAL,CWS,FO,FO,FO,,,,,1
Finnegan Craigellachie,2990,100,Troy-Anthony Parker,2744,162,1B,62,B1,0,0,0,3,3.01%,-3.01%,0,0,48,5,2,CWS,BAL,1B,1B,2B,,,,,1
Axkoa Griffin,2848,420,Troy-Anthony Parker,2744,336,BB,84,B1,0,1,0,3,6.62%,-6.62%,0,0,48,5,2,CWS,BAL,BB,FO,1B,,,,,1
Julio Escobar,686,636,Troy-Anthony Parker,2744,263,DP,373,B1,0,4,0,3,-11.53%,11.53%,0,0,48,5,2,CWS,BAL,RGO,RGO,K,,,,,1
Duke Houston,3023,917,Troy-Anthony Parker,2744,651,K,266,B1,2,3,0,3,-3.85%,3.85%,0,0,48,5,2,CWS,BAL,K,K,FO,,,,,1
Randy Mann,2922,936,Tequila Sunrise,249,314,PO,378,T2,0,0,0,3,-1.19%,1.19%,0,0,49,5,2,BAL,CWS,PO,PO,PO,,,,,1
Jeff Newman,2931,599,Tequila Sunrise,249,175,RGO,424,T2,1,0,0,3,-1.15%,1.15%,0,0,49,5,2,BAL,CWS,RGO,RGO,RGO,,,,,1
Slick Grifter,3061,849,Tequila Sunrise,249,3,FO,154,T2,2,0,0,3,-0.89%,0.89%,0,0,49,5,2,BAL,CWS,FO,FO,BB,,,,,1
Cybeast Falzar,2344,315,Troy-Anthony Parker,2744,709,RGO,394,B2,0,0,0,3,-2.53%,2.53%,0,0,50,5,2,CWS,BAL,RGO,PO,PO,,,,,1
Jerk McGurkin,3058,420,Troy-Anthony Parker,2744,34,K,386,B2,1,0,0,3,-2.03%,2.03%,0,0,50,5,2,CWS,BAL,K,K,PO,,,,,1
JC Nicholson,2221,709,Troy-Anthony Parker,2744,833,BB,124,B2,2,0,0,3,2.01%,-2.01%,0,0,50,5,2,CWS,BAL,BB,FO,1B,,,,,1
Ananias Thomson,2249,170,Troy-Anthony Parker,2744,833,RGO,337,B2,2,1,0,3,-3.49%,3.49%,0,0,50,5,2,CWS,BAL,RGO,RGO,K,,,,,1
Gang Weed,1732,720,Tequila Sunrise,249,333,RGO,387,T3,0,0,0,3,-1.14%,1.14%,0,0,51,5,2,BAL,CWS,RGO,RGO,PO,,,,,1
Vartan Ichabod Cassidy,2963,111,Tequila Sunrise,249,720,RGO,391,T3,1,0,0,3,-1.03%,1.03%,0,0,51,5,2,BAL,CWS,RGO,RGO,PO,,,,,1
Juni Juni Panda,488,69,Tequila Sunrise,249,720,PO,349,T3,2,0,0,3,-0.88%,0.88%,0,0,51,5,2,BAL,CWS,PO,PO,K,,,,,1
Javi D. Modelo,2898,625,Troy-Anthony Parker,2744,610,HR,15,B3,0,0,0,3,9.91%,-9.91%,1,1,52,5,2,CWS,BAL,HR,HR,HR,,,,2744,1
Finnegan Craigellachie,2990,100,Troy-Anthony Parker,2744,333,K,233,B3,0,0,1,3,-3.28%,3.28%,0,0,52,5,2,CWS,BAL,K,K,FO,,,,,1
Axkoa Griffin,2848,625,Troy-Anthony Parker,2744,95,LGO,470,B3,1,0,1,3,-2.78%,2.78%,0,0,52,5,2,CWS,BAL,LGO,LGO,LGO,,,,,1
Julio Escobar,686,250,Troy-Anthony Parker,2744,892,RGO,358,B3,2,0,1,3,-2.07%,2.07%,0,0,52,5,2,CWS,BAL,RGO,RGO,K,,,,,1
Poop McGee,596,720,Tequila Sunrise,249,412,PO,308,T4,0,0,1,3,-1.53%,1.53%,0,0,53,5,2,BAL,CWS,PO,PO,K,,,,,1
S. Jay Cutler,255,128,Tequila Sunrise,249,358,FO,230,T4,1,0,1,3,-1.44%,1.44%,0,0,53,5,2,BAL,CWS,FO,FO,FO,,,,,1
Dominus Nominus,278,69,Tequila Sunrise,249,900,FO,169,T4,2,0,1,3,-1.26%,1.26%,0,0,53,5,2,BAL,CWS,FO,FO,BB,,,,,1
Duke Houston,3023,577,Troy-Anthony Parker,2744,473,BB,104,B4,0,0,1,3,5.09%,-5.09%,0,1,54,5,2,CWS,BAL,BB,FO,1B,,,,,1
Cybeast Falzar,2344,757,Troy-Anthony Parker,2744,975,FO,218,B4,0,1,1,3,-4.66%,4.66%,0,0,54,5,2,CWS,BAL,FO,FO,FO,,,,,1
Jerk McGurkin,3058,420,Troy-Anthony Parker,2744,658,K,238,B4,1,1,1,3,-4.18%,4.18%,0,0,54,5,2,CWS,BAL,K,K,FO,,,,,1
JC Nicholson,2221,42,Troy-Anthony Parker,2744,114,1B,72,B4,2,1,1,3,4.87%,-4.87%,0,1,54,5,2,CWS,BAL,1B,1B,1B,,,,,1
Ananias Thomson,2249,978,Troy-Anthony Parker,2744,974,HR,4,B4,2,5,1,3,49.47%,-49.47%,3,1,54,5,2,CWS,BAL,HR,HR,HR,2744,,2744,2744,1
Javi D. Modelo,2898,619,Troy-Anthony Parker,2744,679,1B,60,B4,2,0,4,3,1.54%,-1.54%,0,0,54,5,2,CWS,BAL,1B,1B,2B,,,,,1
Finnegan Craigellachie,2990,570,Troy-Anthony Parker,2744,3,RGO,433,B4,2,1,4,3,-3.03%,3.03%,0,0,54,5,2,CWS,BAL,RGO,RGO,RGO,,,,,1
Randy Mann,2922,905,Tequila Sunrise,249,164,FO,259,T5,0,0,4,3,-4.98%,4.98%,0,0,55,5,2,BAL,CWS,FO,FO,FO,,,,,1
Jeff Newman,2931,782,Dan Candoit,3028,317,RGO,465,T5,1,0,4,3,-4.32%,4.32%,0,0,55,5,2,BAL,CWS,RGO,RGO,LGO,,,,,1
Slick Grifter,3061,517,Dan Candoit,3028,631,BB,114,T5,2,0,4,3,4.19%,-4.19%,0,0,55,5,2,BAL,CWS,BB,FO,1B,,,,,1
Slick Grifter,3061,631,Dan Candoit,3028,103,CS,472,T5,2,1,4,3,-7.80%,7.80%,0,0,55,5,2,BAL,CWS,CS 2B,CS 2B,CS,,,,,4
Axkoa Griffin,2848,791,Mason Spurs,103,122,PO,331,B5,0,0,4,3,-1.37%,1.37%,0,0,56,5,2,CWS,BAL,PO,PO,K,,,,,1
Julio Escobar,686,615,Mason Spurs,103,343,RGO,272,B5,1,0,4,3,-1.30%,1.30%,0,0,56,5,2,CWS,BAL,RGO,RGO,FO,,,,,1
Duke Houston,3023,643,Mason Spurs,103,42,RGO,399,B5,2,0,4,3,-1.14%,1.14%,0,0,56,5,2,CWS,BAL,RGO,RGO,PO,,,,,1
Gang Weed,1732,371,Dan Candoit,3028,472,1B,101,T6,0,0,4,3,7.48%,-7.48%,0,1,57,5,2,BAL,CWS,1B,1B,1B,,,,,1
Vartan Ichabod Cassidy,2963,222,Dan Candoit,3028,167,2B,55,T6,0,1,4,3,33.10%,-33.10%,0,0,57,5,2,BAL,CWS,2B,2B,2B,,,,,1
Juni Juni Panda,488,321,Dan Candoit,3028,519,Sac,198,T6,0,6,4,3,-4.09%,4.09%,1,0,57,5,2,BAL,CWS,FO,FO,Sac,3028,,,,2
Poop McGee,596,,Dan Candoit,3028,,IBB,,T6,1,2,4,4,0.60%,-0.60%,0,0,57,5,2,BAL,CWS,IBB,IBB,IBB,,,,,8
S. Jay Cutler,255,250,Dan Candoit,3028,999,K,251,T6,1,4,4,4,-6.53%,6.53%,0,0,57,5,2,BAL,CWS,K,K,FO,,,,,1
Vinny Vega,723,303,Dan Candoit,3028,637,PO,334,T6,2,4,4,4,-13.89%,13.89%,0,0,57,5,2,BAL,CWS,PO,PO,K,,,,,1
Cybeast Falzar,2344,381,Mason Spurs,103,540,BB,159,B6,0,0,4,4,3.24%,-3.24%,0,0,58,5,2,CWS,BAL,BB,FO,BB,,,,,1
Jimmy Payne,2780,206,Mason Spurs,103,874,SB,332,B6,0,1,4,4,9.50%,-9.50%,0,0,58,5,2,CWS,BAL,STEAL 2B,STEAL 2B,SB,,,,,4
Jerk McGurkin,3058,,Mason Spurs,103,,IBB,,B6,0,2,4,4,-1.59%,1.59%,0,0,58,5,2,CWS,BAL,IBB,IBB,IBB,,,,,8
JC Nicholson,2221,627,Mason Spurs,103,799,FO,172,B6,0,4,4,4,-7.68%,7.68%,0,0,58,5,2,CWS,BAL,FO,FO,BB,,,,,1
Ananias Thomson,2249,262,Mason Spurs,103,476,PO,214,B6,1,4,4,4,-5.88%,5.88%,0,0,58,5,2,CWS,BAL,PO,PO,FO,,,,,1
Javi D. Modelo,2898,,Bob Kelso,1834,,IBB,,B6,2,4,4,4,3.22%,-3.22%,0,0,58,5,2,CWS,BAL,IBB,IBB,IBB,,,,,8
Finnegan Craigellachie,2990,300,Bob Kelso,1834,900,RGO,400,B6,2,7,4,4,-16.24%,16.24%,0,0,58,5,2,CWS,BAL,RGO,RGO,RGO,,,,,1
Randy Mann,2922,298,Dan Candoit,3028,989,PO,309,T7,0,0,4,4,-5.44%,5.44%,0,0,59,5,2,BAL,CWS,PO,PO,K,,,,,1
Jeff Newman,2931,214,Dan Candoit,3028,586,PO,372,T7,1,0,4,4,-5.08%,5.08%,0,0,59,5,2,BAL,CWS,PO,PO,K,,,,,1
Slick Grifter,3061,309,Dan Candoit,3028,493,FO,184,T7,2,0,4,4,-4.91%,4.91%,0,0,59,5,2,BAL,CWS,FO,FO,FO,,,,,1
Axkoa Griffin,2848,211,Bob Kelso,1834,804,RGO,407,B7,0,0,4,4,-5.27%,5.27%,0,0,60,5,2,CWS,BAL,RGO,RGO,RGO,,,,,1
Julio Escobar,686,131,Bob Kelso,1834,757,RGO,374,B7,1,0,4,4,-5.09%,5.09%,0,0,60,5,2,CWS,BAL,RGO,RGO,K,,,,,1
Duke Houston,3023,477,Bob Kelso,1834,402,1B,75,B7,2,0,4,4,3.73%,-3.73%,0,0,60,5,2,CWS,BAL,1B,1B,1B,,,,,1
Jimmy Payne,2780,550,Bob Kelso,1834,393,FO,157,B7,2,1,4,4,-8.80%,8.80%,0,0,60,5,2,CWS,BAL,FO,FO,BB,,,,,1
Gang Weed,1732,219,Dan Candoit,3028,683,LGO,464,T8,0,0,4,4,-5.44%,5.44%,0,0,61,5,2,BAL,CWS,LGO,LGO,LGO,,,,,1
Vartan Ichabod Cassidy,2963,690,Dan Candoit,3028,401,K,289,T8,1,0,4,4,-5.08%,5.08%,0,0,61,5,2,BAL,CWS,K,K,K,,,,,1
Juni Juni Panda,488,69,Dan Candoit,3028,731,PO,338,T8,2,0,4,4,-4.91%,4.91%,0,0,61,5,2,BAL,CWS,PO,PO,K,,,,,1
Jerk McGurkin,3058,420,Bob Kelso,1834,220,FO,200,B8,0,0,4,4,-5.27%,5.27%,0,0,62,5,2,CWS,BAL,FO,FO,FO,,,,,1
JC Nicholson,2221,671,Bob Kelso,1834,826,FO,155,B8,1,0,4,4,-5.09%,5.09%,0,0,62,5,2,CWS,BAL,FO,FO,BB,,,,,1
Ananias Thomson,2249,503,Bob Kelso,1834,305,FO,198,B8,2,0,4,4,-5.07%,5.07%,0,0,62,5,2,CWS,BAL,FO,FO,FO,,,,,1
Poop McGee,596,69,Dan Candoit,3028,642,RGO,427,T9,0,0,4,4,-5.44%,5.44%,0,0,63,5,2,BAL,CWS,RGO,RGO,RGO,,,,,1
S. Jay Cutler,255,371,Dan Candoit,3028,386,HR,15,T9,1,0,4,4,35.86%,-35.86%,1,1,63,5,2,BAL,CWS,HR,HR,HR,,,,3028,1
Vinny Vega,723,642,Makoto Date,2998,333,PO,309,T9,1,0,4,5,-1.62%,1.62%,0,0,63,5,2,BAL,CWS,PO,PO,K,,,,,1
Randy Mann,2922,567,Makoto Date,2998,112,RGO,455,T9,2,0,4,5,-1.50%,1.50%,0,0,63,5,2,BAL,CWS,RGO,RGO,LGO,,,,,1
Javi D. Modelo,2898,155,Bob Kelso,1834,910,FO,245,B9,0,0,4,5,-8.33%,8.33%,0,0,64,5,2,CWS,BAL,FO,FO,FO,,,,,1
Finnegan Craigellachie,2990,200,Bob Kelso,1834,945,FO,255,B9,1,0,4,5,-7.59%,7.59%,0,0,64,5,2,CWS,BAL,FO,FO,FO,,,,,1
Axkoa Griffin,2848,271,Bob Kelso,1834,499,FO,228,B9,2,0,4,5,-6.82%,6.82%,0,0,64,5,2,CWS,BAL,FO,FO,FO,,,,,1
Kries Von Kriestalhauser,2959,337,Don Chalupa,481,369,2B,32,T1,0,0,0,0,6.33%,-6.33%,0,1,65,6,2,OAK,TBR,2B,2B,2B,,,,,1
Teddy Bigstick,2722,193,Don Chalupa,481,229,2B,36,T1,0,2,0,0,10.70%,-10.70%,1,1,65,6,2,OAK,TBR,2B,2B,2B,,481,,,1
Total Dial,3013,666,Don Chalupa,481,411,FO,255,T1,0,2,0,1,-3.76%,3.76%,0,0,65,6,2,OAK,TBR,FO,FO,FO,,,,,1
Pang Winn,713,70,Don Chalupa,481,100,3B,30,T1,1,2,0,1,12.58%,-12.58%,1,0,65,6,2,OAK,TBR,3B,3B,2B,,481,,,1
Jihmih Tyranus,2873,223,Don Chalupa,481,739,LGO,484,T1,1,3,0,2,-5.36%,5.36%,0,0,65,6,2,OAK,TBR,LGO,LGO,LGO,,,,,2
Willie Gardner,2856,415,Don Chalupa,481,111,K,304,T1,2,3,0,2,-3.21%,3.21%,0,0,65,6,2,OAK,TBR,K,K,K,,,,,1
Makesiondon Kelkboom,327,602,Mark Schihne,2544,231,RGO,371,B1,0,0,0,2,-2.74%,2.74%,0,0,66,6,2,TBR,OAK,RGO,RGO,K,,,,,1
Burg McTurdBerg,2262,789,Mark Schihne,2544,284,LGO,495,B1,1,0,0,2,-2.20%,2.20%,0,0,66,6,2,TBR,OAK,LGO,LGO,LGO,,,,,1
Ross Ewage,1764,179,Mark Schihne,2544,981,FO,198,B1,2,0,0,2,-1.72%,1.72%,0,0,66,6,2,TBR,OAK,FO,FO,FO,,,,,1
Peter Hoomanawanui,2504,49,Don Chalupa,481,910,BB,139,T2,0,0,0,2,1.66%,-1.66%,0,0,67,6,2,OAK,TBR,BB,FO,BB,,,,,1
Peter Hoomanawanui,2504,410,Don Chalupa,481,100,CS,310,T2,0,1,0,2,-3.36%,3.36%,0,0,67,6,2,OAK,TBR,CS 2B,CS 2B,CS,,,,,4
Sierra Hightower,776,969,Don Chalupa,481,405,RGO,436,T2,1,0,0,2,-1.52%,1.52%,0,0,67,6,2,OAK,TBR,RGO,RGO,RGO,,,,,1
Sterling Turlington,2710,76,Don Chalupa,481,800,K,276,T2,2,0,0,2,-1.37%,1.37%,0,0,67,6,2,OAK,TBR,K,K,FO,,,,,1
Hannibal Bligh,1724,711,Mark Schihne,2544,689,2B,22,B2,0,0,0,2,7.50%,-7.50%,0,1,68,6,2,TBR,OAK,2B,2B,HR,,,,,1
Catfish Champ,2055,2,Mark Schihne,2544,127,1B,125,B2,0,2,0,2,7.19%,-7.19%,0,1,68,6,2,TBR,OAK,1B,1B,1B,,,,,1
Catfish Champ,2055,300,Mark Schihne,2544,42,SB,258,B2,0,5,0,2,3.78%,-3.78%,0,0,68,6,2,TBR,OAK,STEAL 2B,STEAL 2B,SB,,,,,5
Dermot Mulveiny,1763,470,Mark Schihne,2544,555,1B,85,B2,0,6,0,2,9.59%,-9.59%,1,1,68,6,2,TBR,OAK,1B,1B,1B,2544,,,,2
Dermot Mulveiny,1763,700,Mark Schihne,2544,833,SB,133,B2,0,5,1,2,4.09%,-4.09%,0,0,68,6,2,TBR,OAK,STEAL 2B,STEAL 2B,SB,,,,,5
Beans Returns,3034,675,Mark Schihne,2544,677,HR,2,B2,0,6,1,2,17.69%,-17.69%,3,1,68,6,2,TBR,OAK,HR,HR,HR,2544,2544,,2544,2
Primero Ultimo,2889,124,Mark Schihne,2544,256,1B,132,B2,0,0,4,2,1.52%,-1.52%,0,0,68,6,2,TBR,OAK,1B,1B,1B,,,,,1
Ovaltine,2542,359,Mark Schihne,2544,755,DP,396,B2,0,1,4,2,-4.27%,4.27%,0,0,68,6,2,TBR,OAK,RGO,RGO,PO,,,,,1
Makesiondon Kelkboom,327,339,Mark Schihne,2544,949,RGO,390,B2,2,0,4,2,-1.13%,1.13%,0,0,68,6,2,TBR,OAK,RGO,RGO,PO,,,,,1
Kries Von Kriestalhauser,2959,502,Don Chalupa,481,658,BB,156,T3,0,0,4,2,3.82%,-3.82%,0,0,69,6,2,OAK,TBR,BB,FO,BB,,,,,1
Teddy Bigstick,2722,900,Don Chalupa,481,349,DP,449,T3,0,1,4,2,-9.12%,9.12%,0,0,69,6,2,OAK,TBR,LGO,LGO,DP,,,,,1
Total Dial,3013,555,Don Chalupa,481,705,BB,150,T3,2,0,4,2,2.22%,-2.22%,0,0,69,6,2,OAK,TBR,BB,FO,BB,,,,,1
Pang Winn,713,28,Don Chalupa,481,199,FO,171,T3,2,1,4,2,-4.05%,4.05%,0,0,69,6,2,OAK,TBR,FO,FO,BB,,,,,1
Hornet Hives,1946,678,Mark Schihne,2544,930,K,252,B3,0,0,4,2,-1.22%,1.22%,0,0,70,6,2,TBR,OAK,K,K,FO,,,,,1
Ross Ewage,1764,244,Mark Schihne,2544,337,1B,93,B3,1,0,4,2,0.97%,-0.97%,0,1,70,6,2,TBR,OAK,1B,1B,1B,,,,,1
Ross Ewage,1764,179,Mark Schihne,2544,72,SB,107,B3,1,1,4,2,1.53%,-1.53%,0,0,70,6,2,TBR,OAK,STEAL 2B,STEAL 2B,SB,,,,,4
Hannibal Bligh,1724,802,Mark Schihne,2544,913,1B,111,B3,1,2,4,2,2.40%,-2.40%,0,1,70,6,2,TBR,OAK,1B,1B,1B,,,,,1
Hannibal Bligh,1724,200,Mark Schihne,2544,171,SB,29,B3,1,5,4,2,1.00%,-1.00%,0,0,70,6,2,TBR,OAK,STEAL 2B,STEAL 2B,SB,,,,,5
Catfish Champ,2055,,Mark Schihne,2544,,IBB,,B3,1,6,4,2,0.95%,-0.95%,0,1,70,6,2,TBR,OAK,IBB,IBB,IBB,,,,,8
Dermot Mulveiny,1763,277,Mark Schihne,2544,420,BB,143,B3,1,7,4,2,4.28%,-4.28%,1,1,70,6,2,TBR,OAK,BB,FO,BB,2544,,,,1
Beans Returns,3034,647,Six,2474,582,2B,65,B3,1,7,5,2,4.06%,-4.06%,2,1,70,6,2,TBR,OAK,2B,2B,1B,2544,2544,,,1
Primero Ultimo,2889,650,Six,2474,187,LGO,463,B3,1,6,7,2,-1.02%,1.02%,0,0,70,6,2,TBR,OAK,LGO,LGO,LGO,,,,,2
Ovaltine,2542,788,Six,2474,799,HR,11,B3,2,6,7,2,2.79%,-2.79%,3,1,70,6,2,TBR,OAK,HR,HR,HR,2544,2474,,2474,1
Makesiondon Kelkboom,327,69,Six,2474,377,K,308,B3,2,0,10,2,-0.03%,0.03%,0,0,70,6,2,TBR,OAK,K,K,K,,,,,1
Jihmih Tyranus,2873,807,Don Chalupa,481,148,K,341,T4,0,0,10,2,-0.15%,0.15%,0,0,71,6,2,OAK,TBR,K,K,K,,,,,1
Willie Gardner,2856,723,Don Chalupa,481,577,BB,146,T4,1,0,10,2,0.07%,-0.07%,0,0,71,6,2,OAK,TBR,BB,FO,BB,,,,,1
Peter Hoomanawanui,2504,175,Don Chalupa,481,300,1B,125,T4,1,1,10,2,0.80%,-0.80%,0,0,71,6,2,OAK,TBR,1B,1B,1B,,,,,1
Sierra Hightower,776,215,Don Chalupa,481,1,FO,214,T4,1,4,10,2,-0.78%,0.78%,0,0,71,6,2,OAK,TBR,FO,FO,FO,,,,,1
Sterling Turlington,2710,504,Don Chalupa,481,673,BB,169,T4,2,4,10,2,0.12%,-0.12%,0,0,71,6,2,OAK,TBR,BB,FO,BB,,,,,1
Kries Von Kriestalhauser,2959,955,Don Chalupa,481,654,K,301,T4,2,7,10,2,-0.39%,0.39%,0,0,71,6,2,OAK,TBR,K,K,K,,,,,1
Mo Cheeks,2637,826,Six,2474,52,K,226,B4,0,0,10,2,-0.01%,0.01%,0,0,72,6,2,TBR,OAK,K,K,FO,,,,,1
Ross Ewage,1764,173,Six,2474,642,LGO,469,B4,1,0,10,2,0.00%,0.00%,0,0,72,6,2,TBR,OAK,LGO,LGO,LGO,,,,,1
Hannibal Bligh,1724,950,Six,2474,519,RGO,431,B4,2,0,10,2,-0.02%,0.02%,0,0,72,6,2,TBR,OAK,RGO,RGO,RGO,,,,,1
Teddy Bigstick,2722,319,Ed Turner,373,380,1B,61,T5,0,0,10,2,0.25%,-0.25%,0,0,73,6,2,OAK,TBR,1B,1B,2B,,,,,1
Total Dial,3013,900,Ed Turner,373,159,FO,259,T5,0,1,10,2,-0.26%,0.26%,0,0,73,6,2,OAK,TBR,FO,FO,FO,,,,,1
Pang Winn,713,289,Ed Turner,373,762,DP,473,T5,1,1,10,2,-0.20%,0.20%,0,0,73,6,2,OAK,TBR,LGO,LGO,DP,,,,,1
Catfish Champ,2055,555,Six,2474,388,FO,167,B5,0,0,10,2,0.00%,0.00%,0,0,74,6,2,TBR,OAK,FO,FO,BB,,,,,1
Dermot Mulveiny,1763,951,Six,2474,703,FO,248,B5,1,0,10,2,-0.01%,0.01%,0,0,74,6,2,TBR,OAK,FO,FO,FO,,,,,1
Beans Returns,3034,666,Six,2474,18,PO,352,B5,2,0,10,2,0.00%,0.00%,0,0,74,6,2,TBR,OAK,PO,PO,K,,,,,1
Jihmih Tyranus,2873,940,Gray Goose McGillicuddy,1961,770,BB,170,T6,0,0,10,2,0.08%,-0.08%,0,0,75,6,2,OAK,TBR,BB,FO,BB,,,,,1
Willie Gardner,2856,106,Gray Goose McGillicuddy,1961,921,BB,185,T6,0,1,10,2,0.15%,-0.15%,0,0,75,6,2,OAK,TBR,BB,FO,FO,,,,,1
Peter Hoomanawanui,2504,709,Gray Goose McGillicuddy,1961,452,K,257,T6,0,4,10,2,-0.12%,0.12%,0,0,75,6,2,OAK,TBR,K,K,FO,,,,,1
Sierra Hightower,776,99,Gray Goose McGillicuddy,1961,213,1B,114,T6,1,4,10,2,0.38%,-0.38%,0,0,75,6,2,OAK,TBR,1B,1B,1B,,,,,1
Sterling Turlington,2710,679,Haydn Werfer,392,211,DP,468,T6,1,7,10,2,-0.54%,0.54%,0,0,75,6,2,OAK,TBR,LGO,LGO,DP,,,,,1
DeAaron Taylor,2824,250,Baberaham Lincoln,3004,69,BB,181,T1,0,0,0,0,2.91%,-2.91%,0,0,76,7,2,PHI,MIL,BB,FO,FO,,,,,1
Mr. Plow,2646,288,Baberaham Lincoln,3004,757,DP,469,T1,0,1,0,0,-7.60%,7.60%,0,0,76,7,2,PHI,MIL,LGO,LGO,DP,,,,,1
TheRedKnight,2974,269,Baberaham Lincoln,3004,288,3B,19,T1,2,0,0,0,3.16%,-3.16%,0,0,76,7,2,PHI,MIL,3B,3B,HR,,,,,1
Jeff Dingerhitter,298,401,Baberaham Lincoln,3004,1,PO,400,T1,2,3,0,0,-4.92%,4.92%,0,0,76,7,2,PHI,MIL,PO,RGO,RGO,,,,,1
Steve Holt!,3031,130,Blaise Bailey Finnegan III,127,438,K,308,B1,0,0,0,0,-2.48%,2.48%,0,0,77,7,2,MIL,PHI,K,K,K,,,,,1
Lincoln Pickett,2870,148,Blaise Bailey Finnegan III,127,612,LGO,464,B1,1,0,0,0,-2.17%,2.17%,0,0,77,7,2,MIL,PHI,LGO,LGO,LGO,,,,,1
John Baseball,2970,422,Blaise Bailey Finnegan III,127,31,RGO,391,B1,2,0,0,0,-1.79%,1.79%,0,0,77,7,2,MIL,PHI,RGO,RGO,PO,,,,,1
Phil Coulson,226,282,Baberaham Lincoln,3004,555,K,273,T2,0,0,0,0,-2.72%,2.72%,0,0,78,7,2,PHI,MIL,K,K,FO,,,,,1
Stupido Einsteiny,2866,852,Baberaham Lincoln,3004,126,K,274,T2,1,0,0,0,-2.40%,2.40%,0,0,78,7,2,PHI,MIL,K,K,FO,,,,,1
Dakota Carolina Montana,65,133,Baberaham Lincoln,3004,556,RGO,423,T2,2,0,0,0,-1.99%,1.99%,0,0,78,7,2,PHI,MIL,RGO,RGO,RGO,,,,,1
Gerald McCoy,2389,969,Blaise Bailey Finnegan III,127,557,LGO,412,B2,0,0,0,0,-2.72%,2.72%,0,0,79,7,2,MIL,PHI,LGO,LGO,RGO,,,,,1
Dart Ragusa,134,404,Blaise Bailey Finnegan III,127,600,K,196,B2,1,0,0,0,-2.38%,2.38%,0,0,79,7,2,MIL,PHI,K,K,FO,,,,,1
Tacitus Kilgore,3003,342,Blaise Bailey Finnegan III,127,987,PO,355,B2,2,0,0,0,-2.03%,2.03%,0,0,79,7,2,MIL,PHI,PO,PO,K,,,,,1
Carlos Narvaez Jr.,2962,913,Baberaham Lincoln,3004,432,LGO,481,T3,0,0,0,0,-3.03%,3.03%,0,0,80,7,2,PHI,MIL,LGO,LGO,LGO,,,,,1
XxBlaise Bailey Finnegan IIIxX,2897,174,Baberaham Lincoln,3004,603,RGO,429,T3,1,0,0,0,-2.74%,2.74%,0,0,80,7,2,PHI,MIL,RGO,RGO,RGO,,,,,1
DeAaron Taylor,2824,177,Baberaham Lincoln,3004,101,1B,76,T3,2,0,0,0,2.50%,-2.50%,0,0,80,7,2,PHI,MIL,1B,1B,1B,,,,,1
Mr. Plow,2646,744,Baberaham Lincoln,3004,327,RGO,417,T3,2,1,0,0,-4.81%,4.81%,0,0,80,7,2,PHI,MIL,RGO,RGO,RGO,,,,,1
Paddy O'Connor,549,72,Blaise Bailey Finnegan III,127,669,PO,403,B3,0,0,0,0,-3.07%,3.07%,0,0,81,7,2,MIL,PHI,PO,PO,RGO,,,,,1
Johnny Appleseed,2929,678,Blaise Bailey Finnegan III,127,63,RGO,385,B3,1,0,0,0,-2.77%,2.77%,0,0,81,7,2,MIL,PHI,RGO,RGO,PO,,,,,1
Grunt Manly,2948,499,Blaise Bailey Finnegan III,127,178,K,321,B3,2,0,0,0,-2.27%,2.27%,0,0,81,7,2,MIL,PHI,K,K,K,,,,,1
TheRedKnight,2974,190,Baberaham Lincoln,3004,201,HR,11,T4,0,0,0,0,17.92%,-17.92%,1,1,82,7,2,PHI,MIL,HR,HR,HR,,,,3004,1
Jeff Dingerhitter,298,148,Baberaham Lincoln,3004,1000,BB,148,T4,0,0,0,1,2.58%,-2.58%,0,0,82,7,2,PHI,MIL,BB,FO,BB,,,,,1
Phil Coulson,226,513,Baberaham Lincoln,3004,122,PO,391,T4,0,1,0,1,-3.09%,3.09%,0,0,82,7,2,PHI,MIL,PO,PO,PO,,,,,1
Stupido Einsteiny,2866,399,Baberaham Lincoln,3004,701,K,302,T4,1,1,0,1,-2.21%,2.21%,0,0,82,7,2,PHI,MIL,K,K,K,,,,,1
Dakota Carolina Montana,65,123,Baberaham Lincoln,3004,999,BB,124,T4,2,1,0,1,2.72%,-2.72%,0,0,82,7,2,PHI,MIL,BB,1B,1B,,,,,1
Carlos Narvaez Jr.,2962,797,Baberaham Lincoln,3004,1,FO,204,T4,2,4,0,1,-6.50%,6.50%,0,0,82,7,2,PHI,MIL,FO,FO,FO,,,,,1
Steve Holt!,3031,705,Blaise Bailey Finnegan III,127,847,BB,142,B4,0,0,0,1,4.73%,-4.73%,0,0,83,7,2,MIL,PHI,BB,FO,BB,,,,,1
Lincoln Pickett,2870,850,Blaise Bailey Finnegan III,127,170,PO,320,B4,0,1,0,1,-5.04%,5.04%,0,0,83,7,2,MIL,PHI,PO,PO,K,,,,,1
John Baseball,2970,917,Blaise Bailey Finnegan III,127,777,BB,140,B4,1,1,0,1,6.67%,-6.67%,0,0,83,7,2,MIL,PHI,BB,FO,BB,,,,,1
Gerald McCoy,2389,808,Blaise Bailey Finnegan III,127,244,DP,436,B4,1,4,0,1,-17.89%,17.89%,0,0,83,7,2,MIL,PHI,LGO,LGO,DP,,,,,1
XxBlaise Bailey Finnegan IIIxX,2897,333,Baberaham Lincoln,3004,801,LGO,468,T5,0,0,0,1,-2.29%,2.29%,0,0,84,7,2,PHI,MIL,LGO,LGO,LGO,,,,,1
DeAaron Taylor,2824,130,Baberaham Lincoln,3004,333,FO,203,T5,1,0,0,1,-2.08%,2.08%,0,0,84,7,2,PHI,MIL,FO,FO,FO,,,,,1
Mr. Plow,2646,586,Baberaham Lincoln,3004,521,1B,65,T5,2,0,0,1,1.87%,-1.87%,0,1,84,7,2,PHI,MIL,1B,1B,1B,,,,,1
TheRedKnight,2974,420,Baberaham Lincoln,3004,602,BB,182,T5,2,1,0,1,2.23%,-2.23%,0,1,84,7,2,PHI,MIL,BB,FO,FO,,,,,1
Jeff Dingerhitter,298,472,Baberaham Lincoln,3004,404,2B,68,T5,2,4,0,1,18.93%,-18.93%,2,1,84,7,2,PHI,MIL,2B,2B,1B,,3004,3004,,1
Phil Coulson,226,69,Baberaham Lincoln,3004,888,BB,181,T5,2,2,0,3,0.47%,-0.47%,0,1,84,7,2,PHI,MIL,BB,FO,FO,,,,,1
Stupido Einsteiny,2866,69,Baberaham Lincoln,3004,920,BB,149,T5,2,4,0,3,0.20%,-0.20%,0,1,84,7,2,PHI,MIL,BB,FO,BB,,,,,1
Dakota Carolina Montana,65,906,Baberaham Lincoln,3004,769,BB,137,T5,2,7,0,3,3.98%,-3.98%,1,0,84,7,2,PHI,MIL,BB,FO,1B,3004,,,,1
Carlos Narvaez Jr.,2962,365,Baberaham Lincoln,3004,450,1B,85,T5,2,7,0,4,2.74%,-2.74%,2,0,84,7,2,PHI,MIL,1B,1B,1B,3004,3004,,,1
XxBlaise Bailey Finnegan IIIxX,2897,777,Electric Windgodfist,3047,450,K,327,T5,2,5,0,6,-0.23%,0.23%,0,0,84,7,2,PHI,MIL,K,K,K,,,,,1
Dart Ragusa,134,7,Blaise Bailey Finnegan III,127,193,K,186,B5,0,0,0,6,-0.47%,0.47%,0,0,85,7,2,MIL,PHI,K,K,FO,,,,,1
Tacitus Kilgore,3003,671,Blaise Bailey Finnegan III,127,301,RGO,370,B5,1,0,0,6,-0.30%,0.30%,0,0,85,7,2,MIL,PHI,RGO,RGO,K,,,,,1
Paddy O'Connor,549,605,Blaise Bailey Finnegan III,127,345,K,260,B5,2,0,0,6,-0.12%,0.12%,0,0,85,7,2,MIL,PHI,K,K,FO,,,,,1
DeAaron Taylor,2824,999,J.J. Guemes,207,333,K,334,T6,0,0,0,6,-0.02%,0.02%,0,0,86,7,2,PHI,MIL,K,K,K,,,,,1
Mr. Plow,2646,734,J.J. Guemes,207,966,FO,232,T6,1,0,0,6,-0.04%,0.04%,0,0,86,7,2,PHI,MIL,FO,FO,FO,,,,,1
TheRedKnight,2974,699,J.J. Guemes,207,10,K,311,T6,2,0,0,6,-0.04%,0.04%,0,0,86,7,2,PHI,MIL,K,K,K,,,,,1
Johnny Appleseed,2929,975,Blaise Bailey Finnegan III,127,787,FO,188,B6,0,0,0,6,-0.26%,0.26%,0,0,87,7,2,MIL,PHI,FO,K,FO,,,,,1
Grunt Manly,2948,175,Blaise Bailey Finnegan III,127,725,RGO,450,B6,1,0,0,6,-0.11%,0.11%,0,0,87,7,2,MIL,PHI,RGO,RGO,RGO,,,,,1
Steve Holt!,3031,268,Blaise Bailey Finnegan III,127,513,K,245,B6,2,0,0,6,-0.03%,0.03%,0,0,87,7,2,MIL,PHI,K,K,FO,,,,,1
Tex Wolffe,2486,825,Lefty Louis,166,351,LGO,474,T1,0,0,0,0,-2.51%,2.51%,0,0,88,8,2,ATL,SFG,LGO,LGO,LGO,,,,,1
TheGreatBambi,3056,60,Lefty Louis,166,225,BB,165,T1,1,0,0,0,2.43%,-2.43%,0,1,88,8,2,ATL,SFG,BB,FO,BB,,,,,1
Jason Sensation,3021,800,Lefty Louis,166,777,HR,23,T1,1,1,0,0,20.06%,-20.06%,2,1,88,8,2,ATL,SFG,HR,HR,HR,,,166,166,1
Jed I. Knight,3051,112,Lefty Louis,166,274,FO,162,T1,1,0,0,2,-1.46%,1.46%,0,0,88,8,2,ATL,SFG,FO,FO,BB,,,,,1
Skye McDowell,264,500,Lefty Louis,166,679,FO,179,T1,2,0,0,2,-1.24%,1.24%,0,0,88,8,2,ATL,SFG,FO,FO,FO,,,,,1
Abel Greene,2802,256,Penny Lane,716,668,RGO,412,B1,0,0,0,2,-2.74%,2.74%,0,0,89,8,2,SFG,ATL,RGO,RGO,RGO,,,,,1
Verde Jack,2854,920,Penny Lane,716,583,K,337,B1,1,0,0,2,-2.20%,2.20%,0,0,89,8,2,SFG,ATL,K,K,K,,,,,1
Liru Wolf,2983,520,Penny Lane,716,832,K,312,B1,2,0,0,2,-1.72%,1.72%,0,0,89,8,2,SFG,ATL,K,K,K,,,,,1
Brian Taylor,1838,88,Lefty Louis,166,231,BB,143,T2,0,0,0,2,1.66%,-1.66%,0,0,90,8,2,ATL,SFG,BB,FO,BB,,,,,1
Kenny Kawaguchi,783,766,Lefty Louis,166,948,FO,182,T2,0,1,0,2,-2.00%,2.00%,0,0,90,8,2,ATL,SFG,FO,FO,FO,,,,,1
Jamal Jackson,2815,235,Lefty Louis,166,302,2B,67,T2,1,1,0,2,6.70%,-6.70%,0,0,90,8,2,ATL,SFG,2B,2B,1B,,,,,1
Bonesy McSkellington,1733,801,Lefty Louis,166,403,PO,398,T2,1,6,0,2,-5.71%,5.71%,0,0,90,8,2,ATL,SFG,PO,PO,PO,,,,,2
Tex Wolffe,2486,342,Lefty Louis,166,104,FO,238,T2,2,6,0,2,-5.24%,5.24%,0,0,90,8,2,ATL,SFG,FO,FO,FO,,,,,1
Simba,1792,117,Penny Lane,716,699,RGO,418,B2,0,0,0,2,-2.94%,2.94%,0,0,91,8,2,SFG,ATL,RGO,RGO,RGO,,,,,1
Speedo Meter,675,420,Penny Lane,716,288,BB,132,B2,1,0,0,2,2.98%,-2.98%,0,0,91,8,2,SFG,ATL,BB,FO,1B,,,,,1
Speedo Meter,675,500,Penny Lane,716,322,SB,178,B2,1,1,0,2,2.77%,-2.77%,0,0,91,8,2,SFG,ATL,STEAL 2B,STEAL 2B,SB,,,,,4
Snoop E. Dogg,22,500,Penny Lane,716,170,K,330,B2,1,2,0,2,-4.58%,4.58%,0,0,91,8,2,SFG,ATL,K,K,K,,,,,1
Not Gaca,3006,256,Penny Lane,716,824,RGO,432,B2,2,2,0,2,-5.62%,5.62%,0,0,91,8,2,SFG,ATL,RGO,RGO,RGO,,,,,1
TheGreatBambi,3056,618,Lefty Louis,166,198,RGO,420,T3,0,0,0,2,-1.72%,1.72%,0,0,92,8,2,ATL,SFG,RGO,RGO,RGO,,,,,1
Jason Sensation,3021,420,Lefty Louis,166,521,1B,101,T3,1,0,0,2,1.43%,-1.43%,0,0,92,8,2,ATL,SFG,1B,1B,1B,,,,,1
Jason Sensation,3021,401,Lefty Louis,166,347,SB,54,T3,1,1,0,2,1.64%,-1.64%,0,0,92,8,2,ATL,SFG,STEAL 2B,STEAL 2B,SB,,,,,4
Jed I. Knight,3051,901,Lefty Louis,166,789,1B,112,T3,1,2,0,2,3.54%,-3.54%,0,0,92,8,2,ATL,SFG,1B,1B,1B,,,,,1
Skye McDowell,264,208,Sonar McDeuceski II,2810,638,PO,430,T3,1,5,0,2,-5.10%,5.10%,0,0,92,8,2,ATL,SFG,PO,PO,DP,,,,,1
Jed I. Knight,3051,640,Sonar McDeuceski II,2810,38,CS,398,T3,2,5,0,2,-4.37%,4.37%,0,0,92,8,2,ATL,SFG,CS 2B,CS 2B,CS,,,,,5
Mustard Fatherson,2910,456,Penny Lane,716,402,2B,54,B3,0,0,0,2,8.43%,-8.43%,0,0,93,8,2,SFG,ATL,2B,2B,2B,,,,,1
Malcolm Fish,2455,950,Penny Lane,716,555,RGO,395,B3,0,2,0,2,-2.26%,2.26%,0,0,93,8,2,SFG,ATL,RGO,RGO,PO,,,,,1
Abel Greene,2802,155,Penny Lane,716,511,K,356,B3,1,3,0,2,-8.48%,8.48%,0,0,93,8,2,SFG,ATL,K,K,K,,,,,2
Verde Jack,2854,600,Penny Lane,716,289,K,311,B3,2,3,0,2,-5.82%,5.82%,0,0,93,8,2,SFG,ATL,K,K,K,,,,,1
Brian Taylor,1838,123,Sonar McDeuceski II,2810,216,BB,93,T4,0,0,0,2,1.47%,-1.47%,0,0,94,8,2,ATL,SFG,BB,FO,1B,,,,,1
Kenny Kawaguchi,783,711,Sonar McDeuceski II,2810,217,DP,494,T4,0,1,0,2,-4.44%,4.44%,0,0,94,8,2,ATL,SFG,LGO,LGO,DP,,,,,1
Jamal Jackson,2815,640,Sonar McDeuceski II,2810,589,2B,51,T4,2,0,0,2,1.86%,-1.86%,0,0,94,8,2,ATL,SFG,2B,2B,2B,,,,,1
Bonesy McSkellington,1733,638,Sonar McDeuceski II,2810,935,K,297,T4,2,2,0,2,-3.12%,3.12%,0,0,94,8,2,ATL,SFG,K,K,K,,,,,1
Liru Wolf,2983,255,Penny Lane,716,562,K,307,B4,0,0,0,2,-3.76%,3.76%,0,0,95,8,2,SFG,ATL,K,K,K,,,,,1
Simba,1792,507,Penny Lane,716,946,RGO,439,B4,1,0,0,2,-3.09%,3.09%,0,0,95,8,2,SFG,ATL,RGO,RGO,RGO,,,,,1
Speedo Meter,675,511,Penny Lane,716,977,LGO,466,B4,2,0,0,2,-2.26%,2.26%,0,0,95,8,2,SFG,ATL,LGO,LGO,LGO,,,,,1
Tex Wolffe,2486,711,Sonar McDeuceski II,2810,618,1B,93,T5,0,0,0,2,1.17%,-1.17%,0,1,96,8,2,ATL,SFG,1B,1B,1B,,,,,1
Tex Wolffe,2486,250,Sonar McDeuceski II,2810,118,SB,132,T5,0,1,0,2,2.15%,-2.15%,0,0,96,8,2,ATL,SFG,STEAL 2B,STEAL 2B,SB,,,,,4
TheGreatBambi,3056,318,Sonar McDeuceski II,2810,22,K,296,T5,0,2,0,2,-2.22%,2.22%,0,0,96,8,2,ATL,SFG,K,K,K,,,,,1
Jason Sensation,3021,250,Sonar McDeuceski II,2810,487,K,237,T5,1,2,0,2,-1.95%,1.95%,0,0,96,8,2,ATL,SFG,K,K,FO,,,,,1
Jed I. Knight,3051,690,Sonar McDeuceski II,2810,622,1B,68,T5,2,2,0,2,7.08%,-7.08%,1,0,96,8,2,ATL,SFG,1B,1B,1B,,2810,,,1
Jed I. Knight,3051,200,Sonar McDeuceski II,2810,598,CS,398,T5,2,1,0,3,-1.26%,1.26%,0,0,96,8,2,ATL,SFG,CS 2B,CS 2B,CS,,,,,4
Snoop E. Dogg,22,69,Penny Lane,716,159,1B,90,B5,0,0,0,3,4.36%,-4.36%,0,1,97,8,2,SFG,ATL,1B,1B,1B,,,,,1
Not Gaca,3006,17,Penny Lane,716,864,BB,153,B5,0,1,0,3,8.92%,-8.92%,0,1,97,8,2,SFG,ATL,BB,FO,BB,,,,,1
Mustard Fatherson,2910,211,Carly Bae,378,18,FO,193,B5,0,4,0,3,-5.74%,5.74%,0,0,97,8,2,SFG,ATL,FO,FO,FO,,,,,1
Malcolm Fish,2455,118,Carly Bae,378,112,HR,6,B5,1,4,0,3,40.21%,-40.21%,3,1,97,8,2,SFG,ATL,HR,HR,HR,,716,716,378,1
Abel Greene,2802,163,Carly Bae,378,864,K,299,B5,1,0,3,3,-3.89%,3.89%,0,0,97,8,2,SFG,ATL,K,K,K,,,,,1
Verde Jack,2854,149,Carly Bae,378,646,LGO,497,B5,2,0,3,3,-3.68%,3.68%,0,0,97,8,2,SFG,ATL,LGO,LGO,LGO,,,,,1
Skye McDowell,264,834,Sonar McDeuceski II,2810,548,K,286,T6,0,0,3,3,-5.44%,5.44%,0,0,98,8,2,ATL,SFG,K,K,K,,,,,1
Brian Taylor,1838,720,Sonar McDeuceski II,2810,722,HR,2,T6,1,0,3,3,35.86%,-35.86%,1,1,98,8,2,ATL,SFG,HR,HR,HR,,,,2810,1
Kenny Kawaguchi,783,745,Sonar McDeuceski II,2810,694,2B,51,T6,1,0,3,4,3.25%,-3.25%,0,1,98,8,2,ATL,SFG,2B,2B,2B,,,,,1
Jamal Jackson,2815,924,C. T. Bailiff,2877,197,K,273,T6,1,2,3,4,-2.40%,2.40%,0,0,98,8,2,ATL,SFG,K,K,FO,,,,,1
Bonesy McSkellington,1733,459,C. T. Bailiff,2877,560,1B,101,T6,2,2,3,4,9.49%,-9.49%,1,0,98,8,2,ATL,SFG,1B,1B,1B,,2810,,,1
Tex Wolffe,2486,222,C. T. Bailiff,2877,722,LGO,500,T6,2,1,3,5,-1.35%,1.35%,0,0,98,8,2,ATL,SFG,LGO,LGO,LGO,,,,,1
Liru Wolf,2983,269,Carly Bae,378,583,PO,314,B6,0,0,3,5,-4.76%,4.76%,0,0,99,8,2,SFG,ATL,PO,PO,K,,,,,1
Simba,1792,77,Carly Bae,378,314,FO,237,B6,1,0,3,5,-3.71%,3.71%,0,0,99,8,2,SFG,ATL,FO,FO,FO,,,,,1
Speedo Meter,675,101,Carly Bae,378,514,RGO,413,B6,2,0,3,5,-2.16%,2.16%,0,0,99,8,2,SFG,ATL,RGO,RGO,RGO,,,,,1
Jed I. Knight,3051,823,im sleve,1786,354,LGO,469,T1,0,0,0,0,-2.51%,2.51%,0,0,100,9,3,ATL,PHI,LGO,LGO,LGO,,,,,1
TheGreatBambi,3056,1,im sleve,1786,529,LGO,472,T1,1,0,0,0,-2.18%,2.18%,0,0,100,9,3,ATL,PHI,LGO,LGO,LGO,,,,,1
Kenny Kawaguchi,783,233,im sleve,1786,381,BB,148,T1,2,0,0,0,1.98%,-1.98%,0,0,100,9,3,ATL,PHI,BB,FO,BB,,,,,1
Bonesy McSkellington,1733,529,im sleve,1786,197,K,332,T1,2,1,0,0,-3.74%,3.74%,0,0,100,9,3,ATL,PHI,K,K,K,,,,,1
DeAaron Taylor,2824,390,Triscuit McBiskit,2855,390,HR,0,B1,0,0,0,0,11.79%,-11.79%,1,1,101,9,3,PHI,ATL,HR,HR,HR,,,,2855,1
Phil Coulson,226,430,Triscuit McBiskit,2855,238,FO,192,B1,0,0,1,0,-1.97%,1.97%,0,0,101,9,3,PHI,ATL,FO,FO,FO,,,,,1
Carlos Narvaez Jr.,2962,132,Triscuit McBiskit,2855,543,RGO,411,B1,1,0,1,0,-1.80%,1.80%,0,0,101,9,3,PHI,ATL,RGO,RGO,RGO,,,,,1
Mr. Plow,2646,243,Triscuit McBiskit,2855,1,FO,242,B1,2,0,1,0,-1.44%,1.44%,0,0,101,9,3,PHI,ATL,FO,FO,FO,,,,,1
Jason Sensation,3021,935,im sleve,1786,126,FO,191,T2,0,0,1,0,-2.95%,2.95%,0,0,102,9,3,ATL,PHI,FO,FO,FO,,,,,1
Brian Taylor,1838,314,im sleve,1786,47,FO,267,T2,1,0,1,0,-2.51%,2.51%,0,0,102,9,3,ATL,PHI,FO,FO,FO,,,,,1
Mack MacMack,2651,983,im sleve,1786,532,LGO,451,T2,2,0,1,0,-1.96%,1.96%,0,0,102,9,3,ATL,PHI,LGO,LGO,LGO,,,,,1
TheRedKnight,2974,500,Triscuit McBiskit,2855,906,RGO,406,B2,0,0,1,0,-2.00%,2.00%,0,0,103,9,3,PHI,ATL,RGO,RGO,RGO,,,,,1
XxBlaise Bailey Finnegan IIIxX,2897,977,Triscuit McBiskit,2855,155,BB,178,B2,1,0,1,0,1.78%,-1.78%,0,0,103,9,3,PHI,ATL,BB,FO,FO,,,,,1
Dakota Carolina Montana,65,333,Triscuit McBiskit,2855,3,K,330,B2,1,1,1,0,-2.01%,2.01%,0,0,103,9,3,PHI,ATL,K,K,K,,,,,1
Jeff Dingerhitter,298,988,Triscuit McBiskit,2855,752,K,236,B2,2,1,1,0,-3.16%,3.16%,0,0,103,9,3,PHI,ATL,K,K,FO,,,,,1
Skye McDowell,264,777,im sleve,1786,627,BB,150,T3,0,0,1,0,3.96%,-3.96%,0,0,104,9,3,ATL,PHI,BB,FO,BB,,,,,1
Skye McDowell,264,27,im sleve,1786,813,SB,214,T3,0,1,1,0,4.56%,-4.56%,0,0,104,9,3,ATL,PHI,STEAL 2B,STEAL 2B,SB,,,,,4
Seymour Asses,2642,317,im sleve,1786,803,LGO,486,T3,0,2,1,0,-5.60%,5.60%,0,0,104,9,3,ATL,PHI,LGO,LGO,LGO,,,,,1
Jed I. Knight,3051,540,im sleve,1786,961,RGO,421,T3,1,2,1,0,-4.82%,4.82%,0,0,104,9,3,ATL,PHI,RGO,RGO,RGO,,,,,1
TheGreatBambi,3056,383,im sleve,1786,50,K,333,T3,2,3,1,0,-6.53%,6.53%,0,0,104,9,3,ATL,PHI,K,K,K,,,,,1
Tasker Morris,287,69,Triscuit McBiskit,2855,165,1B,96,B3,0,0,1,0,2.09%,-2.09%,0,0,105,9,3,PHI,ATL,1B,1B,1B,,,,,1
Tasker Morris,287,950,Triscuit McBiskit,2855,524,CS,426,B3,0,1,1,0,-4.13%,4.13%,0,0,105,9,3,PHI,ATL,CS 2B,CS 2B,CS,,,,,4
DeAaron Taylor,2824,170,Triscuit McBiskit,2855,812,PO,358,B3,1,0,1,0,-1.80%,1.80%,0,0,105,9,3,PHI,ATL,PO,PO,K,,,,,1
Phil Coulson,226,345,Triscuit McBiskit,2855,226,1B,119,B3,2,0,1,0,1.54%,-1.54%,0,1,105,9,3,PHI,ATL,1B,1B,1B,,,,,1
Carlos Narvaez Jr.,2962,1,Triscuit McBiskit,2855,962,2B,39,B3,2,1,1,0,11.89%,-11.89%,1,0,105,9,3,PHI,ATL,2B,2B,2B,,,2855,,1
Mr. Plow,2646,311,Triscuit McBiskit,2855,846,LGO,465,B3,2,2,2,0,-2.80%,2.80%,0,0,105,9,3,PHI,ATL,LGO,LGO,LGO,,,,,1
Kenny Kawaguchi,783,561,im sleve,1786,439,1B,122,T4,0,0,2,0,4.27%,-4.27%,0,0,106,9,3,ATL,PHI,1B,1B,1B,,,,,1
Bonesy McSkellington,1733,510,im sleve,1786,904,DP,394,T4,0,1,2,0,-10.14%,10.14%,0,0,106,9,3,ATL,PHI,RGO,RGO,PO,,,,,1
Jason Sensation,3021,914,im sleve,1786,833,1B,81,T4,2,0,2,0,2.58%,-2.58%,0,0,106,9,3,ATL,PHI,1B,1B,1B,,,,,1
Brian Taylor,1838,500,im sleve,1786,955,LGO,455,T4,2,1,2,0,-4.47%,4.47%,0,0,106,9,3,ATL,PHI,LGO,LGO,LGO,,,,,1
TheRedKnight,2974,812,Triscuit McBiskit,2855,974,BB,162,B4,0,0,2,0,0.94%,-0.94%,0,1,107,9,3,PHI,ATL,BB,FO,BB,,,,,1
XxBlaise Bailey Finnegan IIIxX,2897,883,Triscuit McBiskit,2855,897,3B,14,B4,0,1,2,0,7.12%,-7.12%,1,1,107,9,3,PHI,ATL,3B,HR,HR,,,2855,,1
King Raj,2715,142,Rocky Li,2585,26,1B,116,B4,0,3,3,0,1.02%,-1.02%,1,0,107,9,3,PHI,ATL,1B,1B,1B,2855,,,,2
King Raj,2715,279,Rocky Li,2585,250,SB,29,B4,0,1,4,0,0.34%,-0.34%,0,0,107,9,3,PHI,ATL,STEAL 2B,STEAL 2B,SB,,,,,4
Jeff Dingerhitter,298,611,Laars Nootbaar jr,2730,811,FO,200,B4,0,2,4,0,-0.36%,0.36%,0,0,107,9,3,PHI,ATL,FO,FO,FO,,,,,1
Tasker Morris,287,667,Laars Nootbaar jr,2730,500,BB,167,B4,1,2,4,0,0.10%,-0.10%,0,0,107,9,3,PHI,ATL,BB,FO,BB,,,,,1
DeAaron Taylor,2824,101,Laars Nootbaar jr,2730,500,DP,399,B4,1,4,4,0,-1.19%,1.19%,0,0,107,9,3,PHI,ATL,RGO,RGO,PO,,,,,1
Mack MacMack,2651,145,im sleve,1786,1000,BB,145,T5,0,0,4,0,2.20%,-2.20%,0,0,108,9,3,ATL,PHI,BB,FO,BB,,,,,1
Skye McDowell,264,777,im sleve,1786,186,DP,409,T5,0,1,4,0,-4.46%,4.46%,0,0,108,9,3,ATL,PHI,RGO,RGO,DP,,,,,1
Seymour Asses,2642,205,im sleve,1786,348,BB,143,T5,2,0,4,0,0.85%,-0.85%,0,0,108,9,3,ATL,PHI,BB,FO,BB,,,,,1
Jed I. Knight,3051,350,im sleve,1786,633,K,283,T5,2,1,4,0,-1.32%,1.32%,0,0,108,9,3,ATL,PHI,K,K,FO,,,,,1
Phil Coulson,226,225,Laars Nootbaar jr,2730,260,2B,35,B5,0,0,4,0,0.32%,-0.32%,0,1,109,9,3,PHI,ATL,2B,2B,2B,,,,,1
Carlos Narvaez Jr.,2962,13,Laars Nootbaar jr,2730,69,2B,56,B5,0,2,4,0,0.52%,-0.52%,1,0,109,9,3,PHI,ATL,2B,2B,2B,,2730,,,1
Mr. Plow,2646,169,Laars Nootbaar jr,2730,32,BB,137,B5,0,2,5,0,-0.01%,0.01%,0,0,109,9,3,PHI,ATL,BB,FO,1B,,,,,1
River James,2857,69,Laars Nootbaar jr,2730,759,K,310,B5,0,4,5,0,-0.07%,0.07%,0,0,109,9,3,PHI,ATL,K,PO,K,,,,,1
XxBlaise Bailey Finnegan IIIxX,2897,256,Laars Nootbaar jr,2730,823,DP,433,B5,1,4,5,0,-0.18%,0.18%,0,0,109,9,3,PHI,ATL,RGO,RGO,DP,,,,,1
TheGreatBambi,3056,805,im sleve,1786,954,BB,149,T6,0,0,5,0,0.77%,-0.77%,0,0,110,9,3,ATL,PHI,BB,FO,BB,,,,,1
Kenny Kawaguchi,783,177,im sleve,1786,389,FO,212,T6,0,1,5,0,-0.72%,0.72%,0,0,110,9,3,ATL,PHI,FO,FO,FO,,,,,1
Bonesy McSkellington,1733,860,im sleve,1786,284,DP,424,T6,1,1,5,0,-0.73%,0.73%,0,0,110,9,3,ATL,PHI,RGO,RGO,DP,,,,,1
Gang Weed,1732,666,Copernicus Hel,3016,804,1B,138,T1,0,0,0,0,2.91%,-2.91%,0,0,111,10,3,BAL,TBR,1B,1B,BB,,,,,1
Gang Weed,1732,132,Copernicus Hel,3016,666,CS,466,T1,0,1,0,0,-5.42%,5.42%,0,0,111,10,3,BAL,TBR,CS 2B,CS 2B,CS,,,,,4
Vinny Vega,723,69,Copernicus Hel,3016,202,1B,133,T1,1,0,0,0,2.43%,-2.43%,0,0,111,10,3,BAL,TBR,1B,1B,1B,,,,,1
Vinny Vega,723,100,Copernicus Hel,3016,420,CS,320,T1,1,1,0,0,-4.61%,4.61%,0,0,111,10,3,BAL,TBR,CS 2B,CS 2B,CS,,,,,4
Juni Juni Panda,488,420,Copernicus Hel,3016,803,PO,383,T1,2,0,0,0,-1.76%,1.76%,0,0,111,10,3,BAL,TBR,PO,PO,PO,,,,,1
Makesiondon Kelkboom,327,819,Mason Spurs,103,611,FO,208,B1,0,0,0,0,-2.48%,2.48%,0,0,112,10,3,TBR,BAL,FO,FO,FO,,,,,1
Burg McTurdBerg,2262,811,Mason Spurs,103,599,FO,212,B1,1,0,0,0,-2.17%,2.17%,0,0,112,10,3,TBR,BAL,FO,FO,FO,,,,,1
Ross Ewage,1764,410,Mason Spurs,103,843,LGO,433,B1,2,0,0,0,-1.79%,1.79%,0,0,112,10,3,TBR,BAL,LGO,LGO,RGO,,,,,1
Nelson Van Halen,649,530,Copernicus Hel,3016,233,K,297,T2,0,0,0,0,-2.72%,2.72%,0,0,113,10,3,BAL,TBR,K,K,K,,,,,1
S. Jay Cutler,255,959,Copernicus Hel,3016,404,RGO,445,T2,1,0,0,0,-2.40%,2.40%,0,0,113,10,3,BAL,TBR,RGO,RGO,RGO,,,,,1
Dominus Nominus,278,333,Copernicus Hel,3016,314,2B,19,T2,2,0,0,0,3.36%,-3.36%,0,0,113,10,3,BAL,TBR,2B,2B,HR,,,,,1
Jeff Newman,2931,989,Copernicus Hel,3016,299,K,310,T2,2,2,0,0,-5.35%,5.35%,0,0,113,10,3,BAL,TBR,K,K,K,,,,,1
Hannibal Bligh,1724,375,Mason Spurs,103,533,BB,158,B2,0,0,0,0,2.94%,-2.94%,0,0,114,10,3,TBR,BAL,BB,FO,BB,,,,,1
Hannibal Bligh,1724,833,Mason Spurs,103,297,CS,464,B2,0,1,0,0,-5.66%,5.66%,0,0,114,10,3,TBR,BAL,CS 2B,CS 2B,CS,,,,,4
Mo Cheeks,2637,923,Mason Spurs,103,982,2B,59,B2,1,0,0,0,5.06%,-5.06%,0,1,114,10,3,TBR,BAL,2B,2B,2B,,,,,1
Dermot Mulveiny,1763,927,Mason Spurs,103,792,BB,135,B2,1,2,0,0,1.47%,-1.47%,0,0,114,10,3,TBR,BAL,BB,FO,1B,,,,,1
Beans Returns,3034,686,Mason Spurs,103,508,FO,178,B2,1,4,0,0,-3.93%,3.93%,0,0,114,10,3,TBR,BAL,FO,FO,FO,,,,,1
Primero Ultimo,2889,65,Mason Spurs,103,184,1B,119,B2,2,4,0,0,13.42%,-13.42%,1,0,114,10,3,TBR,BAL,1B,1B,1B,,103,,,1
Ovaltine,2542,652,Mason Spurs,103,499,BB,153,B2,2,5,1,0,2.12%,-2.12%,0,0,114,10,3,TBR,BAL,BB,FO,BB,,,,,1
Makesiondon Kelkboom,327,888,Mason Spurs,103,620,K,268,B2,2,7,1,0,-7.48%,7.48%,0,0,114,10,3,TBR,BAL,K,K,FO,,,,,1
Lil Lilith Lillian,2589,633,Copernicus Hel,3016,616,3B,17,T3,0,0,1,0,13.12%,-13.12%,0,1,115,10,3,BAL,TBR,3B,3B,HR,,,,,1
Ratryox,2953,291,Copernicus Hel,3016,181,1B,110,T3,0,3,1,0,5.26%,-5.26%,1,0,115,10,3,BAL,TBR,1B,1B,1B,3016,,,,2
Gang Weed,1732,181,Copernicus Hel,3016,509,K,328,T3,0,1,1,1,-3.57%,3.57%,0,0,115,10,3,BAL,TBR,K,K,K,,,,,1
Ratryox,2953,500,Copernicus Hel,3016,851,CS,351,T3,1,1,1,1,-5.51%,5.51%,0,0,115,10,3,BAL,TBR,CS 2B,CS 2B,CS,,,,,4
Vinny Vega,723,533,Copernicus Hel,3016,702,BB,169,T3,2,0,1,1,2.50%,-2.50%,0,0,115,10,3,BAL,TBR,BB,FO,BB,,,,,1
Vinny Vega,723,333,Copernicus Hel,3016,300,SB,33,T3,2,1,1,1,1.20%,-1.20%,0,0,115,10,3,BAL,TBR,STEAL 2B,STEAL 2B,SB,,,,,4
Juni Juni Panda,488,69,Copernicus Hel,3016,911,BB,158,T3,2,2,1,1,1.91%,-1.91%,0,0,115,10,3,BAL,TBR,BB,FO,BB,,,,,1
Nelson Van Halen,649,577,Copernicus Hel,3016,300,K,277,T3,2,4,1,1,-7.92%,7.92%,0,0,115,10,3,BAL,TBR,K,K,FO,,,,,1
Burg McTurdBerg,2262,257,Mason Spurs,103,627,RGO,370,B3,0,0,1,1,-3.07%,3.07%,0,0,116,10,3,TBR,BAL,RGO,RGO,K,,,,,1
Ross Ewage,1764,711,Mason Spurs,103,376,RGO,335,B3,1,0,1,1,-2.77%,2.77%,0,0,116,10,3,TBR,BAL,RGO,RGO,K,,,,,1
Hannibal Bligh,1724,416,Mason Spurs,103,3,RGO,413,B3,2,0,1,1,-2.27%,2.27%,0,0,116,10,3,TBR,BAL,RGO,RGO,RGO,,,,,1
S. Jay Cutler,255,23,Copernicus Hel,3016,982,2B,41,T4,0,0,1,1,8.83%,-8.83%,0,0,117,10,3,BAL,TBR,2B,2B,2B,,,,,1
Dominus Nominus,278,1,Copernicus Hel,3016,146,BB,145,T4,0,2,1,1,1.84%,-1.84%,0,0,117,10,3,BAL,TBR,BB,FO,BB,,,,,1
Jeff Newman,2931,468,Copernicus Hel,3016,995,DP,473,T4,0,4,1,1,-12.92%,12.92%,0,0,117,10,3,BAL,TBR,LGO,LGO,DP,,,,,1
Lil Lilith Lillian,2589,504,Copernicus Hel,3016,666,FO,162,T4,2,3,1,1,-7.27%,7.27%,0,0,117,10,3,BAL,TBR,FO,FO,BB,,,,,1
Mo Cheeks,2637,356,Mason Spurs,103,188,FO,168,B4,0,0,1,1,-3.43%,3.43%,0,0,118,10,3,TBR,BAL,FO,FO,BB,,,,,1
Dermot Mulveiny,1763,891,Mason Spurs,103,277,RGO,386,B4,1,0,1,1,-3.17%,3.17%,0,0,118,10,3,TBR,BAL,RGO,RGO,PO,,,,,1
Beans Returns,3034,924,Mason Spurs,103,241,PO,317,B4,2,0,1,1,-2.87%,2.87%,0,0,118,10,3,TBR,BAL,PO,PO,K,,,,,1
Ratryox,2953,622,Copernicus Hel,3016,181,RGO,441,T5,0,0,1,1,-4.31%,4.31%,0,0,119,10,3,BAL,TBR,RGO,RGO,RGO,,,,,1
Gang Weed,1732,911,Copernicus Hel,3016,216,K,305,T5,1,0,1,1,-3.90%,3.90%,0,0,119,10,3,BAL,TBR,K,K,K,,,,,1
Vinny Vega,723,569,Copernicus Hel,3016,736,BB,167,T5,2,0,1,1,3.36%,-3.36%,0,0,119,10,3,BAL,TBR,BB,FO,BB,,,,,1
Vinny Vega,723,200,Copernicus Hel,3016,569,CS,369,T5,2,1,1,1,-6.87%,6.87%,0,0,119,10,3,BAL,TBR,CS 2B,CS 2B,CS,,,,,4
Primero Ultimo,2889,808,Mason Spurs,103,289,LGO,481,B5,0,0,1,1,-4.12%,4.12%,0,0,120,10,3,TBR,BAL,LGO,LGO,LGO,,,,,1
Ovaltine,2542,525,Mason Spurs,103,733,FO,208,B5,1,0,1,1,-3.89%,3.89%,0,0,120,10,3,TBR,BAL,FO,FO,FO,,,,,1
Makesiondon Kelkboom,327,932,Mason Spurs,103,499,LGO,433,B5,2,0,1,1,-3.68%,3.68%,0,0,120,10,3,TBR,BAL,LGO,LGO,RGO,,,,,1
Juni Juni Panda,488,69,Copernicus Hel,3016,231,FO,162,T6,0,0,1,1,-5.44%,5.44%,0,0,121,10,3,BAL,TBR,FO,FO,BB,,,,,1
Nelson Van Halen,649,491,Copernicus Hel,3016,865,PO,374,T6,1,0,1,1,-5.08%,5.08%,0,0,121,10,3,BAL,TBR,PO,PO,K,,,,,1
S. Jay Cutler,255,143,Copernicus Hel,3016,271,BB,128,T6,2,0,1,1,4.02%,-4.02%,0,0,121,10,3,BAL,TBR,BB,FO,1B,,,,,1
S. Jay Cutler,255,597,Copernicus Hel,3016,900,CS,303,T6,2,1,1,1,-8.93%,8.93%,0,0,121,10,3,BAL,TBR,CS 2B,CS 2B,CS,,,,,4
Burg McTurdBerg,2262,933,Mason Spurs,103,781,1B,152,B6,0,0,1,1,3.24%,-3.24%,0,1,122,10,3,TBR,BAL,1B,1B,BB,,,,,1
Burg McTurdBerg,2262,366,Mason Spurs,103,156,SB,210,B6,0,1,1,1,9.50%,-9.50%,0,0,122,10,3,TBR,BAL,STEAL 2B,STEAL 2B,SB,,,,,4
Ross Ewage,1764,,Mason Spurs,103,,IBB,,B6,0,2,1,1,-1.59%,1.59%,0,1,122,10,3,TBR,BAL,IBB,IBB,IBB,,,,,8
Hannibal Bligh,1724,604,Mason Spurs,103,281,PO,323,B6,0,4,1,1,-7.68%,7.68%,0,0,122,10,3,TBR,BAL,PO,PO,K,,,,,1
Mo Cheeks,2637,630,Mason Spurs,103,612,HR,18,B6,1,4,1,1,31.06%,-31.06%,3,1,122,10,3,TBR,BAL,HR,HR,HR,,103,103,103,1
Makesiondon Kelkboom,327,848,perta rose sabor,149,89,FO,241,T1,0,0,0,0,-2.51%,2.51%,0,0,123,11,4,TBR,PHI,FO,FO,FO,,,,,1
Burg McTurdBerg,2262,600,perta rose sabor,149,569,2B,31,T1,1,0,0,0,4.65%,-4.65%,0,1,123,11,4,TBR,PHI,2B,2B,2B,,,,,1
Ross Ewage,1764,219,perta rose sabor,149,898,K,321,T1,1,2,0,0,-3.78%,3.78%,0,0,123,11,4,TBR,PHI,K,K,K,,,,,1
Hannibal Bligh,1724,109,perta rose sabor,149,133,3B,24,T1,2,2,0,0,12.04%,-12.04%,1,1,123,11,4,TBR,PHI,3B,HR,HR,,149,,,1
Catfish Champ,2055,187,perta rose sabor,149,188,HR,1,T1,2,3,0,1,17.07%,-17.07%,2,1,123,11,4,TBR,PHI,HR,HR,HR,149,,,149,1
Dermot Mulveiny,1763,721,perta rose sabor,149,777,2B,56,T1,2,0,0,3,1.71%,-1.71%,0,0,123,11,4,TBR,PHI,2B,2B,2B,,,,,1
Beans Returns,3034,555,perta rose sabor,149,95,LGO,460,T1,2,2,0,3,-2.62%,2.62%,0,0,123,11,4,TBR,PHI,LGO,LGO,LGO,,,,,1
DeAaron Taylor,2824,811,Alex Lancer,2678,103,K,292,B1,0,0,0,3,-2.35%,2.35%,0,0,124,11,4,PHI,TBR,K,K,K,,,,,1
Phil Coulson,226,714,Alex Lancer,2678,540,BB,174,B1,1,0,0,3,2.60%,-2.60%,0,1,124,11,4,PHI,TBR,BB,FO,BB,,,,,1
TheRedKnight,2974,669,Alex Lancer,2678,686,HR,17,B1,1,1,0,3,17.59%,-17.59%,2,1,124,11,4,PHI,TBR,HR,HR,HR,,,2678,2678,1
Carlos Narvaez Jr.,2962,675,Alex Lancer,2678,460,FO,215,B1,1,0,2,3,-2.36%,2.36%,0,0,124,11,4,PHI,TBR,FO,FO,FO,,,,,1
Mr. Plow,2646,744,Alex Lancer,2678,57,K,313,B1,2,0,2,3,-1.88%,1.88%,0,0,124,11,4,PHI,TBR,K,K,K,,,,,1
Mo Cheeks,2637,401,perta rose sabor,149,616,FO,215,T2,0,0,2,3,-2.27%,2.27%,0,0,125,11,4,TBR,PHI,FO,FO,FO,,,,,1
Ovaltine,2542,413,perta rose sabor,149,818,RGO,405,T2,1,0,2,3,-2.02%,2.02%,0,0,125,11,4,TBR,PHI,RGO,RGO,RGO,,,,,1
Makesiondon Kelkboom,327,31,perta rose sabor,149,819,FO,212,T2,2,0,2,3,-1.69%,1.69%,0,0,125,11,4,TBR,PHI,FO,FO,FO,,,,,1
Jeff Dingerhitter,298,778,Alex Lancer,2678,205,RGO,427,B2,0,0,2,3,-3.11%,3.11%,0,0,126,11,4,PHI,TBR,RGO,RGO,RGO,,,,,1
Dakota Carolina Montana,65,442,Alex Lancer,2678,837,PO,395,B2,1,0,2,3,-2.69%,2.69%,0,0,126,11,4,PHI,TBR,PO,PO,PO,,,,,1
Tasker Morris,287,999,Alex Lancer,2678,364,K,365,B2,2,0,2,3,-2.13%,2.13%,0,0,126,11,4,PHI,TBR,K,K,K,,,,,1
Burg McTurdBerg,2262,719,perta rose sabor,149,569,BB,150,T3,0,0,2,3,2.54%,-2.54%,0,0,127,11,4,TBR,PHI,BB,FO,BB,,,,,1
Burg McTurdBerg,2262,670,perta rose sabor,149,111,CS,441,T3,0,1,2,3,-4.91%,4.91%,0,0,127,11,4,TBR,PHI,CS 2B,CS 2B,CS,,,,,4
Ross Ewage,1764,650,perta rose sabor,149,355,K,295,T3,1,0,2,3,-2.03%,2.03%,0,0,127,11,4,TBR,PHI,K,K,K,,,,,1
Hannibal Bligh,1724,269,perta rose sabor,149,818,LGO,451,T3,2,0,2,3,-1.82%,1.82%,0,0,127,11,4,TBR,PHI,LGO,LGO,LGO,,,,,1
XxBlaise Bailey Finnegan IIIxX,2897,51,Alex Lancer,2678,123,1B,72,B3,0,0,2,3,4.12%,-4.12%,0,0,128,11,4,PHI,TBR,1B,1B,1B,,,,,1
XxBlaise Bailey Finnegan IIIxX,2897,823,Alex Lancer,2678,666,SB,157,B3,0,1,2,3,5.22%,-5.22%,0,0,128,11,4,PHI,TBR,STEAL 2B,STEAL 2B,SB,,,,,4
DeAaron Taylor,2824,811,Alex Lancer,2678,420,PO,391,B3,0,2,2,3,-6.01%,6.01%,0,0,128,11,4,PHI,TBR,PO,PO,PO,,,,,1
Phil Coulson,226,27,Alex Lancer,2678,811,FO,216,B3,1,2,2,3,-5.48%,5.48%,0,0,128,11,4,PHI,TBR,FO,FO,FO,,,,,1
TheRedKnight,2974,888,Alex Lancer,2678,94,FO,206,B3,2,2,2,3,-7.12%,7.12%,0,0,128,11,4,PHI,TBR,FO,FO,FO,,,,,1
Catfish Champ,2055,402,perta rose sabor,149,619,FO,217,T4,0,0,2,3,-2.44%,2.44%,0,0,129,11,4,TBR,PHI,FO,FO,FO,,,,,1
Dermot Mulveiny,1763,100,perta rose sabor,149,222,BB,122,T4,1,0,2,3,1.93%,-1.93%,0,0,129,11,4,TBR,PHI,BB,FO,1B,,,,,1
Dermot Mulveiny,1763,250,perta rose sabor,149,677,CS,427,T4,1,1,2,3,-4.06%,4.06%,0,0,129,11,4,TBR,PHI,CS 2B,CS 2B,CS,,,,,4
Beans Returns,3034,23,perta rose sabor,149,444,RGO,421,T4,2,0,2,3,-1.93%,1.93%,0,0,129,11,4,TBR,PHI,RGO,RGO,RGO,,,,,1
Carlos Narvaez Jr.,2962,33,Alex Lancer,2678,94,2B,61,B4,0,0,2,3,11.26%,-11.26%,0,1,130,11,4,PHI,TBR,2B,2B,2B,,,,,1
Mr. Plow,2646,678,Alex Lancer,2678,420,FO,258,B4,0,2,2,3,-7.22%,7.22%,0,0,130,11,4,PHI,TBR,FO,FO,FO,,,,,1
Jeff Dingerhitter,298,131,Alex Lancer,2678,502,K,371,B4,1,2,2,3,-6.64%,6.64%,0,0,130,11,4,PHI,TBR,K,K,K,,,,,1
Dakota Carolina Montana,65,622,Alex Lancer,2678,502,1B,120,B4,2,2,2,3,19.59%,-19.59%,1,0,130,11,4,PHI,TBR,1B,1B,1B,,2678,,,1
Tasker Morris,287,502,Alex Lancer,2678,911,RGO,409,B4,2,1,3,3,-5.52%,5.52%,0,0,130,11,4,PHI,TBR,RGO,RGO,RGO,,,,,1
Mo Cheeks,2637,222,perta rose sabor,149,619,RGO,397,T5,0,0,3,3,-4.31%,4.31%,0,0,131,11,4,TBR,PHI,RGO,RGO,PO,,,,,1
Ovaltine,2542,937,perta rose sabor,149,9,1B,72,T5,1,0,3,3,3.47%,-3.47%,0,1,131,11,4,TBR,PHI,1B,1B,1B,,,,,1
Ovaltine,2542,200,perta rose sabor,149,354,SB,154,T5,1,1,3,3,4.50%,-4.50%,0,0,131,11,4,TBR,PHI,STEAL 2B,STEAL 2B,SB,,,,,4
Makesiondon Kelkboom,327,303,perta rose sabor,149,365,1B,62,T5,1,2,3,3,8.23%,-8.23%,0,1,131,11,4,TBR,PHI,1B,2B,2B,,,,,1
Burg McTurdBerg,2262,825,Blaise Bailey Finnegan III,127,142,PO,317,T5,1,5,3,3,-12.28%,12.28%,0,0,131,11,4,TBR,PHI,PO,PO,K,,,,,1
Ross Ewage,1764,48,Blaise Bailey Finnegan III,127,98,2B,50,T5,2,5,3,3,34.72%,-34.72%,2,0,131,11,4,TBR,PHI,2B,2B,2B,149,,149,,1
Hannibal Bligh,1724,950,Blaise Bailey Finnegan III,127,142,FO,192,T5,2,2,3,5,-2.78%,2.78%,0,0,131,11,4,TBR,PHI,FO,FO,FO,,,,,1
XxBlaise Bailey Finnegan IIIxX,2897,666,Alex Lancer,2678,160,LGO,494,B5,0,0,3,5,-4.27%,4.27%,0,0,132,11,4,PHI,TBR,LGO,LGO,LGO,,,,,1
DeAaron Taylor,2824,711,Alex Lancer,2678,363,K,348,B5,1,0,3,5,-3.45%,3.45%,0,0,132,11,4,PHI,TBR,K,K,K,,,,,1
Phil Coulson,226,193,Alex Lancer,2678,516,K,323,B5,2,0,3,5,-2.42%,2.42%,0,0,132,11,4,PHI,TBR,K,K,K,,,,,1
Catfish Champ,2055,747,Blaise Bailey Finnegan III,127,145,RGO,398,T6,0,0,3,5,-0.82%,0.82%,0,0,133,11,4,TBR,PHI,RGO,RGO,PO,,,,,1
Dermot Mulveiny,1763,625,Blaise Bailey Finnegan III,127,720,BB,95,T6,1,0,3,5,0.68%,-0.68%,0,0,133,11,4,TBR,PHI,BB,1B,1B,,,,,1
Dermot Mulveiny,1763,150,Blaise Bailey Finnegan III,127,287,SB,137,T6,1,1,3,5,0.84%,-0.84%,0,0,133,11,4,TBR,PHI,STEAL 2B,STEAL 2B,SB,,,,,4
Beans Returns,3034,46,im sleve,1786,641,RGO,405,T6,1,2,3,5,-1.35%,1.35%,0,0,133,11,4,TBR,PHI,RGO,RGO,RGO,,,,,1
Mo Cheeks,2637,543,im sleve,1786,183,PO,360,T6,2,3,3,5,-1.66%,1.66%,0,0,133,11,4,TBR,PHI,PO,PO,K,,,,,1
TheRedKnight,2974,697,Alex Lancer,2678,69,K,372,B6,0,0,3,5,-4.76%,4.76%,0,0,134,11,4,PHI,TBR,K,K,K,,,,,1
Carlos Narvaez Jr.,2962,933,Alex Lancer,2678,548,PO,385,B6,1,0,3,5,-3.71%,3.71%,0,0,134,11,4,PHI,TBR,PO,PO,PO,,,,,1
Mr. Plow,2646,666,Alex Lancer,2678,859,FO,193,B6,2,0,3,5,-2.16%,2.16%,0,0,134,11,4,PHI,TBR,FO,FO,FO,,,,,1