ID,Name,League,Season,Session,Game ID,Team,Notes
2054,,ECO,1,5,18,MHM,Pinch hit for in B2
359,,ECO,1,6,21,MB,Schism ended game before PA
2006,,ECO,1,6,21,MB,Schism ended game before PA
2061,,ECO,1,6,21,MB,Pinch hit for in B1
2196,,ECO,1,6,21,MB,Schism ended game before PA
123,,ECO,1,6,21,MHM,Schism ended game before PA
2203,,ECO,1,6,21,MHM,Schism ended game before PA
3473,Jacob Peterson III,FCB,3,1,3,NEB,Pinch hit for in B2
146,,FCB,3,2,8,TOL,Game called before PA
508,Otis Falconer,FCB,4,2,7,NU,Pinch hit for in B1
598,Herb Ferguson,FCB,4,2,8,CLM,Pinch hit for in B2
603,Broc Lee,FCB,4,2,11,GT,Pinch hit for in T2
514,,FCB,4,2,11,WSU,Replaced in T2
650,,FCB,4,2,11,WSU,Fielding Replacement
651,,FCB,4,2,11,WSU,Pinch hit for in B3
532,Thelonius Jarts,FCB,4,2,12,WWU,Pinch hit for in B2
1740,,FCB,5,1,2,SLC,Fielding Replacement
1819,,FCB,5,1,2,SLC,Fielding Replacement
3474,Lebum James,FCB,5,1,3,NEB,Pinch hit for in T2
3337,,FCB,5,2,5,CCU,Pinch hit for in B3
1697,,FCB,5,2,7,SLC,Fielding Replacement
1769,,FCB,5,2,7,SLC,Fielding Replacement
1731,,FCB,5,3,9,CCU,Fielding Replacement
3476,Alux Hubbus,FCB,5,4,16,NCS,Pinch hit for in B2
3475,Ray Saha,FCB,5,4,16,UNC,Pinch hit for in T3
3335,,FCB,5,5,20,GT,Pinch hit for in T2
1769,,FCB,5,5,20,SLC,Pinch hit for in B2
1708,,FCB,5,6,21,SLC,Pinch hit for in T3
1805,,FCB,5,6,23,NCS,Pinch hit for in B3
1715,,FCB,5,6,23,UNC,Fielding Replacement
2326,Caleb Fugate,FCB,6,1,2,GEO,Pinch hit for in B1
2331,Ra Ja,FCB,6,1,2,GT,Pinch hit for in T3
2361,,FCB,6,2,4,OSU,Pinch hit for in B2
2512,,FCB,7,1,2,MICH,Pinch hit for in B2
2506,Jack Monaco,FCB,7,1,3,LBS,Pinch hit for in B1
2551,,FCB,7,1,3,RU,Pinch hit for in T2
2580,,FCB,7,3,7,MICH,Pinch hit for in B2
2588,,FCB,7,3,7,RU,Fielding Replacement
2607,,FCB,7,3,7,RU,Fielding Replacement
2541,,FCB,7,3,9,UVA,Pinch hit for in T3
2575,Paul Kia Sorrento,FCB,7,4,10,RU,Pinch hit for in B2
2549,,FCB,7,4,11,UCLA,Pinch hit for in B3
2600,Ben Swoetman,FCB,7,4,11,UCLA,Pinch hit for in B1
2622,,FCB,7,4,11,UCLA,Pinch hit for in B3
2596,Butter Cozy,FCB,7,4,12,USF,Pinch hit for in B1
2605,Milk Choco,FCB,7,4,12,USF,Pinch hit for in B1
2608,Kennith Omega,FCB,7,4,12,USF,Pinch hit for in B1
2620,Mustard Martin,FCB,7,4,12,USF,Pinch hit for in B2
2623,cristiano,FCB,7,5,15,UCLA,Pinch hit for in T2
2711,Arobius Ezzeliante,FCB,8,2,5,HRW,Pinch hit for in B2
2756,Barker Bubbs,FCB,8,2,5,UCL,Pinch hit for in T2
2745,,FCB,8,2,7,TEN,Pinch hit for in B1
2702,,FCB,8,3,9,PUR,Fielding Replacement
2790,,FCB,8,3,9,UCL,Pinch hit for in B2
2779,George Pops O'Neill,FCB,8,4,14,TEN,Pinch hit for in B2
2790,,FCB,8,4,16,UCL,Pinch hit for in B2
2809,Joey Tribbiani,FCB,8,4,16,UCL,Pinch hit for in B1
2927,Lou Mud Food McGillicuddy,FCB,9,2,4,TEN,Pinch hit for in T2
2832,Ace of Spada,FCB,9,2,4,UCC,Pinch hit for in B1
2860,Willard Makepeace,FCB,9,2,4,UCC,Pinch hit for in B1
2876,Flam Paradiddle,FCB,9,2,4,UCC,Pinch hit for in B1
2918,Cookie Bretts,FCB,9,2,4,UCC,Pinch hit for in B2
2837,Marco Maryland,FCB,9,2,5,TOL,Pinch hit for in B1
2907,Bradford Miller,FCB,9,2,5,WSU,Pinch hit for in T2
2859,,FCB,9,3,7,WSU,Pinch hit for in B3
2836,,FCB,9,3,8,TEN,Pinch hit for in T2
2841,Jheryk Kayne,FCB,9,3,8,UGA,Pinch hit for in B2
2885,Brock Black,FCB,9,3,8,UGA,Pinch hit for in B1
2836,,FCB,9,4,12,TEN,Pinch hit for in B2
2899,,FCB,9,6,18,HVD,Pinch hit for in B2
3049,Gary Ross Dahl,FCB,10,1,2,NWU,Pinch hit for in B3
3036,,FCB,10,4,10,TOL,Pinch hit for in T2
3036,,FCB,10,5,14,TOL,Pinch hit for in B3
3011,,FCB,10,5,15,NWU,Pinch hit for in B1
3031,,FCB,10,5,15,NWU,Pinch hit for in B3
3211,Slarvon Bingly,FCB,12,1,2,UOM,Pinch hit for in B3
3245,,FCB,12,5,15,LSU,Pinch hit for in T3
3452,,FCB,13,2,5,DPU,Replaced in B2
3443,,FCB,13,4,10,CAL,Pinch hit for in B1
3463,Dylan Woods,FCB,13,4,10,CAL,Pinch hit for in B1
3433,,FCB,13,6,18,PSU,Pinch hit for in T2
786,,GIB,1,3,7,GIB,Fielding Replacement
298,,GIB,1,3,7,WBK,Fielding Replacement
638,,GIB,2,2,6,NOL,Pinch hit for in T2
258,,GIB,2,7,27,ORL,Fielding Replacement
1793,,GIB,3,4,14,GIB,Fielding Replacement
471,,GIB,3,6,21,GIB,Fielding Replacement
293,,GIB,3,6,23,FUB,Fielding Replacement
3364,,GIB,3,6,23,FUB,Pinch hit for in B1
1832,,GIB,3,6,24,ORL,Pinch hit for in B1
729,,GIB,3,7,27,NOL,Pinch hit for in T2
1844,,GIB,3,9,33,WBK,Fielding Replacement
2229,,GIB,3,11,36,VIP,Pinch hit for in T2
777,,GIB,3,12,37,ORL,Pinch hit for in T3
76,,LLR,1,1,3,WAS,Fielding Replacement
135,,LLR,1,2,5,NY,Fielding Replacement
463,,LLR,1,3,9,CAL,Replaced in T2
461,,LLR,1,4,13,VEN,Pinch hit for in T2
134,,LLR,1,7,25,HI,Pinch hit for in B2
153,,LLR,1,7,27,VEN,Pinch hit for in B1
2171,,MiLR,2,1,1,HVR,Pinch hit for in B3
293,,MiLR,3,3,9,FTP,Fielding Replacement
240,,MiLR,3,4,16,CCF,Pinch hit for in B1
64,,MiLR,3,5,18,CCF,Pinch hit for in T3
230,,MiLR,3,5,18,CCF,Pinch hit for in T2
71,,MiLR,3,6,23,CCF,Fielding Replacement
228,,MiLR,3,6,23,CCF,Pinch hit for in B1
170,,MiLR,3,8,30,CCF,Pinch hit for in B1
424,,MiLR,3,10,37,LAN,Pinch hit for in T3
413,,MiLR,3,13,50,CIN,Pinch hit for in B2
419,,MiLR,3,13,50,CIN,Fielding Replacement
214,,MiLR,4,2,10,DBV,Pinch hit for in B2
29,,MiLR,4,2,11,N69,Fielding Replacement
18,,MiLR,4,3,17,N69,Replaced in T1
77,,MiLR,4,3,19,PGS,Pinch hit for in B1
38,,MiLR,4,4,26,N69,Pinch hit for in T2
339,,MiLR,4,4,30,CCS,Fielding Replacement
145,,MiLR,4,4,31,MBX,Pinch hit for in B1
18,,MiLR,4,5,33,N69,Replaced in T2
29,,MiLR,4,5,33,N69,Replaced in T2
205,,MiLR,4,5,33,N69,Pinch hit for in B1
208,,MiLR,4,5,35,CEL,Pinch hit for in B2
315,,MiLR,4,5,37,CCS,Pinch hit for in B3
102,,MiLR,4,5,37,FWG,Pinch hit for in T2
293,,MiLR,4,5,40,LMN,Fielding Replacement
230,,MiLR,4,6,43,N69,Pinch hit for in T2
214,,MiLR,4,6,45,LDN,Pinch hit for in T2
71,,MiLR,4,6,46,FWG,Replaced in T1
107,,MiLR,4,6,46,FWG,Pinch hit for in B1
663,,MiLR,4,6,47,VFQ,Pinch hit for in B3
194,,MiLR,4,7,50,DBV,"Pinch Runner, Run Scored"
727,,MiLR,4,7,50,DBV,Fielding Replacement
570,,MiLR,4,7,56,EEE,Fielding Replacement
415,,MiLR,4,8,59,HON,Pinch hit for in B1
8,,MiLR,4,8,63,DDD,Pinch hit for in T2
197,,MiLR,4,9,71,LMN,Fielding Replacement
693,,MiLR,4,9,72,EEE,Pinch hit for in B2
77,,MiLR,4,10,75,PGS,Pinch hit for in T2
184,,MiLR,4,11,84,DBV,Fielding Replacement
706,,MiLR,4,11,84,DBV,Pinch hit for in T2
89,,MiLR,4,12,90,PGS,Pinch hit for in T2
315,,MiLR,4,12,93,CCS,Pinch hit for in T2
47,,MiLR,4,12,94,MBX,Pinch hit for in B2
138,,MiLR,4,12,94,MBX,Pinch hit for in B2
757,,MiLR,4,13,98,DDD,Pinch hit for in T2
711,,MiLR,4,13,101,LDN,Pinch hit for in B2
651,,MiLR,4,13,103,VFQ,Fielding Replacement
1736,,MiLR,5,1,6,ISO,Fielding Replacement
778,,MiLR,5,2,19,TAI,Pinch hit for in B1
1726,,MiLR,5,2,20,TRA,Pinch hit for in B1
1689,,MiLR,5,2,24,MVM,Pinch hit for in T2
1715,,MiLR,5,3,26,CHI,Pinch hit for in B3
406,,MiLR,5,3,34,NUL,Fielding Replacement
644,,MiLR,5,3,34,NUL,Pinch hit for in T3
1700,,MiLR,5,3,34,NUL,Fielding Replacement
638,,MiLR,5,3,36,MVM,Pinch hit for in B2
354,,MiLR,5,4,37,KRB,Pinch hit for in B1
1762,,MiLR,5,4,42,GTY,Pinch hit for in B2
714,,MiLR,5,4,42,RKT,Fielding Replacement
1812,,MiLR,5,4,45,TAI,Pinch hit for in T2
170,,MiLR,5,5,60,POR,Pinch hit for in B2
781,,MiLR,5,6,61,ISO,Pinch hit for in T2
689,,MiLR,5,7,74,RKT,Pinch hit for in B1
391,,MiLR,5,8,94,NUL,Pinch hit for in T3
103,,MiLR,5,8,95,KTY,Pinch hit for in B3
344,,MiLR,5,9,98,RKT,Fielding Replacement
2244,,MiLR,5,9,99,CHI,Pinch hit for in B1
1954,,MiLR,5,9,99,GTY,Pinch hit for in T2
189,,MiLR,5,9,101,SPR,Pinch hit for in T2
367,,MiLR,5,9,106,MVM,Pinch hit for in T3
216,,MiLR,5,10,113,GTY,Fielding Replacement
205,,MiLR,5,10,114,ISO,Pinch hit for in B1
56,,MiLR,5,10,116,NUL,Pinch hit for in T2
339,,MiLR,5,10,118,LMN,Pinch hit for in T2
367,,MiLR,5,10,120,MVM,Pinch hit for in B3
616,,MiLR,5,11,121,KRB,Pinch hit for in B1
6,,MiLR,5,11,125,GTY,Pinch hit for in B1
1755,,MiLR,5,11,125,GTY,Pinch hit for in B1
205,,MiLR,5,11,126,ISO,Pinch hit for in B2
391,,MiLR,5,11,127,NUL,Pinch hit for in T2
413,,MiLR,5,11,128,LMN,Fielding Replacement
158,,MiLR,5,11,132,DAD,Pinch hit for in T2
49,,MiLR,5,12,134,RKT,Fielding Replacement
256,,MiLR,5,12,137,SPR,Pinch hit for in T2
1954,,MiLR,5,12,138,GTY,"Fielding Replacement, Pinch hit for in B6"
233,,MiLR,5,12,139,TAI,Fielding Replacement
730,,MiLR,5,13,145,RKT,Fielding Replacement
325,,MiLR,5,13,146,CHI,Pinch hit for in B3
184,,MiLR,5,13,149,GBC,Pinch hit for in T2
1954,,MiLR,5,13,149,GTY,Pinch hit for in B3
367,,MiLR,5,13,156,MVM,Pinch hit for in B2
375,,MiLR,5,14,162,SPR,Pinch hit for in B1
371,,MiLR,5,14,166,TAC,Fielding Replacement
334,,MiLR,5,14,167,MVM,Pinch hit for in T2
97,,MiLR,6,1,1,BAC,Pinch hit for in T2
184,,MiLR,6,1,2,CBC,Pinch hit for in B1
2352,Warren Peace,MiLR,6,1,3,WWC,Pinch hit for in B2
226,,MiLR,6,1,12,LIM,Pinch hit for in B2
1954,,MiLR,6,2,15,AAL,Pinch hit for in T2
111,,MiLR,6,2,17,SGP,Pinch hit for in B2
369,,MiLR,6,2,24,MBT,Fielding Replacement
770,,MiLR,6,2,27,PHB,Fielding Replacement
284,,MiLR,6,3,29,WWC,Fielding Replacement
522,,MiLR,6,3,40,HEL,Pinch hit for in T2
716,,MiLR,6,3,40,SUP,Fielding Replacement
97,,MiLR,6,3,42,BAC,Pinch hit for in T2
223,,MiLR,6,4,47,SAS,Pinch hit for in B2
623,,MiLR,6,4,52,TAK,Fielding Replacement
439,,MiLR,6,4,53,TTT,Pinch hit for in B3
63,,MiLR,6,4,54,HEL,Replaced in T1
1734,,MiLR,6,5,57,SGP,Replaced in B2
401,,MiLR,6,5,65,MVS,Pinch hit for in T2
249,,MiLR,6,5,67,POR,Fielding Replacement
439,,MiLR,6,5,68,TTT,Pinch hit for in T2
107,,MiLR,6,5,70,LIM,Pinch hit for in B3
1721,,MiLR,6,5,70,LIM,"Fielding Replacement, Replaced in T5"
92,,MiLR,6,6,71,BAC,Pinch hit for in T2
2337,,MiLR,6,6,79,MVS,Fielding Replacement
756,,MiLR,6,6,82,FRG,Pinch hit for in B2
167,,MiLR,6,6,83,POR,Pinch hit for in B3
1718,,MiLR,6,7,90,LMN,Pinch hit for in B1
2340,,MiLR,6,7,91,CWJ,Pinch hit for in B3
1743,,MiLR,6,7,92,PHB,Pinch hit for in B2
2258,,MiLR,6,7,92,PHB,Pinch hit for in B1
497,,MiLR,6,7,97,LIM,Pinch hit for in T3
289,,MiLR,6,8,102,JEF,Pinch hit for in B1
1743,,MiLR,6,8,106,PHB,Pinch hit for in B2
629,,MiLR,6,8,108,CWJ,Pinch hit for in B2
786,,MiLR,6,8,111,PBA,Pinch hit for in B2
716,,MiLR,6,9,125,SUP,Pinch hit for in B2
290,,MiLR,6,10,129,JEF,Pinch hit for in B1
17,,MiLR,6,10,130,CWJ,Pinch hit for in B1
774,,MiLR,6,10,131,LID,Pinch hit for in B3
2232,,MiLR,6,10,135,SUP,Pinch hit for in T3
547,,MiLR,6,10,137,PHB,Pinch hit for in B1
762,,MiLR,6,10,138,TTT,Pinch hit for in B2
2239,John-Rhys Ealy,MiLR,6,11,141,BAC,Pinch hit for in B2
257,,MiLR,6,11,141,CWJ,Pinch hit for in T2
1692,,MiLR,6,11,141,CWJ,Fielding Replacement
125,,MiLR,6,11,143,SGP,Pinch hit for in T2
724,,MiLR,6,11,150,PBA,Pinch hit for in B1
663,,MiLR,6,12,155,JEF,Pinch hit for in B1
417,,MiLR,6,12,164,TAK,Pinch hit for in B2
2222,,MiLR,6,12,167,BBB,Fielding Replacement
2260,,MiLR,6,12,167,BBB,Fielding Replacement
223,,MiLR,6,13,175,SAS,Pinch hit for in T2
1743,,MiLR,6,13,180,PHB,Pinch hit for in B3
256,,MiLR,6,13,181,SUP,Pinch hit for in B1
563,,MiLR,6,14,184,MPD,Fielding Replacement
728,,MiLR,6,14,189,LID,Pinch hit for in B1
2213,,MiLR,6,14,190,MBT,Fielding Replacement
1839,,MiLR,6,14,191,LIM,Pinch hit for in B1
417,,MiLR,6,14,192,TAK,Pinch hit for in B3
724,,MiLR,6,14,193,PBA,Pinch hit for in T2
1841,,MiLR,6,14,193,SUP,Pinch hit for in B1
2274,,MiLR,6,14,195,FRG,Pinch hit for in B2
183,,MiLR,6,14,195,SLT,Fielding Replacement
2240,Dog Nipples,MiLR,7,1,1,SCG,Pinch hit for in T3
2602,Chad Dongers,MiLR,7,1,3,FAP,Pinch hit for in B2
2621,,MiLR,7,1,4,WSW,Pinch hit for in T2
478,,MiLR,7,2,12,WSW,"Fielding Replacement, Pinch hit for in B6"
2335,,MiLR,7,2,13,SSC,Pinch hit for in B1
606,,MiLR,7,3,24,FAP,Fielding Replacement
522,,MiLR,7,4,25,STK,Pinch hit for in B1
2577,,MiLR,7,4,28,FAP,Pinch hit for in B2
2622,,MiLR,7,4,29,WSW,Pinch hit for in B1
2335,,MiLR,7,4,31,SSC,Pinch hit for in B1
42,,MiLR,7,4,32,MMA,Pinch hit for in B1
20,,MiLR,7,5,34,BBB,Pinch hit for in B2
1719,,MiLR,7,5,35,TRI,Pinch hit for in T2
2626,,MiLR,7,5,38,MMA,Fielding Replacement
241,,MiLR,7,5,38,SSJ,Pinch hit for in B2
1946,,MiLR,7,6,46,WSW,Pinch hit for in B2
2207,,MiLR,7,6,46,WSW,Pinch hit for in B1
606,,MiLR,7,6,47,FAP,Fielding Replacement
788,,MiLR,7,6,48,CPR,Fielding Replacement
205,,MiLR,7,7,49,SCG,Pinch hit for in T2
1776,,MiLR,7,7,49,TBL,Pinch hit for in B2
2215,,MiLR,7,7,50,STK,Pinch hit for in T2
2335,,MiLR,7,7,54,FAP,Pinch hit for in T2
2640,,MiLR,7,8,60,SSC,Pinch hit for in T3
2570,,MiLR,7,8,63,SCG,Pinch hit for in T2
1946,,MiLR,7,8,63,WSW,Pinch hit for in B2
2554,,MiLR,7,8,63,WSW,Pinch hit for in B2
401,,MiLR,7,8,64,CPR,Pinch hit for in B1
697,,MiLR,7,8,64,CPR,Pinch hit for in B2
257,,MiLR,7,9,68,BBB,Pinch hit for in T2
335,,MiLR,7,9,72,RRR,Pinch hit for in B2
2555,,MiLR,7,10,78,KNX,Fielding Replacement
2554,,MiLR,7,11,82,WSW,Pinch hit for in T2
149,,MiLR,7,11,83,STK,Fielding Replacement
2327,,MiLR,7,11,88,SSC,Pinch hit for in B1
1743,,MiLR,7,12,92,STK,Pinch hit for in T3
108,,MiLR,7,12,93,KNX,Pinch hit for in T2
71,,MiLR,7,12,94,PBA,Pinch hit for in B2
2389,,MiLR,7,12,94,SSJ,Fielding Replacement
335,,MiLR,7,12,95,RRR,Pinch hit for in B2
596,,MiLR,7,12,96,MMA,Pinch hit for in B1
2232,,MiLR,7,12,96,MMA,Pinch hit for in B1
2362,,MiLR,7,12,96,MMA,Pinch hit for in B1
2456,,MiLR,7,13,98,KNX,Pinch hit for in B1
324,,MiLR,7,13,100,BBB,Pinch hit for in T2
549,,MiLR,7,13,100,SSJ,Pinch hit for in B2
2393,,MiLR,7,13,101,RRR,Pinch hit for in T2
2554,,MiLR,7,13,103,WSW,Pinch hit for in T2
2598,,MiLR,7,14,106,TBL,Pinch hit for in B3
1956,,MiLR,7,14,107,PBA,Pinch hit for in T3
1942,,MiLR,7,14,112,MMA,Pinch hit for in B1
2539,,MiLR,9,2,7,NNL,Pinch hit for in T2
1734,,MiLR,9,4,14,GOP,Pinch hit for in B3
2206,,MiLR,9,7,25,BIR,Pinch hit for in T2
2939,,MiLR,9,7,27,FLB,Pinch hit for in B2
2642,,MiLR,9,8,32,KGB,Pinch hit for in B1
783,,MiLR,9,12,47,BIR,Pinch hit for in T2
2663,,MiLR,9,14,55,KGB,Pinch hit for in B2
2978,,MiLR,10,1,3,GRS,Pinch hit for in B1
1725,,MiLR,10,3,15,SSS,Pinch hit for in T2
367,,MiLR,10,9,42,KRK,Pinch hit for in B2
2760,,MiLR,10,10,46,ACK,Replaced in T2
2795,,MiLR,10,11,51,CRN,Pinch hit for in B1
2661,,MiLR,10,13,62,GRS,Pinch hit for in T2
3061,,MiLR,10,13,63,ZAH,Pinch hit for in B1
2840,,MiLR,11,1,1,LAX,Fielding Replacement
2350,,MiLR,11,1,6,HOT,Fielding Replacement
2882,,MiLR,11,1,6,HOT,"Fielding Replacement, Replaced in T5"
2735,,MiLR,11,1,6,LOB,Fielding Replacement
3095,Tommy Tripleton,MiLR,11,2,10,ROY,Pinch hit for in T3
131,,MiLR,11,5,26,LAX,Pinch hit for in T3
149,,MiLR,11,6,36,PRP,Pinch hit for in B2
2773,,MiLR,11,7,42,SHH,Pinch hit for in B1
131,,MiLR,11,9,50,LAX,Pinch hit for in T2
2504,,MiLR,11,10,55,LAX,Pinch hit for in T2
3101,,MiLR,11,10,58,LOB,Pinch hit for in B1
3116,,MiLR,11,11,62,LAX,Pinch hit for in B2
783,,MiLR,11,11,64,POS,Pinch hit for in B1
2949,,MiLR,11,11,64,ROY,Pinch hit for in T3
3013,,MiLR,11,12,68,IDR,Fielding Replacement
2868,,MiLR,11,13,76,HOT,Pinch hit for in B1
278,,MiLR,11,13,78,SHH,Fielding Replacement
2773,,MiLR,11,13,78,SHH,Fielding Replacement
2878,,MiLR,11,13,78,SHH,Fielding Replacement
3135,,MiLR,11,13,78,SHH,Fielding Replacement
2738,,MiLR,11,14,79,DOG,Fielding Replacement
2949,,MiLR,11,14,81,ROY,Pinch hit for in B1
131,,MiLR,11,15,86,LAX,Pinch hit for in B2
492,,MiLR,12,1,4,SAL,Fielding Replacement
1838,,MiLR,12,6,29,SCR,Pinch hit for in B2
3034,,MiLR,12,6,30,SEF,Pinch hit for in B1
3052,,MiLR,12,7,33,PQD,Fielding Replacement
3206,,MiLR,12,7,33,PQD,Pinch hit for in B1
2523,,MiLR,12,8,38,SAL,Fielding Replacement
2965,,MiLR,12,8,38,SEF,Fielding Replacement
2256,,MiLR,12,10,50,KEG,Fielding Replacement
3182,,MiLR,12,11,54,SAL,Pinch hit for in B1
361,,MiLR,12,11,55,SDV,Pinch hit for in B1
34,,MiLR,12,12,56,SCR,Pinch hit for in T2
2947,,MiLR,12,13,61,KEG,Pinch hit for in T2
3161,,MiLR,12,14,70,SAL,Pinch hit for in T3
1776,,MiLR,8A,2,7,BIS,Fielding Replacement
2236,,MiLR,8A,3,15,GND,Pinch hit for in T2
76,,MiLR,8A,4,24,MMM,Pinch hit for in B1
264,,MiLR,8A,5,30,GND,Pinch hit for in B3
2547,,MiLR,8A,7,40,BIS,Pinch hit for in T3
2539,,MiLR,8A,8,44,CDT,Pinch hit for in B2
2542,,MiLR,8A,8,46,MKW,Pinch hit for in T2
355,,MiLR,8B,4,14,ESP,Pinch hit for in B1
31,,MiLR_Playoff,3,1,1,BER,Pinch hit for in T2
639,,MiLR_Playoff,4,1,2,DDD,Fielding Replacement
205,,MiLR_Playoff,4,1,3,EEE,Pinch hit for in B1
663,,MiLR_Playoff,4,1,3,EEE,Pinch hit for in B1
1794,,MiLR_Playoff,5,1,4,TAC,Pinch hit for in B2
197,,MiLR_Playoff,5,2,6,WWC,Pinch hit for in B2
553,Alexander Hamilton II,MiLR_Playoff,6,2,6,BAC,Pinch hit for in B1
2274,Macho Man,MiLR_Playoff,6,2,8,FRG,Pinch hit for in B3
1832,Videl Valor,MiLR_Playoff,7,1,1,STK,Pinch hit for in B2
2655,Rubba,MiLR_Playoff,7,1,3,FAP,Pinch hit for in B1
1832,,MiLR_Playoff,7,2,5,STK,Pinch hit for in T2
2356,,MiLR_Playoff,7,3,10,FAP,Pinch hit for in T2
3129,,MiLR_Playoff,11,1,1,IDR,Pinch hit for in T2
3103,,MiLR_Playoff,11,1,2,DOG,Pinch Runner
2499,,MiLR_Playoff,8B,1,2,NUT,Fielding Replacement
3477,Achme Ineye,MLR,1,3,13,DET,Pinch hit for in B1
3281,,MLR,1,3,14,ARI,Fielding Replacement
3277,,MLR,1,4,22,MIN,Pinch hit for in B1
429,,MLR,1,4,22,OAK,Pinch hit for in T2
3292,,MLR,1,6,34,HOU,Pinch hit for in B3
2032,,MLR,1,7,38,HOU,Pinch hit for in B2
105,,MLR,2,1,5,SFG,Pinch hit for in B2
3492,Vincent Adultman,MLR,2,2,14,BOS,Pinch hit for in T2
369,,MLR,2,3,23,TB,Fielding Replacement
389,,MLR,2,3,23,TB,Fielding Replacement
2038,,MLR,2,3,23,TB,Fielding Replacement
2039,,MLR,2,4,34,CLE,Pinch hit for in B1
2181,,MLR,2,6,62,SDP,Pinch hit for in B1
720,,MLR,2,6,65,PHI,Pinch hit for in T2
2108,,MLR,2,7,67,HOU,Fielding Replacement
2039,,MLR,2,8,84,TB,Pinch hit for in T3
2200,,MLR,2,8,87,BOS,Fielding Replacement
2465,,MLR,2,9,95,SEA,Pinch hit for in B1
232,,MLR,2,9,96,MTL,Fielding Replacement
2042,,MLR,2,10,102,STL,Pinch hit for in B2
2143,,MLR,2,10,107,SEA,Pinch hit for in T2
416,,MLR,2,10,108,TEX,Fielding Replacement
246,,MLR,2,11,112,SDP,Schism ended game before PA
1995,,MLR,2,11,112,SDP,Schism ended game before PA
1696,,MLR,2,11,115,SFG,Pinch hit for in B2
2057,,MLR,2,11,119,LAD,Pinch hit for in B3
2465,,MLR,2,11,121,SEA,Pinch hit for in B2
364,,MLR,2,12,122,TB,Fielding Replacement
276,,MLR,2,12,124,MIL,Pinch hit for in B2
404,,MLR,2,12,129,ARI,Fielding Replacement
8,,MLR,2,13,132,ARI,Fielding Replacement
133,,MLR,2,13,132,ARI,Fielding Replacement
2144,,MLR,2,13,132,SEA,Fielding Replacement
104,,MLR,2,13,135,DET,Fielding Replacement
2115,Deezy White,MLR,2,13,137,HOU,"Fielding Replacement, Pinch hit for in B5"
369,,MLR,2,14,145,TB,Fielding Replacement
101,,MLR,2,14,149,CLE,Pinch hit for in B2
241,,MLR,2,16,163,BOS,Fielding Replacement
290,,MLR,2,17,174,PHI,Fielding Replacement
106,,MLR,2,17,177,DET,Pinch hit for in T2
1999,,MLR,2,17,178,LAD,Fielding Replacement
106,,MLR,2,18,184,DET,Fielding Replacement
278,,MLR,2,18,184,TB,Pinch Runner
2038,,MLR,2,18,185,PHI,Pinch hit for in B3
432,Rumple Foreskin,MLR,3,1,4,LAA,Pinch hit for in B2
441,,MLR,3,1,8,LAD,Pinch hit for in B1
363,,MLR,3,1,10,STL,Fielding Replacement
400,,MLR,3,1,11,TOR,Pinch hit for in B3
434,,MLR,3,2,23,ARI,Pinch hit for in B1
407,,MLR,3,3,25,CLE,Replaced in B2
460,,MLR,3,3,27,SDP,Pinch hit for in T2
429,,MLR,3,3,28,ARI,Pinch hit for in B2
433,,MLR,3,3,30,MIA,Pinch hit for in T3
62,,MLR,3,4,38,CHC,Fielding Replacement
18,,MLR,3,4,46,BOS,Fielding Replacement
115,,MLR,3,4,46,PHI,Traded in T1
454,,MLR,3,4,46,PHI,Pinch hit for in B3
434,,MLR,3,4,47,ARI,Pinch hit for in T2
457,,MLR,3,4,47,ARI,"Fielding Replacement, Pinch hit for in T5"
435,,MLR,3,5,50,ARI,Fielding Replacement
77,,MLR,3,5,56,COL,"Fielding Replacement, Run Scored"
430,,MLR,3,5,57,HOU,Pinch hit for in B2
465,Robert Callahan,MLR,3,6,65,HOU,Pinch hit for in T3
300,,MLR,3,6,71,PHI,Fielding Replacement
230,,MLR,3,7,77,MTL,Pinch hit for in T3
443,,MLR,3,7,78,PIT,Pinch hit for in B2
435,,MLR,3,7,82,ARI,Pinch hit for in T3
35,,MLR,3,7,82,BOS,Pinch hit for in B2
465,,MLR,3,8,88,TOR,Pinch hit for in B2
16,,MLR,3,8,93,ARI,Fielding Replacement
362,,MLR,3,8,94,STL,Pinch hit for in T2
287,,MLR,3,8,95,PHI,Fielding Replacement
728,Jeremy Strong,MLR,3,8,95,PHI,Pinch hit for in B1
123,,MLR,3,9,101,HOU,Pinch hit for in T3
171,,MLR,3,9,102,LAD,Pinch hit for in B2
441,,MLR,3,9,102,LAD,Pinch hit for in B1
263,,MLR,3,10,112,NYY,Pinch hit for in B2
85,,MLR,3,10,113,COL,Fielding Replacement
317,,MLR,3,10,113,PIT,Pinch hit for in T3
49,,MLR,3,10,114,CLE,Pinch hit for in T2
230,,MLR,3,10,119,MTL,Pinch hit for in B2
441,,MLR,3,11,123,LAD,Pinch hit for in B2
87,,MLR,3,11,132,COL,Fielding Replacement
79,,MLR,3,12,139,COL,Pinch hit for in T2
411,,MLR,3,12,139,TEX,Fielding Replacement
264,,MLR,3,12,142,NYY,Pinch hit for in B2
294,,MLR,3,12,144,NYM,Fielding Replacement
293,,MLR,3,13,148,PHI,Fielding Replacement
423,,MLR,3,14,157,TEX,Pinch hit for in T2
44,,MLR,3,14,166,CLE,Pinch hit for in T2
57,,MLR,3,14,168,CHC,Fielding Replacement
384,,MLR,3,15,169,TBD,Pinch hit for in T2
196,,MLR,3,15,175,MIA,Fielding Replacement
208,,MLR,3,15,177,MIL,Fielding Replacement
85,,MLR,3,15,178,COL,Fielding Replacement
390,,MLR,3,16,181,TOR,Fielding Replacement
385,,MLR,4,1,2,TBD,Pinch hit for in B2
167,,MLR,4,1,13,COL,Pinch hit for in B2
350,,MLR,4,1,14,SFG,Pinch hit for in B2
179,,MLR,4,1,15,LAD,Pinch hit for in B1
700,,MLR,4,2,16,DET,Fielding Replacement
510,,MLR,4,2,16,NYY,Pinch hit for in T2
98,,MLR,4,2,18,BOS,Pinch hit for in B3
333,Benjamin Baeurkemper,MLR,4,2,20,SDP,Pinch hit for in B1
505,Poopio Cartez,MLR,4,2,20,SDP,Pinch hit for in B2
155,,MLR,4,2,25,CHC,Pinch hit for in B2
295,,MLR,4,2,26,PHI,Pinch hit for in T2
11,,MLR,4,2,27,ARI,Pinch hit for in T3
390,,MLR,4,2,27,MTL,Fielding Replacement
214,,MLR,4,3,31,NYY,Fielding Replacement
531,,MLR,4,3,31,NYY,Pinch hit for in B3
630,,MLR,4,3,32,TOR,Pinch hit for in B1
385,,MLR,4,3,33,TBD,Pinch hit for in T2
515,,MLR,4,3,35,SEA,Fielding Replacement
17,,MLR,4,3,37,ARI,Fielding Replacement
170,,MLR,4,3,39,LAD,Pinch hit for in T2
171,,MLR,4,3,39,LAD,Pinch hit for in T2
511,Miles Huh,MLR,4,3,44,CHC,Fielding Replacement
680,,MLR,4,4,46,STL,Pinch hit for in T2
630,,MLR,4,4,47,TOR,Pinch hit for in T2
228,,MLR,4,4,53,ATL,Pinch hit for in T3
214,,MLR,4,4,57,MTL,Fielding Replacement
35,,MLR,4,4,58,ARI,Pinch hit for in B2
96,,MLR,4,5,62,DET,Pinch hit for in B3
326,,MLR,4,5,64,TBD,Pinch hit for in B1
593,,MLR,4,5,67,SEA,Pinch hit for in B2
390,,MLR,4,5,70,MTL,Fielding Replacement
531,,MLR,4,5,70,MTL,Fielding Replacement
146,,MLR,4,5,71,NYM,Fielding Replacement
511,,MLR,4,5,73,CHC,Fielding Replacement
47,,MLR,4,5,73,CIN,Pinch hit for in B1
564,,MLR,4,6,76,CWS,"Pinch Runner, Run Scored"
686,,MLR,4,6,79,TBD,Pinch hit for in T3
194,,MLR,4,6,86,MIA,Fielding Replacement
390,,MLR,4,6,86,MTL,Fielding Replacement
502,,MLR,4,6,90,SDP,Fielding Replacement
405,,MLR,4,7,91,TOR,Pinch hit for in B1
486,,MLR,4,7,96,MIN,Fielding Replacement
370,,MLR,4,7,100,STL,Pinch hit for in B1
68,,MLR,4,7,103,CHC,Fielding Replacement
139,,MLR,4,8,109,KCR,Pinch hit for in T2
269,,MLR,4,8,112,OAK,Pinch hit for in T2
534,,MLR,4,8,117,CHC,Pinch hit for in T2
479,,MLR,4,9,122,SFG,Pinch hit for in B2
139,,MLR,4,9,125,KCR,Pinch hit for in B3
620,,MLR,4,9,134,COL,Pinch hit for in B2
334,,MLR,4,9,135,SDP,Pinch hit for in B2
587,,MLR,4,10,141,CLE,Fielding Replacement
735,,MLR,4,10,141,CLE,Pinch hit for in T2
498,,MLR,4,10,142,MIN,Fielding Replacement
11,,MLR,4,10,143,TEX,Pinch hit for in T2
697,,MLR,4,10,145,MTL,Fielding Replacement
296,,MLR,4,10,145,PHI,Pinch hit for in T3
184,,MLR,4,10,146,MIA,Fielding Replacement
32,,MLR,4,11,151,BAL,Fielding Replacement
553,,MLR,4,11,151,NYY,Fielding Replacement
139,,MLR,4,11,153,KCR,Pinch hit for in B2
159,,MLR,4,11,162,CIN,Pinch hit for in B1
193,,MLR,4,12,166,NYY,Fielding Replacement
663,,MLR,4,13,184,BAL,Pinch hit for in T3
631,,MLR,4,13,186,CLE,Pinch hit for in B2
113,,MLR,4,13,186,MIN,Pinch hit for in T2
479,,MLR,4,13,189,SFG,Pinch hit for in T3
68,,MLR,4,13,193,CHC,Pinch hit for in B2
244,,MLR,4,13,193,CIN,Pinch hit for in T3
316,,MLR,4,13,194,MIL,Pinch hit for in B2
248,,MLR,4,13,194,NYM,Fielding Replacement
410,Victor Justice,MLR,4,14,197,TOR,Pinch hit for in B2
16,,MLR,4,14,198,MIN,Fielding Replacement
631,,MLR,4,14,199,CLE,Pinch hit for in B2
608,,MLR,4,14,200,CWS,Fielding Replacement
222,,MLR,4,14,204,ATL,Fielding Replacement
523,,MLR,4,14,207,SFG,Pinch hit for in B2
202,,MLR,4,14,208,MIL,Fielding Replacement
178,,MLR,4,14,209,LAD,Fielding Replacement
218,,MLR,4,15,217,ATL,Fielding Replacement
79,,MLR,4,15,217,MTL,Pinch hit for in B3
187,,MLR,4,15,218,MIL,Fielding Replacement
577,,MLR,4,15,218,PHI,Fielding Replacement
410,,MLR,4,16,227,TOR,Pinch hit for in B1
156,,MLR,4,16,234,LAA,Pinch hit for in T2
292,,MLR,4,16,238,CHC,Fielding Replacement
256,,MLR,5,1,1,NYY,Pinch hit for in T2
814,,MLR,5,1,1,NYY,Fielding Replacement
669,,MLR,5,1,10,PHI,Pinch Runner
1712,,MLR,5,2,19,TOR,Pinch hit for in T3
564,,MLR,5,2,20,CLE,Pinch hit for in T2
104,,MLR,5,2,21,DET,Fielding Replacement
1736,,MLR,5,2,22,STL,Pinch hit for in B1
185,,MLR,5,2,23,OAK,Fielding Replacement
644,,MLR,5,2,25,MTL,Pinch hit for in B2
1762,,MLR,5,2,27,ATL,Pinch hit for in T2
644,,MLR,5,3,40,MTL,Fielding Replacement
334,,MLR,5,3,40,NYM,Fielding Replacement
155,,MLR,5,3,42,CHC,Pinch hit for in T2
1812,,MLR,5,3,45,ARI,Fielding Replacement
170,,MLR,5,3,45,LAD,Fielding Replacement
1959,,MLR,5,4,53,ARI,Pinch hit for in B1
746,,MLR,5,4,56,SDP,Pinch hit for in B2
1817,,MLR,5,4,58,ATL,Fielding Replacement
620,,MLR,5,5,70,COL,Pinch hit for in T2
1815,,MLR,5,5,73,MIL,Fielding Replacement
1755,,MLR,5,5,73,PIT,Fielding Replacement
244,,MLR,5,5,74,STL,Pinch hit for in B3
213,,MLR,5,6,76,BAL,Fielding Replacement
2244,,MLR,5,6,80,CWS,Pinch hit for in T2
520,,MLR,5,6,81,HOU,Fielding Replacement
423,,MLR,5,6,82,TEX,Pinch hit for in T2
559,,MLR,5,7,91,NYY,Fielding Replacement
783,,MLR,5,7,91,NYY,Pinch hit for in B2
186,,MLR,5,7,96,SEA,Fielding Replacement
63,,MLR,5,7,99,CHC,Fielding Replacement
192,,MLR,5,7,99,MIA,Fielding Replacement
273,,MLR,5,7,100,ARI,Pinch hit for in B2
307,,MLR,5,7,103,PIT,Fielding Replacement
244,,MLR,5,7,103,STL,Fielding Replacement
204,,MLR,5,7,105,LAD,Fielding Replacement
314,,MLR,5,8,108,PIT,Pinch hit for in T3
357,,MLR,5,8,109,STL,Pinch hit for in T2
209,,MLR,5,8,111,SFG,Replaced in B1
363,,MLR,5,8,113,CWS,Pinch hit for in B2
236,,MLR,5,8,117,NYM,Fielding Replacement
178,,MLR,5,9,121,CWS,Fielding Replacement
1715,,MLR,5,9,121,CWS,Pinch hit for in B2
2236,,MLR,5,9,122,BAL,Pinch hit for in T2
520,,MLR,5,9,125,HOU,Fielding Replacement
663,,MLR,5,9,127,DET,Pinch hit for in T2
546,,MLR,5,10,142,DET,Fielding Replacement
244,,MLR,5,10,148,STL,Pinch hit for in T2
1778,,MLR,5,11,151,NYY,Fielding Replacement
146,,MLR,5,11,158,OAK,Fielding Replacement
731,,MLR,5,11,159,ATL,Fielding Replacement
236,,MLR,5,11,160,NYM,Pinch hit for in T2
131,,MLR,5,12,166,NYY,Fielding Replacement
33,,MLR,5,12,172,MIN,Pinch hit for in B2
756,,MLR,5,12,172,MIN,Fielding Replacement
79,,MLR,5,12,176,STL,Pinch hit for in B1
216,,MLR,5,12,177,ATL,Pinch hit for in B2
256,,MLR,5,13,181,NYY,Pinch hit for in T2
439,,MLR,5,14,197,TBR,Pinch hit for in T2
266,,MLR,5,14,202,LAA,Pinch hit for in B1
774,,MLR,5,14,210,SDP,"Fielding Replacement, Pinch hit for in B7"
203,,MLR,5,15,213,TBR,Fielding Replacement
1787,,MLR,5,15,222,MIL,Fielding Replacement
379,,MLR,5,16,228,TBR,Pinch hit for in B1
382,,MLR,5,16,228,TBR,Pinch hit for in B2
716,,MLR,5,16,232,LAA,Fielding Replacement
1960,,MLR,5,16,237,PIT,Fielding Replacement
324,,MLR,5,16,240,SDP,Fielding Replacement
663,,MLR,6,1,6,LAA,Pinch hit for in T2
205,,MLR,6,1,14,STL,Pinch hit for in T2
743,,MLR,6,2,19,ARI,Pinch hit for in B1
2262,,MLR,6,2,21,TBR,Pinch hit for in B1
271,,MLR,6,2,30,OAK,Pinch hit for in B2
683,,MLR,6,3,31,NYM,Pinch hit for in B3
159,,MLR,6,3,33,CIN,Fielding Replacement
223,,MLR,6,3,34,COL,Pinch hit for in T3
144,,MLR,6,3,41,CLE,Pinch hit for in T2
271,,MLR,6,3,42,OAK,Pinch hit for in B1
150,,MLR,6,3,44,SDP,Pinch hit for in T3
700,,MLR,6,3,44,SDP,Fielding Replacement
756,,MLR,6,4,56,MIN,Pinch hit for in B2
2385,,MLR,6,4,57,SEA,Pinch hit for in B2
1784,,MLR,6,4,58,STL,Pinch hit for in B1
205,,MLR,6,5,62,STL,Pinch hit for in B2
1810,,MLR,6,5,64,COL,Pinch hit for in T3
24,,MLR,6,5,65,BOS,Pinch hit for in B2
144,,MLR,6,5,70,CLE,Pinch hit for in B2
2357,,MLR,6,5,73,CIN,Pinch hit for in B1
255,,MLR,6,6,87,ARI,"Fielding Replacement, Pinch hit for in B6"
2464,,MLR,6,6,87,ARI,Pinch hit for in B2
401,,MLR,6,6,87,MTL,Pinch hit for in T2
2333,,MLR,6,6,89,ATL,Pinch hit for in B1
324,,MLR,6,6,90,SDP,Fielding Replacement
774,,MLR,6,6,90,SDP,Fielding Replacement
186,,MLR,6,7,92,ATL,Fielding Replacement
18,,MLR,6,7,97,BOS,Fielding Replacement
129,,MLR,6,7,98,KCR,Fielding Replacement
711,,MLR,6,7,103,MTL,Pinch hit for in B2
82,,MLR,6,8,117,COL,Pinch hit for in B1
2364,,MLR,6,9,123,SDP,Fielding Replacement
762,,MLR,6,9,124,BAL,Fielding Replacement
2368,,MLR,6,9,131,MIL,Fielding Replacement
39,,MLR,6,10,137,MIA,Pinch hit for in B1
1717,,MLR,6,10,139,CHC,Pinch hit for in B1
700,,MLR,6,10,141,SDP,Pinch hit for in B3
1800,,MLR,6,11,153,COL,Pinch hit for in B2
607,,MLR,6,11,163,MIL,Pinch hit for in B2
728,,MLR,6,11,164,SDP,Pinch hit for in T3
1959,,MLR,6,12,170,SFG,Pinch hit for in B3
113,,MLR,6,12,174,HOU,Pinch hit for in T2
2274,,MLR,6,12,176,MIN,Pinch hit for in B1
226,,MLR,6,13,182,PHI,Pinch hit for in B1
1964,,MLR,6,13,182,PHI,Pinch hit for in B2
1824,,MLR,6,13,186,DET,Pinch hit for in B2
421,,MLR,6,13,187,CLE,Fielding Replacement
256,,MLR,6,13,191,TEX,Fielding Replacement
1960,,MLR,6,13,192,PIT,Pinch hit for in T2
1720,,MLR,6,13,194,MIL,Pinch hit for in B1
510,,MLR,6,14,200,NYY,Pinch hit for in B2
557,,MLR,6,14,209,STL,Fielding Replacement
657,,MLR,6,15,212,STL,Pinch hit for in B1
640,,MLR,6,15,216,CWS,Pinch hit for in B3
401,,MLR,6,16,226,MTL,Fielding Replacement
2350,,MLR,6,16,226,MTL,Fielding Replacement
728,,MLR,6,16,229,SDP,Fielding Replacement
1763,,MLR,6,16,230,TBR,Pinch hit for in T2
116,,MLR,6,16,238,MIA,Pinch hit for in B1
178,,MLR,7,1,8,CWS,Fielding Replacement
686,,MLR,7,1,11,ATL,Pinch hit for in B2
510,Ray Dingerz,MLR,7,1,14,NYY,Pinch hit for in T3
170,,MLR,7,2,17,LAD,Pinch hit for in B3
295,,MLR,7,2,17,LAD,Pinch hit for in B1
720,,MLR,7,2,19,ATL,Pinch hit for in T2
1809,,MLR,7,2,21,MIL,Pinch hit for in T3
778,,MLR,7,2,27,ARI,Pinch hit for in B2
42,Viking Fishbird,MLR,7,2,29,TEX,Pinch hit for in B2
2578,,MLR,7,2,30,DET,Pinch hit for in B2
1946,,MLR,7,3,37,LAD,Pinch hit for in T3
73,,MLR,7,3,43,COL,Fielding Replacement
2550,,MLR,7,4,49,BAL,Fielding Replacement
213,,MLR,7,4,51,BOS,Pinch hit for in T2
190,,MLR,7,4,53,MIA,Fielding Replacement
340,,MLR,7,4,55,LAD,Pinch hit for in B2
1956,,MLR,7,5,64,TOR,Pinch hit for in B2
784,,MLR,7,5,69,CWS,Pinch hit for in T3
2335,MELTZ Slander,MLR,7,5,72,SEA,Pinch hit for in T2
1960,,MLR,7,5,74,PIT,Pinch hit for in B2
335,,MLR,7,5,75,CIN,Fielding Replacement
2561,,MLR,7,5,75,STL,Pinch hit for in T2
17,,MLR,7,6,76,CIN,Fielding Replacement
314,,MLR,7,6,82,PIT,Pinch hit for in T3
1748,,MLR,7,6,83,LAA,Pinch hit for in T2
1745,,MLR,7,6,86,TOR,Fielding Replacement
329,,MLR,7,6,88,SDP,Pinch hit for in B3
190,,MLR,7,6,90,MIA,Pinch hit for in B2
1811,,MLR,7,7,99,OAK,Pinch hit for in B2
2554,,MLR,7,7,102,LAD,Pinch hit for in T2
620,,MLR,7,7,104,COL,Pinch hit for in B3
711,,MLR,7,7,105,MTL,Pinch hit for in B3
740,,MLR,7,7,105,MTL,Fielding Replacement
411,,MLR,7,8,106,CLE,Pinch hit for in B1
2622,,MLR,7,8,107,LAD,Pinch hit for in T2
379,,MLR,7,8,119,BAL,Pinch hit for in B2
501,,MLR,7,9,132,HOU,Pinch hit for in B1
620,,MLR,7,9,134,COL,Pinch hit for in B2
502,,MLR,7,10,138,ATL,Pinch hit for in T2
2598,,MLR,7,10,139,KCR,Pinch hit for in B2
2213,,MLR,7,10,147,STL,Pinch hit for in B1
2643,,MLR,7,10,148,CWS,Pinch hit for in T3
2531,,MLR,7,11,151,DET,Pinch hit for in B2
1813,,MLR,7,11,156,ATL,Pinch hit for in T2
665,,MLR,7,11,157,MIA,Pinch hit for in T2
1699,,MLR,7,11,159,OAK,Pinch hit for in T2
2651,,MLR,7,13,183,TEX,Fielding Replacement
2598,,MLR,7,13,189,KCR,Pinch hit for in T2
502,,MLR,7,13,190,ATL,Fielding Replacement
314,,MLR,7,13,195,PIT,Pinch hit for in B2
2229,,MLR,7,14,197,MIN,Pinch hit for in T2
186,,MLR,7,14,199,ATL,Pinch hit for in B3
2240,,MLR,7,14,200,CLE,Pinch hit for in B2
2606,,MLR,7,14,201,ARI,Fielding Replacement
516,,MLR,7,14,201,MIL,Pinch Runner
184,,MLR,7,15,217,MIA,Pinch hit for in B2
2455,,MLR,7,15,218,SFG,Pinch hit for in B2
582,,MLR,7,16,226,MIN,Fielding Replacement
82,,MLR,7,16,228,COL,Pinch hit for in B1
350,,MLR,7,16,230,CIN,Pinch hit for in B2
2649,,MLR,7,16,231,ARI,Pinch Runner
640,,MLR,7,16,234,MTL,Pinch hit for in B2
2337,,MLR,7,16,234,MTL,Pinch hit for in B2
2626,,MLR,7,16,240,NYM,Pinch hit for in T2
264,,MLR,7,16,240,PHI,Pinch hit for in B1
357,,MLR,8,1,4,STL,Pinch hit for in B1
2733,Deebo Rodriguez,MLR,8,2,21,LAD,Pinch hit for in T2
2746,,MLR,8,2,23,MIN,Pinch hit for in B2
2379,,MLR,8,2,25,CLE,Pinch hit for in T3
2342,,MLR,8,2,25,KCR,Fielding Replacement
623,,MLR,8,3,31,ATL,Pinch hit for in T2
2799,,MLR,8,3,31,PHI,Pinch hit for in B2
2713,,MLR,8,3,36,DET,Fielding Replacement
740,,MLR,8,3,39,MTL,Replaced in T2
596,,MLR,8,3,39,NYM,Pinch hit for in T2
170,,MLR,8,3,45,LAD,Pinch hit for in B3
41,,MLR,8,4,48,CIN,Pinch hit for in T3
329,,MLR,8,4,54,SDP,Pinch hit for in B2
204,,MLR,8,5,61,LAD,Pinch hit for in T2
2742,,MLR,8,5,66,TBR,Pinch hit for in T3
203,,MLR,8,5,67,SDP,Pinch hit for in T2
2740,,MLR,8,5,68,DET,Pinch hit for in B2
2662,,MLR,8,5,68,SEA,Pinch hit for in T2
557,,MLR,8,5,74,STL,Fielding Replacement
24,,MLR,8,6,78,BOS,Fielding Replacement
411,,MLR,8,6,79,CLE,Pinch hit for in T2
596,,MLR,8,7,91,NYM,Pinch hit for in T3
2240,,MLR,8,7,93,CLE,Pinch hit for in B3
1825,,MLR,8,8,108,BOS,Pinch hit for in B2
2591,,MLR,8,9,126,NYY,Pinch hit for in B3
2493,,MLR,8,9,127,PHI,Pinch hit for in B1
2799,,MLR,8,9,127,PHI,Pinch hit for in B1
2808,,MLR,8,9,134,BAL,Pinch hit for in T2
354,,MLR,8,10,137,TOR,Pinch hit for in B2
411,,MLR,8,10,140,CLE,Pinch hit for in T2
2789,,MLR,8,10,145,MIA,Pinch hit for in B1
2344,,MLR,8,10,147,STL,Pinch hit for in T2
314,,MLR,8,10,148,PIT,Pinch hit for in T3
2625,,MLR,8,10,150,LAD,Fielding Replacement
10,,MLR,8,11,152,ATL,Pinch hit for in B1
2622,,MLR,8,11,154,LAD,Pinch hit for in T2
607,,MLR,8,11,155,DET,Pinch hit for in B2
2230,,MLR,8,11,163,CIN,Fielding Replacement
1839,,MLR,8,11,165,SFG,Pinch hit for in T2
1825,,MLR,8,12,166,BOS,Pinch hit for in T2
378,,MLR,8,12,166,CWS,Pinch hit for in B1
2236,,MLR,8,12,167,TBR,Pinch hit for in T2
20,,MLR,8,12,171,CLE,Pinch hit for in B2
2486,,MLR,8,12,176,ATL,Pinch hit for in B2
2612,,MLR,8,13,186,CLE,Pinch hit for in T2
600,,MLR,8,13,190,SFG,Pinch hit for in B2
161,,MLR,8,13,194,SDP,Pinch hit for in B1
2251,,MLR,8,14,209,SDP,Pinch hit for in T2
1732,,MLR,8,15,211,BAL,Pinch Runner
2340,,MLR,8,15,223,CIN,Pinch hit for in B1
122,,MLR,8,16,232,HOU,Pinch hit for in B1
48,,MLR,9,1,6,SFG,Pinch hit for in B1
2910,,MLR,9,1,6,SFG,Fielding Replacement
2262,,MLR,9,1,10,TBR,Pinch hit for in B1
1715,,MLR,9,1,11,CWS,Pinch hit for in T2
396,,MLR,9,1,14,TOR,Pinch hit for in B3
2745,Nicholas van leer,MLR,9,2,17,MIA,Pinch hit for in B2
308,,MLR,9,2,18,PIT,Pinch hit for in B1
2884,,MLR,9,2,19,CHC,Pinch hit for in B2
2598,,MLR,9,3,42,KCR,Pinch hit for in T2
620,,MLR,9,4,47,COL,Fielding Replacement
2340,,MLR,9,4,50,CIN,Pinch hit for in T2
2861,,MLR,9,4,50,MIA,Pinch hit for in B2
723,,MLR,9,4,55,BAL,Fielding Replacement
2598,,MLR,9,4,59,KCR,Pinch hit for in B2
2851,,MLR,9,5,70,TBR,Pinch hit for in T2
2729,,MLR,9,5,72,MIN,Pinch hit for in B1
2704,,MLR,9,5,73,TOR,Pinch hit for in B2
2840,,MLR,9,6,76,NYM,Pinch hit for in B1
168,,MLR,9,6,84,LAD,Pinch hit for in B2
340,,MLR,9,6,84,LAD,Pinch hit for in B3
2539,,MLR,9,6,87,DET,Pinch hit for in B1
2206,,MLR,9,7,91,ATL,Fielding Replacement
415,,MLR,9,7,92,ARI,Pinch hit for in B2
2496,,MLR,9,7,100,KCR,Fielding Replacement
2846,,MLR,9,8,112,COL,Pinch hit for in T2
2850,,MLR,9,8,115,BAL,Pinch hit for in T2
2914,,MLR,9,8,119,TEX,Pinch hit for in B2
1839,,MLR,9,9,128,SFG,Pinch hit for in B2
415,,MLR,9,10,143,ARI,Pinch hit for in T2
278,,MLR,9,10,147,ANA,Pinch hit for in B3
2496,,MLR,9,10,148,KCR,Pinch hit for in B1
119,,MLR,9,10,149,HOU,Pinch hit for in T2
1723,,MLR,9,11,152,ATL,Fielding Replacement
2972,,MLR,9,11,164,TEX,Pinch hit for in B2
782,,MLR,9,12,166,NYM,Pinch hit for in T2
2245,,MLR,9,12,174,TBR,Pinch hit for in B2
2857,,MLR,9,13,182,PHI,Pinch hit for in T3
161,,MLR,9,13,184,SDP,Pinch hit for in B1
2530,,MLR,9,13,186,CHC,Pinch hit for in B1
2539,,MLR,9,13,191,DET,Pinch hit for in T2
2598,,MLR,9,13,192,KCR,Pinch hit for in T2
41,,MLR,9,14,198,CIN,Fielding Replacement
22,,MLR,9,14,202,SFG,Pinch hit for in T2
2362,,MLR,9,14,210,TEX,Pinch hit for in T2
2835,,MLR,9,16,228,NYM,Fielding Replacement
1813,,MLR,9,16,229,ATL,Pinch hit for in B2
2812,,MLR,9,16,232,SEA,Pinch hit for in B3
2949,,MLR,9,16,240,TEX,Fielding Replacement
48,,MLR,10,1,2,SFG,Pinch hit for in T2
2889,,MLR,10,1,15,TBR,Pinch hit for in B1
186,,MLR,10,2,17,ATL,Pinch hit for in B3
367,,MLR,10,2,24,HOU,Pinch hit for in T3
2969,,MLR,10,2,27,SFG,Pinch Runner
2683,,MLR,10,2,28,NYM,"Pinch Runner, Run Scored"
3042,,MLR,10,2,29,NYY,Pinch hit for in T2
2960,,MLR,10,3,34,DET,Fielding Replacement
620,,MLR,10,3,36,COL,Pinch hit for in T3
170,,MLR,10,3,36,LAD,Pinch hit for in B3
2833,,MLR,10,3,42,STL,Fielding Replacement
2910,,MLR,10,3,44,SFG,Pinch hit for in B1
2546,,MLR,10,4,50,HOU,Pinch hit for in B2
2967,,MLR,10,4,51,MTL,Fielding Replacement
2573,,MLR,10,4,55,BOS,Pinch hit for in T3
2486,,MLR,10,5,61,ATL,Pinch hit for in B2
367,,MLR,10,5,68,HOU,Pinch hit for in B2
401,,MLR,10,5,73,ARI,Pinch hit for in T2
2661,,MLR,10,6,86,SEA,Pinch hit for in T3
2774,,MLR,10,6,87,SDP,Pinch hit for in B3
3007,,MLR,10,7,98,STL,Pinch hit for in T2
2834,,MLR,10,7,99,TEX,Pinch hit for in T2
2662,,MLR,10,7,103,SEA,Pinch hit for in B3
2598,,MLR,10,8,113,KCR,Pinch hit for in B3
2490,,MLR,10,8,116,OAK,Pinch hit for in B3
2662,,MLR,10,10,136,SEA,Pinch hit for in T3
109,,MLR,10,10,137,HOU,Pinch hit for in T2
2729,,MLR,10,10,141,MIN,Pinch hit for in B2
1,,MLR,10,11,154,STL,Pinch hit for in T2
1738,,MLR,10,12,166,ANA,Pinch hit for in B2
82,,MLR,10,12,170,COL,Pinch hit for in B1
2520,,MLR,10,12,172,MIA,Pinch hit for in B1
2953,,MLR,10,12,180,BAL,Pinch hit for in T2
2933,,MLR,10,13,185,BOS,Pinch hit for in T2
2747,,MLR,10,14,203,NYM,Pinch hit for in B2
728,,MLR,10,14,207,SDP,Pinch hit for in B2
3011,,MLR,10,14,209,HOU,Pinch hit for in T2
2943,,MLR,10,15,224,DET,Pinch hit for in T2
562,,MLR,10,16,230,MIN,Fielding Replacement
620,,MLR,10,16,231,COL,Pinch hit for in B3
355,,MLR,10,16,235,MTL,Pinch hit for in B3
226,,MLR,11,1,13,PHI,Fielding Replacement
3065,,MLR,11,2,16,ARI,Pinch hit for in B3
3095,Tommy Tripleton,MLR,11,2,17,ATL,Pinch hit for in B1
3132,,MLR,11,2,23,HOU,Pinch hit for in B2
331,,MLR,11,2,29,SDP,Fielding Replacement
2910,,MLR,11,2,29,SFG,Pinch hit for in B2
2486,,MLR,11,3,31,ATL,Pinch hit for in B2
3151,,MLR,11,3,31,ATL,Pinch hit for in B1
675,,MLR,11,3,42,SFG,Pinch hit for in B3
3104,,MLR,11,5,63,BOS,Pinch hit for in B2
1813,,MLR,11,5,70,CWS,Pinch hit for in T3
2646,,MLR,11,5,71,PHI,Fielding Replacement
2642,,MLR,11,6,77,ATL,Pinch hit for in B1
396,,MLR,11,6,84,TOR,Fielding Replacement
2987,,MLR,11,6,90,CHC,Pinch hit for in T2
2933,,MLR,11,7,93,BOS,Pinch Runner
2212,,MLR,11,7,97,FLA,Pinch hit for in B1
2970,,MLR,11,7,100,MIL,Pinch hit for in B1
2847,,MLR,11,8,109,LAD,Pinch hit for in T2
2344,,MLR,11,8,110,CWS,Pinch hit for in B1
191,,MLR,11,8,111,COL,Pinch hit for in T2
2852,,MLR,11,8,111,DET,Pinch hit for in B1
1719,,MLR,11,9,127,HOU,Pinch hit for in B1
2949,,MLR,11,11,157,SEA,Pinch hit for in T2
2870,,MLR,11,11,159,MIL,Pinch hit for in B1
3079,,MLR,11,12,167,BOS,Pinch hit for in B1
131,,MLR,11,12,175,MIN,Pinch hit for in B2
2532,,MLR,11,12,178,PIT,Pinch hit for in B2
3169,,MLR,11,13,183,BAL,Pinch hit for in B2
293,,MLR,11,13,191,PHI,Fielding Replacement
596,,MLR,11,14,196,BAL,Pinch hit for in T2
355,,MLR,11,14,198,DET,Pinch hit for in B1
131,,MLR,11,14,200,MIN,Pinch hit for in T3
233,,MLR,11,14,201,ARI,Pinch hit for in T3
2815,,MLR,11,14,202,ATL,Pinch hit for in T2
309,,MLR,11,14,205,PIT,Pinch hit for in B1
3011,,MLR,11,15,217,HOU,Pinch hit for in B3
2857,,MLR,11,15,221,PHI,Fielding Replacement
3052,,MLR,11,15,222,PIT,Pinch hit for in B3
2754,,MLR,11,15,223,STL,Pinch hit for in B2
2963,,MLR,11,16,228,BAL,Fielding Replacement
2754,,MLR,12,1,13,STL,Pinch hit for in T2
2902,,MLR,12,2,17,ARI,Fielding Replacement
683,,MLR,12,2,23,HOU,Pinch hit for in B2
3110,,MLR,12,2,27,PHI,Fielding Replacement
2509,,MLR,12,2,28,STL,Pinch hit for in B2
3158,,MLR,12,3,31,ARI,Fielding Replacement
140,,MLR,12,3,37,KCR,Pinch hit for in B2
3231,,MLR,12,3,41,OAK,Pinch hit for in B3
309,Emer Bock,MLR,12,3,43,PIT,Pinch hit for in B1
278,,MLR,12,4,47,NYM,Pinch hit for in T3
1797,,MLR,12,4,51,DET,Pinch hit for in B2
2842,,MLR,12,4,53,ARI,Pinch hit for in T2
525,,MLR,12,5,61,SDP,Fielding Replacement
3205,,MLR,12,5,61,SDP,Pinch hit for in T2
662,,MLR,12,5,68,MIN,Pinch hit for in T2
1839,,MLR,12,5,69,SFG,Pinch hit for in T2
3110,,MLR,12,5,71,PHI,Fielding Replacement
2598,,MLR,12,6,80,KCR,Pinch hit for in T3
2681,,MLR,12,6,84,MTL,Pinch hit for in B2
2846,,MLR,12,9,132,COL,Pinch hit for in T2
480,,MLR,12,9,135,TOR,Pinch hit for in B2
2842,,MLR,12,10,136,ARI,Pinch hit for in B2
2754,,MLR,12,10,136,LAD,Pinch hit for in T2
3021,,MLR,12,10,137,ATL,Pinch hit for in B2
2634,,MLR,12,10,142,TEX,Pinch hit for in T3
3126,,MLR,12,10,149,TBR,Pinch hit for in B1
2642,,MLR,12,11,152,ATL,Pinch hit for in B2
3220,,MLR,12,11,153,BAL,Pinch hit for in B3
563,,MLR,12,11,158,FLA,Pinch hit for in B3
362,,MLR,12,11,160,KCR,Pinch hit for in T2
402,,MLR,12,11,161,SDP,Pinch hit for in T3
3208,,MLR,12,11,163,PIT,Pinch hit for in B2
2353,,MLR,12,12,176,PIT,Pinch hit for in B1
3163,,MLR,12,12,177,SDP,Pinch hit for in B1
295,,MLR,12,12,178,LAD,Pinch hit for in T2
703,,MLR,12,13,187,MTL,Pinch hit for in T2
3217,,MLR,12,13,195,ANA,Pinch hit for in T3
3191,,MLR,12,14,196,ANA,Pinch hit for in B2
3172,,MLR,12,14,196,CWS,Replaced in B2
2754,,MLR,12,14,203,LAD,Pinch hit for in B2
402,,MLR,12,14,207,SDP,Pinch hit for in B2
2689,,MLR,12,14,208,SEA,Fielding Replacement
2681,,MLR,12,14,210,MTL,Pinch hit for in T2
3301,,MLR,12,15,212,CWS,Pinch hit for in B2
2949,,MLR,12,15,217,SEA,Pinch hit for in T3
2874,,MLR,12,15,220,HOU,Pinch hit for in T2
3306,,MLR,12,16,232,PIT,Pinch hit for in T2
1788,,MLR,12,16,233,NYY,Pinch hit for in B2
255,,MLR,13,1,7,BAL,Pinch hit for in T3
220,,MLR,13,1,12,PHI,Pinch hit for in B1
453,,MLR_Playoff,2,2,6,TB,Fielding Replacement
142,,MLR_Playoff,3,1,1,KCR,Pinch hit for in B2
155,,MLR_Playoff,3,3,7,LAA,Pinch hit for in T2
1772,,MLR_Playoff,5,2,8,KCR,Pinch hit for in B1
774,,MLR_Playoff,5,4,11,SDP,Fielding Replacement
35,,MLR_Playoff,6,1,3,MIN,Pinch hit for in T2
2335,,MLR_Playoff,6,2,5,PHI,Pinch hit for in B1
161,,MLR_Playoff,6,2,5,SDP,Fielding Replacement
779,,MLR_Playoff,6,2,5,SDP,Fielding Replacement
350,,MLR_Playoff,6,2,6,STL,Pinch hit for in T3
728,,MLR_Playoff,6,3,9,SDP,Fielding Replacement
381,,MLR_Playoff,6,3,9,STL,Pinch hit for in B1
103,,MLR_Playoff,6,3,10,DET,Pinch hit for in B1
116,,MLR_Playoff,7,1,3,TBR,Fielding Replacement
2213,,MLR_Playoff,7,3,9,STL,Pinch hit for in B2
170,,MLR_Playoff,8,2,5,LAD,Pinch hit for in B1
41,,MLR_Playoff,9,1,2,CIN,Pinch hit for in B1
48,,MLR_Playoff,10,2,8,SFG,Pinch hit for in B2
1773,,MLR_Playoff,10,2,8,SFG,Pinch hit for in B2
2889,,MLR_Playoff,10,4,11,TBR,Pinch hit for in T2
3013,,MLR_Playoff,11,1,3,OAK,Replaced in B2
2852,,MLR_Playoff,12,2,6,DET,Pinch hit for in B1
355,,MLR_Playoff,12,3,9,DET,Pinch hit for in B1
132,,NPR,1,4,17,HIR,Game called before PA
342,,NPR,1,4,17,HIR,Game called before PA
3328,,NPR,1,4,17,HIR,Game called before PA
161,,WBC,1,6,24,JMC,Pinch hit for in T2
2184,,ECO,1,2,4,SS,"Pitcher, Skipped in Batting Order"
2182,,ECO,1,2,4,SS,Pitcher
2271,,ECO,1,2,5,MB,Pitcher
236,,ECO,1,5,16,GCG,"Pitcher, Also 3B"
2058,,ECO,1,5,16,GCG,Pitcher
2163,,ECO,1,6,21,MB,"Pitcher, Schism ended game before PA"
237,,ECO,1,6,21,MHM,"Pitcher, Schism ended game before PA"
219,,FCB,3,2,7,TCU,Pitcher
1776,,GIB,1,1,2,VAN,Pitcher
32,,GIB,1,1,2,WBK,Pitcher
1801,,GIB,1,1,3,ORL,Pitcher
1729,,GIB,1,1,3,WOO,Pitcher
2230,,GIB,1,1,3,WOO,Pitcher
305,,GIB,1,2,4,VAN,Pitcher
344,,GIB,1,2,4,VAN,Pitcher
131,,GIB,1,2,5,SYC,Pitcher
1736,,GIB,1,2,5,SYC,Pitcher
1942,,GIB,1,2,5,SYC,Pitcher
135,,GIB,1,2,5,WOO,Pitcher
264,,GIB,1,2,5,WOO,Pitcher
2230,,GIB,1,2,5,WOO,Pitcher
745,,GIB,1,2,6,WBK,Pitcher
770,,GIB,1,3,7,WBK,Pitcher
2206,,GIB,1,3,7,WBK,Pitcher
1776,,GIB,1,3,8,VAN,Pitcher
135,,GIB,1,3,8,WOO,Pitcher
2230,,GIB,1,3,8,WOO,Pitcher
1703,,GIB,1,3,9,ORL,Pitcher
1736,,GIB,1,3,9,SYC,Pitcher
1736,,GIB,1,4,10,SYC,Pitcher
135,,GIB,1,4,11,WOO,Pitcher
1729,,GIB,1,4,11,WOO,Pitcher
1703,,GIB,1,4,12,ORL,Pitcher
1801,,GIB,1,4,12,ORL,Pitcher
479,,GIB,1,5,14,ORL,Pitcher
772,,GIB,1,5,14,VAN,Pitcher
305,,GIB,1,5,14,VAN,Pitcher
2230,,GIB,1,5,15,WOO,Pitcher
135,,GIB,1,5,15,WOO,Pitcher
1703,,GIB,1,6,16,ORL,Pitcher
1801,,GIB,1,6,16,ORL,Pitcher
490,,GIB,1,6,16,ORL,Pitcher
2206,,GIB,1,6,16,WBK,Pitcher
492,,GIB,1,6,17,GIB,Pitcher
1692,,GIB,1,6,17,GIB,Pitcher
2230,,GIB,1,6,17,WOO,Pitcher
264,,GIB,1,6,17,WOO,Pitcher
1799,,GIB,1,7,18,GIB,Pitcher
745,,GIB,1,7,18,WBK,Pitcher
490,,GIB,2,1,1,FUB,Pitcher
344,,GIB,2,1,1,VIP,Pitcher
770,,GIB,2,1,2,NOL,Pitcher
264,,GIB,2,1,3,WOO,Pitcher
2230,,GIB,2,1,3,WOO,Pitcher
1801,,GIB,2,1,4,ORL,Pitcher
1703,,GIB,2,1,4,ORL,Pitcher
1748,,GIB,2,1,4,ORL,Pitcher
275,,GIB,2,2,5,GIB,Pitcher
783,,GIB,2,2,5,VIP,Pitcher
600,,GIB,2,2,6,NOL,Pitcher
2206,,GIB,2,2,7,WBK,Pitcher
675,,GIB,2,2,7,WOO,Pitcher
2260,,GIB,2,2,7,WOO,Pitcher
249,,GIB,2,2,8,SYC,Pitcher
772,,GIB,2,3,9,NOL,Pitcher
3365,,GIB,2,3,10,GIB,Pitcher
249,,GIB,2,3,11,SYC,Pitcher
1703,,GIB,2,3,12,ORL,Pitcher
2230,,GIB,2,3,12,WOO,Pitcher
675,,GIB,2,3,12,WOO,Pitcher
772,,GIB,2,4,14,NOL,Pitcher
2206,,GIB,2,4,14,WBK,Pitcher
275,,GIB,2,4,15,GIB,Pitcher
1801,,GIB,2,4,15,ORL,Pitcher
1736,,GIB,2,4,16,FUB,Pitcher
1748,,GIB,2,5,17,ORL,Pitcher
783,,GIB,2,5,17,VIP,Pitcher
1799,,GIB,2,5,18,GIB,Pitcher
492,,GIB,2,5,18,GIB,Pitcher
249,,GIB,2,5,18,SYC,Pitcher
2275,,GIB,2,5,19,NOL,Pitcher
264,,GIB,2,5,19,WOO,Pitcher
675,,GIB,2,5,19,WOO,Pitcher
2230,,GIB,2,5,19,WOO,Pitcher
275,,GIB,2,5,20,WBK,Pitcher
1692,,GIB,2,6,21,GIB,Pitcher
344,,GIB,2,6,21,VIP,Pitcher
1748,,GIB,2,6,22,ORL,Pitcher
249,,GIB,2,6,22,SYC,Pitcher
1942,,GIB,2,6,23,WBK,Pitcher
275,,GIB,2,6,23,WBK,Pitcher
490,,GIB,2,6,24,FUB,Pitcher
2275,,GIB,2,6,24,NOL,Pitcher
600,,GIB,2,6,24,NOL,Pitcher
1736,,GIB,2,7,25,FUB,Pitcher
783,,GIB,2,7,25,VIP,Pitcher
492,,GIB,2,7,26,GIB,Pitcher
600,,GIB,2,7,26,NOL,Pitcher
525,,GIB,2,7,27,ORL,Pitcher
275,,GIB,2,7,27,WBK,Pitcher
134,,GIB,2,7,28,SYC,Pitcher
2260,,GIB,2,7,28,WOO,Pitcher
2230,,GIB,2,7,28,WOO,Pitcher
1942,,GIB,2,8,30,WBK,Pitcher
1736,,GIB,2,8,31,FUB,Pitcher
719,,GIB,2,8,31,FUB,Pitcher
45,,GIB,2,8,31,GIB,Pitcher
492,,GIB,2,8,31,GIB,Pitcher
675,,GIB,2,8,32,WOO,Pitcher
2230,,GIB,2,8,32,WOO,Pitcher
265,,GIB,2,9,34,SYC,Pitcher
249,,GIB,2,9,34,SYC,Pitcher
264,,GIB,2,9,34,WOO,Pitcher
2260,,GIB,2,9,34,WOO,Pitcher
3365,,GIB,2,10,35,GIB,Pitcher
134,,GIB,2,10,35,SYC,Pitcher
745,,GIB,2,10,35,SYC,Pitcher
249,,GIB,2,10,35,SYC,Pitcher
770,,GIB,3,1,1,NOL,Pitcher
2230,,GIB,3,1,1,NOL,Pitcher
772,,GIB,3,1,1,NOL,Pitcher
32,,GIB,3,1,3,WBK,Pitcher
305,,GIB,3,1,4,FUB,Pitcher
3366,,GIB,3,2,7,VIP,Pitcher
249,,GIB,3,2,7,WOO,Pitcher
719,,GIB,3,2,8,FUB,Pitcher
305,,GIB,3,2,8,FUB,Pitcher
1776,,GIB,3,2,8,FUB,Pitcher
1830,,GIB,3,2,8,FUB,Pitcher
2275,,GIB,3,2,8,NOL,Pitcher
2230,,GIB,3,2,8,NOL,Pitcher
772,,GIB,3,2,8,NOL,Pitcher
2230,,GIB,3,3,9,NOL,Pitcher
772,,GIB,3,3,9,NOL,Pitcher
479,,GIB,3,3,10,FUB,Pitcher
2478,,GIB,3,3,10,GIB,Pitcher
265,,GIB,3,3,11,SYC,Pitcher
675,,GIB,3,3,11,WOO,Pitcher
2260,,GIB,3,3,11,WOO,Pitcher
32,,GIB,3,3,12,WBK,Pitcher
305,,GIB,3,4,13,FUB,Pitcher
698,,GIB,3,4,13,VIP,Pitcher
1692,,GIB,3,4,14,GIB,Pitcher
2230,,GIB,3,4,14,NOL,Pitcher
2275,,GIB,3,4,14,NOL,Pitcher
265,,GIB,3,4,15,SYC,Pitcher
525,,GIB,3,4,16,ORL,Pitcher
249,,GIB,3,4,16,WOO,Pitcher
745,,GIB,3,5,18,SYC,Pitcher
265,,GIB,3,5,18,SYC,Pitcher
770,,GIB,3,5,19,NOL,Pitcher
2478,,GIB,3,5,20,GIB,Pitcher
3365,,GIB,3,5,20,GIB,Pitcher
675,,GIB,3,5,20,WOO,Pitcher
2478,,GIB,3,6,21,GIB,Pitcher
3366,,GIB,3,6,21,VIP,Pitcher
477,,GIB,3,6,21,VIP,Pitcher
275,,GIB,3,6,22,WBK,Pitcher
305,,GIB,3,6,23,FUB,Pitcher
1801,,GIB,3,6,24,ORL,Pitcher
344,,GIB,3,7,25,VIP,Pitcher
275,,GIB,3,7,26,WBK,Pitcher
32,,GIB,3,7,26,WBK,Pitcher
2478,,GIB,3,7,27,GIB,Pitcher
772,,GIB,3,7,27,NOL,Pitcher
134,,GIB,3,7,28,SYC,Pitcher
2260,,GIB,3,7,28,WOO,Pitcher
770,,GIB,3,8,29,NOL,Pitcher
134,,GIB,3,8,30,SYC,Pitcher
479,,GIB,3,8,31,FUB,Pitcher
249,,GIB,3,8,32,WOO,Pitcher
2260,,GIB,3,8,32,WOO,Pitcher
265,,GIB,3,9,33,SYC,Pitcher
134,,GIB,3,9,33,SYC,Pitcher
1723,,GIB,3,9,33,WBK,Pitcher
675,,GIB,3,10,34,WOO,Pitcher
134,,GIB,3,11,35,SYC,Pitcher
45,,GIB,3,11,36,GIB,Pitcher
1801,,GIB,3,12,37,ORL,Pitcher
1748,,GIB,3,12,37,ORL,Pitcher
344,,LLR,1,1,3,CAL,Pitcher
227,,LLR,1,1,4,VEN,Pitcher
198,,LLR,1,1,4,VEN,Pitcher
149,,LLR,1,2,6,JPN,Pitcher
180,,LLR,1,3,10,HI,Pitcher
133,,LLR,1,3,11,VEN,Pitcher
249,,LLR,1,3,12,GCA,Pitcher
363,,LLR,1,3,12,GCA,Pitcher
114,,LLR,1,5,18,HI,Pitcher
190,,LLR,1,6,21,JPN,Pitcher
262,,LLR,1,6,22,NY,Pitcher
198,,LLR,1,6,24,VEN,Pitcher
2,,LLR,1,7,28,JPN,Pitcher
133,,LLR,1,8,29,VEN,Pitcher
3328,,MiLR,3,1,1,BER,Pitcher
61,,MiLR,3,2,6,CCF,Pitcher
352,,MiLR,3,2,8,FTP,Pitcher
284,,MiLR,3,7,27,FTP,Pitcher
278,,MiLR,3,8,31,TZS,Pitcher
135,,MiLR,3,11,42,TZS,Pitcher
132,,MiLR,3,12,47,TZS,Pitcher
127,,MiLR,3,12,47,TZS,Pitcher
134,,MiLR,3,12,47,TZS,Pitcher
205,,MiLR,4,1,2,N69,Pitcher
195,,MiLR,4,1,6,LDN,Pitcher
604,,MiLR,4,1,6,LDN,Pitcher
606,,MiLR,4,2,15,CCS,Pitcher
29,,MiLR,4,3,17,N69,Pitcher
4,,MiLR,4,3,22,EEE,Pitcher
29,,MiLR,4,4,26,N69,Pitcher
344,,MiLR,4,4,27,HON,Pitcher
216,,MiLR,4,7,53,LMN,Pitcher
713,,MiLR,4,13,101,DCL,Pitcher
529,,MiLR,4,14,110,VFQ,Pitcher
1,,MiLR,4,14,111,FWG,Pitcher
1811,,MiLR,5,1,7,TRA,Pitcher
1814,,MiLR,5,1,11,KTY,Pitcher
1699,,MiLR,5,1,12,PHB,Pitcher
1961,,MiLR,5,3,32,LMN,Pitcher
70,,MiLR,5,4,38,CHI,Pitcher
234,,MiLR,5,4,39,WSH,Pitcher
1841,,MiLR,5,4,42,RKT,"Pitcher, Also 2B & C"
1687,,MiLR,5,5,52,PPP,Pitcher
485,,MiLR,5,6,66,KRB,Pitcher
705,,MiLR,5,6,67,TAI,Pitcher
152,,MiLR,5,6,68,PHB,Pitcher
216,,MiLR,5,7,73,GTY,Pitcher
516,,MiLR,5,8,86,CHI,"Pitcher, Also RF"
134,,MiLR,5,8,91,JUP,Pitcher
218,,MiLR,5,9,99,GTY,Pitcher
510,,MiLR,5,9,101,SPR,Pitcher
662,,MiLR,5,9,102,KRB,Pitcher
772,,MiLR,5,9,107,DAD,Pitcher
305,,MiLR,5,10,113,GTY,Pitcher
772,,MiLR,5,12,141,DAD,Pitcher
1830,,MiLR,5,13,147,WWC,Pitcher
672,,MiLR,5,13,154,DAD,"Pitcher, Also RF"
268,,MiLR,5,14,164,PHB,Pitcher
146,,MiLR,5,14,164,PHB,Pitcher
2224,,MiLR,5,14,164,PHB,Pitcher
2225,,MiLR,5,14,164,PHB,Pitcher
1729,,MiLR,5,14,164,PHB,Pitcher
547,,MiLR,5,14,164,PHB,"Pitcher, Also 3B"
331,,MiLR,5,14,166,DAD,Pitcher
2466,,MiLR,6,1,10,TAK,Pitcher
485,,MiLR,6,1,13,FRG,Pitcher
606,,MiLR,6,1,13,FRG,Pitcher
752,,MiLR,6,1,13,MBT,Pitcher
770,,MiLR,6,1,14,PHB,"Pitcher, Also RF"
1692,,MiLR,6,2,20,CWJ,Pitcher
198,,MiLR,6,2,24,MBT,Pitcher
2375,,MiLR,6,2,26,BBB,Pitcher
1843,,MiLR,6,2,27,PHB,Pitcher
1729,,MiLR,6,2,27,PHB,Pitcher
1830,,MiLR,6,2,27,PHB,"Pitcher, Also LF"
363,,MiLR,6,3,36,MVS,Pitcher
1830,,MiLR,6,3,37,LIM,Pitcher
198,,MiLR,6,3,41,MBT,Pitcher
2344,,MiLR,6,3,41,MBT,Pitcher
1832,,MiLR,6,4,49,LID,Pitcher
1699,,MiLR,6,4,56,PHB,Pitcher
2224,,MiLR,6,4,56,PHB,Pitcher
2225,,MiLR,6,4,56,PHB,"Pitcher, Also RF & LF"
745,,MiLR,6,4,56,PHB,Pitcher
2466,,MiLR,6,5,66,TAK,Pitcher
355,,MiLR,6,5,69,MBT,Pitcher
2252,,MiLR,6,6,75,PUK,"Pitcher, Also 3B"
1706,,MiLR,6,6,76,WWC,Pitcher
606,,MiLR,6,6,82,FRG,Pitcher
1830,,MiLR,6,6,83,PHB,Pitcher
2476,,MiLR,6,7,85,BAC,Pitcher
2241,,MiLR,6,7,86,SGP,Pitcher
770,,MiLR,6,7,97,LIM,"Pitcher, Also SS"
1752,,MiLR,6,8,99,POR,"Pitcher, Also 2B"
2350,,MiLR,6,9,121,MVS,Pitcher
1729,,MiLR,6,9,124,PHB,Pitcher
2285,,MiLR,6,10,128,SGP,Pitcher
264,,MiLR,6,11,149,SLT,Pitcher
1843,,MiLR,6,12,166,PHB,Pitcher
296,,MiLR,6,13,169,BAC,Pitcher
654,,MiLR,6,13,174,AAL,Pitcher
758,,MiLR,6,13,182,MBT,Pitcher
2478,,MiLR,6,14,183,BAC,Pitcher
2243,,MiLR,6,14,185,SGP,Pitcher
205,,MiLR,6,14,190,MBT,Pitcher
2225,,MiLR,7,1,2,TBL,Pitcher
1963,,MiLR,7,1,3,FAP,Pitcher
2606,,MiLR,7,3,19,SSJ,Pitcher
2476,,MiLR,7,4,25,BAC,Pitcher
1776,,MiLR,7,4,27,TBL,Pitcher
2545,,MiLR,7,4,27,TRI,Pitcher
2337,,MiLR,7,4,30,CPR,"Pitcher, Also SS"
2611,,MiLR,7,5,38,SSJ,Pitcher
2517,,MiLR,7,5,39,TBL,Pitcher
1811,,MiLR,7,6,42,TBL,Pitcher
2545,,MiLR,7,6,43,TRI,Pitcher
485,,MiLR,7,6,43,TRI,Pitcher
355,,MiLR,7,6,44,SCG,Pitcher
1799,,MiLR,7,8,60,MMA,Pitcher
2588,,MiLR,7,9,66,SSJ,Pitcher
502,,MiLR,7,10,75,BAC,Pitcher
1725,,MiLR,7,10,76,SCG,Pitcher
135,,MiLR,7,10,78,TBL,"Pitcher, Also LF"
119,,MiLR,7,11,81,KNX,Pitcher
606,,MiLR,7,11,82,TRI,Pitcher
233,,MiLR,7,13,101,TBL,Pitcher
606,,MiLR,7,13,102,TRI,Pitcher
786,,MiLR,9,7,28,KGB,Pitcher
2780,,MiLR,9,7,28,KGB,Pitcher
703,,MiLR,9,8,32,KGB,Pitcher
2715,,MiLR,9,8,32,KGB,Pitcher
2856,,MiLR,9,14,55,KGB,Pitcher
2504,,MiLR,10,5,24,SEO,Pitcher
2474,,MiLR,10,8,39,ACK,Pitcher
2908,,MiLR,10,8,39,ACK,Pitcher
2840,,MiLR,10,8,39,ZAH,Pitcher
134,,MiLR,10,9,43,ACK,Pitcher
2953,,MiLR,10,14,69,SEO,Pitcher
1792,,MiLR,11,1,1,LAX,Pitcher
117,,MiLR,11,5,26,DOG,Pitcher
2902,,MiLR,11,5,26,DOG,Pitcher
3099,,MiLR,11,5,26,LAX,Pitcher
2878,,MiLR,11,6,31,SHH,Pitcher
3099,,MiLR,11,7,38,LAX,Pitcher
2504,,MiLR,11,9,50,LAX,Pitcher
2594,,MiLR,11,9,54,HOT,Pitcher
2998,,MiLR,11,10,58,HOT,Pitcher
2637,,MiLR,11,11,62,HOT,Pitcher
2998,,MiLR,11,12,70,HOT,Pitcher
301,,MiLR,11,13,74,LAX,Pitcher
2959,,MiLR,12,1,4,SAL,Pitcher
3161,,MiLR,12,1,4,SAL,Pitcher
3235,,MiLR,12,2,8,SAL,Pitcher
127,,MiLR,12,2,9,DDD,Pitcher
651,,MiLR,12,2,9,SEF,Pitcher
776,,MiLR,12,3,12,DDD,Pitcher
2827,,MiLR,12,3,14,SAL,Pitcher
3235,,MiLR,12,3,14,SAL,Pitcher
3099,,MiLR,12,3,14,SDV,Pitcher
3263,,MiLR,12,4,19,SAL,Pitcher
2760,,MiLR,12,4,19,SAL,Pitcher
3161,,MiLR,12,4,19,SAL,Pitcher
3097,,MiLR,12,4,20,SDV,Pitcher
127,,MiLR,12,5,22,DDD,Pitcher
3161,,MiLR,12,5,23,SAL,Pitcher
2760,,MiLR,12,6,28,SAL,Pitcher
3161,,MiLR,12,6,28,SAL,Pitcher
3161,,MiLR,12,7,31,SAL,Pitcher
3161,,MiLR,12,8,38,SAL,Pitcher
2897,,MiLR,12,8,39,SDV,Pitcher
3161,,MiLR,12,9,43,SAL,Pitcher
127,,MiLR,12,9,45,DDD,Pitcher
776,,MiLR,12,10,46,DDD,Pitcher
2760,,MiLR,12,10,47,SAL,Pitcher
2275,,MiLR,12,10,47,SAL,Pitcher
2908,,MiLR,12,11,51,DDD,Pitcher
2487,,MiLR,12,13,63,DDD,Pitcher
3161,,MiLR,12,13,65,SAL,Pitcher
3013,,MiLR,12,14,66,DDD,Pitcher
3304,,MiLR,12,14,70,SAL,Pitcher
2855,,MiLR,13,1,1,LOO,Pitcher
2487,,MiLR,8A,2,8,BAG,Pitcher
1830,,MiLR,8A,2,11,NXS,Pitcher
2785,,MiLR,8A,2,12,MKW,Pitcher
2675,,MiLR,8A,3,16,CCD,Pitcher
2528,,MiLR,8A,3,17,PPM,Pitcher
2795,,MiLR,8A,3,18,MKW,Pitcher
2692,,MiLR,8A,4,21,PPM,Pitcher
2545,,MiLR,8A,4,21,PPM,Pitcher
2773,,MiLR,8A,5,26,PPM,Pitcher
2611,,MiLR,8A,6,32,CCD,Pitcher
2624,,MiLR,8A,7,39,CDT,Pitcher
2627,,MiLR,8A,7,41,LAC,Pitcher
2785,,MiLR,8A,8,46,MKW,Pitcher
301,,MiLR,8B,3,12,TXR,Pitcher
2708,,MiLR,8B,5,17,SCU,Pitcher
2708,,MiLR,8B,7,28,SCU,Pitcher
2691,,MiLR,8B,7,28,SCU,Pitcher
1838,,MiLR_Playoff,5,2,5,LMN,Pitcher
305,,MiLR_Playoff,5,2,5,LMN,Pitcher
1843,,MiLR_Playoff,5,2,6,WWC,Pitcher
1830,,MiLR_Playoff,5,3,7,WWC,Pitcher
1718,,MiLR_Playoff,6,2,6,BAC,Pitcher
2487,,MiLR_Playoff,7,2,8,TBL,Pitcher
1724,,MiLR_Playoff,9,2,3,BIR,Pitcher
3004,,MiLR_Playoff,10,1,2,ACK,Pitcher
2785,,MiLR_Playoff,10,2,3,CRN,Pitcher
3126,,MiLR_Playoff,11,1,1,IDR,Pitcher
1799,,MiLR_Playoff,12,2,3,SEF,Pitcher
2722,,MiLR_Playoff,8B,2,3,SCU,Pitcher
199,,MLR,1,1,1,ATL,Pitcher
3,,MLR,1,3,14,ARI,Pitcher
2163,,MLR,1,3,14,MIN,Pitcher
286,,MLR,1,3,18,PHI,Pitcher
76,,MLR,2,1,8,COL,Pitcher
2131,,MLR,2,2,19,STL,Pitcher
2160,,MLR,2,4,43,BOS,Pitcher
2075,,MLR,2,4,43,BOS,Pitcher
2156,,MLR,2,5,47,SEA,Pitcher
2135,,MLR,2,5,47,SEA,Pitcher
2056,,MLR,2,6,65,ARI,Pitcher
2019,,MLR,2,7,75,DET,Pitcher
337,,MLR,2,12,122,SFG,Pitcher
286,,MLR,2,14,142,PHI,Pitcher
284,,MLR,2,14,142,PHI,Pitcher
376,,MLR,3,3,28,TBD,Pitcher
165,,MLR,3,3,29,LAD,Pitcher
249,,MLR,3,4,48,NYY,Pitcher
253,,MLR,3,4,48,NYY,Pitcher
305,,MLR,3,8,92,PIT,Pitcher
306,,MLR,3,8,92,PIT,Pitcher
269,,MLR,3,11,128,OAK,Pitcher
268,,MLR,3,12,141,OAK,Pitcher
605,,MLR,4,3,44,CHC,Pitcher
713,,MLR,4,4,54,SEA,Pitcher
234,,MLR,4,4,57,NYM,Pitcher
164,,MLR,4,4,59,LAD,Pitcher
165,,MLR,4,4,59,LAD,Pitcher
337,,MLR,4,4,60,SFG,Pitcher
182,,MLR,4,6,86,MIA,Pitcher
196,,MLR,4,8,115,CIN,Pitcher
250,,MLR,4,9,121,NYY,Pitcher
39,,MLR,4,11,162,CIN,Pitcher
252,,MLR,4,12,170,CLE,Pitcher
390,,MLR,4,12,177,MTL,Pitcher
131,,MLR,4,14,196,NYY,Pitcher
227,,MLR,4,16,229,SEA,Pitcher
93,,MLR,5,2,18,SEA,Pitcher
227,,MLR,5,2,18,SEA,Pitcher
777,,MLR,5,2,27,ARI,Pitcher
58,,MLR,5,3,42,PIT,Pitcher
305,,MLR,5,3,42,PIT,Pitcher
42,,MLR,5,5,63,TBR,Pitcher
646,,MLR,5,5,63,TBR,Pitcher
165,,MLR,5,5,74,LAD,Pitcher
258,,MLR,5,7,97,HOU,Pitcher
752,,MLR,5,7,98,TEX,Pitcher
21,,MLR,5,8,108,BOS,Pitcher
471,,MLR,5,8,108,BOS,Pitcher
1825,,MLR,5,8,108,BOS,Pitcher
802,,MLR,5,8,120,ATL,Pitcher
219,,MLR,5,8,120,ATL,Pitcher
729,,MLR,5,11,162,CHC,Pitcher
1777,,MLR,5,12,179,ARI,Pitcher
777,,MLR,5,12,179,ARI,Pitcher
1777,,MLR,5,14,210,ARI,Pitcher
702,,MLR,5,14,210,ARI,Pitcher
758,,MLR,5,16,237,STL,Pitcher
777,,MLR,5,16,238,ARI,Pitcher
219,,MLR,6,6,89,ATL,Pitcher
390,,MLR,6,7,103,MTL,Pitcher
2206,,MLR,6,8,110,DET,Pitcher
716,,MLR,6,8,114,TEX,Pitcher
130,,MLR,6,11,155,KCR,Pitcher
2249,,MLR,6,11,155,KCR,Pitcher
3,,MLR,6,14,201,KCR,Pitcher
758,,MLR,7,1,15,MIL,Pitcher
2611,,MLR,7,1,15,MIL,Pitcher
134,,MLR,7,10,145,ARI,Pitcher
1828,,MLR,7,14,197,MIN,Pitcher
1703,,MLR,7,14,197,MIN,Pitcher
235,,MLR_Playoff,4,3,9,NYM,Pitcher
777,,MLR_Playoff,5,1,4,ARI,Pitcher
265,,MLR_Playoff,7,2,7,MIN,Pitcher
33,,NPR,1,3,14,CHU,Pitcher
375,,NPR,1,3,14,YOK,Pitcher
444,,NPR,1,4,17,HIR,"Pitcher, Game called before PA"
117,,WBC,1,1,4,SM,Pitcher
518,,WBC,1,2,8,SM,Pitcher
477,,WBC,1,3,12,GRE,Pitcher
518,,WBC,1,3,12,SM,Pitcher
195,,WBC,1,4,16,GRE,Pitcher
117,,WBC,1,4,16,SM,Pitcher
117,,WBC,1,5,20,SM,Pitcher
250,,WBC,1,6,22,SCO,Pitcher
275,,WBC,1,6,23,SM,Pitcher
518,,WBC,1,6,23,SM,Pitcher
518,,WBC,1,8,27,SM,Pitcher
117,,WBC,1,8,27,SM,Pitcher
3,,MLR,8,4,52,KCR,Pitcher
2495,,MLR,8,10,143,OAK,Pitcher
2744,,MLR,9,14,207,BAL,Pitcher
2960,,MLR,9,16,234,DET,Pitcher
37,,MLR,10,15,218,MIA,Pitcher
714,,MLR,12,9,135,TOR,Pitcher