League,Season,Sessions,Active,gamelog_doc_id,gamelog_gid,player_type_doc_id,player_type_gid
MLR,1,7,FALSE,1NFICEzqd1hDts-_CvhQ-LN8F5V-ehQU4HDkxzN2ODtM,68804446,1kdt91NmK0G4gnkH-i07CZa2-6ZZdS5kJH_dqKFhA3wc,0
MLR,2,18,FALSE,1NFICEzqd1hDts-_CvhQ-LN8F5V-ehQU4HDkxzN2ODtM,969085133,1kdt91NmK0G4gnkH-i07CZa2-6ZZdS5kJH_dqKFhA3wc,941073848
MLR,3,16,FALSE,1NFICEzqd1hDts-_CvhQ-LN8F5V-ehQU4HDkxzN2ODtM,1028191360,1kdt91NmK0G4gnkH-i07CZa2-6ZZdS5kJH_dqKFhA3wc,1752634056
MLR,4,16,FALSE,1NFICEzqd1hDts-_CvhQ-LN8F5V-ehQU4HDkxzN2ODtM,437485875,1kdt91NmK0G4gnkH-i07CZa2-6ZZdS5kJH_dqKFhA3wc,1149720442
MLR,5,16,FALSE,1NFICEzqd1hDts-_CvhQ-LN8F5V-ehQU4HDkxzN2ODtM,1748327249,1kdt91NmK0G4gnkH-i07CZa2-6ZZdS5kJH_dqKFhA3wc,1555946397
MLR,6,16,FALSE,1NFICEzqd1hDts-_CvhQ-LN8F5V-ehQU4HDkxzN2ODtM,333039208,1kdt91NmK0G4gnkH-i07CZa2-6ZZdS5kJH_dqKFhA3wc,250139880
MLR,7,16,FALSE,1NFICEzqd1hDts-_CvhQ-LN8F5V-ehQU4HDkxzN2ODtM,894432227,1kdt91NmK0G4gnkH-i07CZa2-6ZZdS5kJH_dqKFhA3wc,1166663732
MLR,8,16,FALSE,1NFICEzqd1hDts-_CvhQ-LN8F5V-ehQU4HDkxzN2ODtM,2044457996,1kdt91NmK0G4gnkH-i07CZa2-6ZZdS5kJH_dqKFhA3wc,305299784
MLR,9,16,FALSE,1NFICEzqd1hDts-_CvhQ-LN8F5V-ehQU4HDkxzN2ODtM,479318516,1kdt91NmK0G4gnkH-i07CZa2-6ZZdS5kJH_dqKFhA3wc,1232808851
MLR,10,16,FALSE,1NFICEzqd1hDts-_CvhQ-LN8F5V-ehQU4HDkxzN2ODtM,1327643252,1kdt91NmK0G4gnkH-i07CZa2-6ZZdS5kJH_dqKFhA3wc,1409591166
MLR,11,16,FALSE,1NFICEzqd1hDts-_CvhQ-LN8F5V-ehQU4HDkxzN2ODtM,758852839,1kdt91NmK0G4gnkH-i07CZa2-6ZZdS5kJH_dqKFhA3wc,1555260808
MLR,12,16,FALSE,1NFICEzqd1hDts-_CvhQ-LN8F5V-ehQU4HDkxzN2ODtM,1098532579,1kdt91NmK0G4gnkH-i07CZa2-6ZZdS5kJH_dqKFhA3wc,632606276
MLR,13,16,FALSE,1NFICEzqd1hDts-_CvhQ-LN8F5V-ehQU4HDkxzN2ODtM,754926529,1KLLdfCxfmzSGIxMXdYU8lit6pyPBn1xJGZ300LjqWXs,948926183
MLR_Playoff,1,1,FALSE,1XAOzG70Hvpgi_W3PeHLa_n-axI_YAbyr1FUzZFF_c_U,1283447283,1mNdxA8TRLVfoHGNbCZE7NyMh98-HZyak2C6iE-aiQ98,0
MLR_Playoff,2,3,FALSE,1XAOzG70Hvpgi_W3PeHLa_n-axI_YAbyr1FUzZFF_c_U,1933665507,1mNdxA8TRLVfoHGNbCZE7NyMh98-HZyak2C6iE-aiQ98,936217510
MLR_Playoff,3,3,FALSE,1XAOzG70Hvpgi_W3PeHLa_n-axI_YAbyr1FUzZFF_c_U,1754858458,1mNdxA8TRLVfoHGNbCZE7NyMh98-HZyak2C6iE-aiQ98,327894905
MLR_Playoff,4,4,FALSE,1XAOzG70Hvpgi_W3PeHLa_n-axI_YAbyr1FUzZFF_c_U,185824219,1mNdxA8TRLVfoHGNbCZE7NyMh98-HZyak2C6iE-aiQ98,1025290556
MLR_Playoff,5,4,FALSE,1XAOzG70Hvpgi_W3PeHLa_n-axI_YAbyr1FUzZFF_c_U,1575636462,1mNdxA8TRLVfoHGNbCZE7NyMh98-HZyak2C6iE-aiQ98,112913114
MLR_Playoff,6,4,FALSE,1XAOzG70Hvpgi_W3PeHLa_n-axI_YAbyr1FUzZFF_c_U,1036865733,1mNdxA8TRLVfoHGNbCZE7NyMh98-HZyak2C6iE-aiQ98,1953300876
MLR_Playoff,7,4,FALSE,1XAOzG70Hvpgi_W3PeHLa_n-axI_YAbyr1FUzZFF_c_U,912873985,1mNdxA8TRLVfoHGNbCZE7NyMh98-HZyak2C6iE-aiQ98,161672578
MLR_Playoff,8,4,FALSE,1XAOzG70Hvpgi_W3PeHLa_n-axI_YAbyr1FUzZFF_c_U,270377968,1mNdxA8TRLVfoHGNbCZE7NyMh98-HZyak2C6iE-aiQ98,865039715
MLR_Playoff,9,4,FALSE,1XAOzG70Hvpgi_W3PeHLa_n-axI_YAbyr1FUzZFF_c_U,1085731012,1mNdxA8TRLVfoHGNbCZE7NyMh98-HZyak2C6iE-aiQ98,1139315251
MLR_Playoff,10,4,FALSE,1XAOzG70Hvpgi_W3PeHLa_n-axI_YAbyr1FUzZFF_c_U,1196672461,1mNdxA8TRLVfoHGNbCZE7NyMh98-HZyak2C6iE-aiQ98,1098695103
MLR_Playoff,11,4,FALSE,1XAOzG70Hvpgi_W3PeHLa_n-axI_YAbyr1FUzZFF_c_U,1426964888,1mNdxA8TRLVfoHGNbCZE7NyMh98-HZyak2C6iE-aiQ98,934208863
MLR_Playoff,12,4,TRUE,1XAOzG70Hvpgi_W3PeHLa_n-axI_YAbyr1FUzZFF_c_U,570960512,1kdt91NmK0G4gnkH-i07CZa2-6ZZdS5kJH_dqKFhA3wc,632606276
MiLR,2,2,FALSE,1is--bJyqVRi84BFx4NW7aOKhDhoo61YVRpRZb8Hnkjg,1487758831,1gHy_5NTvLs5cGKG1r69HzODB3shnhUDSLemxEnsUftY,1631830504
MiLR,3,14,FALSE,1FqqXRst5UWMB9ZA18NpNibYvNFHzfsWD8tOYuCtFYIs,560211216,1gHy_5NTvLs5cGKG1r69HzODB3shnhUDSLemxEnsUftY,1418369068
MiLR,4,14,FALSE,1FqqXRst5UWMB9ZA18NpNibYvNFHzfsWD8tOYuCtFYIs,1256382130,1gHy_5NTvLs5cGKG1r69HzODB3shnhUDSLemxEnsUftY,1682471069
MiLR,5,14,FALSE,1FqqXRst5UWMB9ZA18NpNibYvNFHzfsWD8tOYuCtFYIs,1788729847,1gHy_5NTvLs5cGKG1r69HzODB3shnhUDSLemxEnsUftY,1360802790
MiLR,6,14,FALSE,1FqqXRst5UWMB9ZA18NpNibYvNFHzfsWD8tOYuCtFYIs,2126414890,1gHy_5NTvLs5cGKG1r69HzODB3shnhUDSLemxEnsUftY,1633085491
MiLR,7,14,FALSE,1FqqXRst5UWMB9ZA18NpNibYvNFHzfsWD8tOYuCtFYIs,1421501645,1gHy_5NTvLs5cGKG1r69HzODB3shnhUDSLemxEnsUftY,1717111381
MiLR,8A,8,FALSE,1FqqXRst5UWMB9ZA18NpNibYvNFHzfsWD8tOYuCtFYIs,978255800,1gHy_5NTvLs5cGKG1r69HzODB3shnhUDSLemxEnsUftY,1249564153
MiLR,8B,8,FALSE,1FqqXRst5UWMB9ZA18NpNibYvNFHzfsWD8tOYuCtFYIs,1964810120,1gHy_5NTvLs5cGKG1r69HzODB3shnhUDSLemxEnsUftY,972287639
MiLR,9,14,FALSE,1FqqXRst5UWMB9ZA18NpNibYvNFHzfsWD8tOYuCtFYIs,1523795879,1gHy_5NTvLs5cGKG1r69HzODB3shnhUDSLemxEnsUftY,1923879443
MiLR,10,14,FALSE,1FqqXRst5UWMB9ZA18NpNibYvNFHzfsWD8tOYuCtFYIs,1601574334,1gHy_5NTvLs5cGKG1r69HzODB3shnhUDSLemxEnsUftY,1541881042
MiLR,11,16,FALSE,1FqqXRst5UWMB9ZA18NpNibYvNFHzfsWD8tOYuCtFYIs,451506249,1gHy_5NTvLs5cGKG1r69HzODB3shnhUDSLemxEnsUftY,0
MiLR,12,14,FALSE,1FqqXRst5UWMB9ZA18NpNibYvNFHzfsWD8tOYuCtFYIs,123962567,1gHy_5NTvLs5cGKG1r69HzODB3shnhUDSLemxEnsUftY,149253986
MiLR,13,14,FALSE,1FqqXRst5UWMB9ZA18NpNibYvNFHzfsWD8tOYuCtFYIs,2014031407,1KLLdfCxfmzSGIxMXdYU8lit6pyPBn1xJGZ300LjqWXs,948926183
MiLR_Playoff,3,2,FALSE,1QEK-QT7g0VoDN5nNXZ6TmU6vT9MwHvAAThgu9tAl6qc,975283837,1rLwZe_wIOt34mqeS6z9qcP9acMw0zXuE_ftJO3ULJwY,0
MiLR_Playoff,4,3,FALSE,1QEK-QT7g0VoDN5nNXZ6TmU6vT9MwHvAAThgu9tAl6qc,1019947462,1rLwZe_wIOt34mqeS6z9qcP9acMw0zXuE_ftJO3ULJwY,1899627337
MiLR_Playoff,5,3,FALSE,1QEK-QT7g0VoDN5nNXZ6TmU6vT9MwHvAAThgu9tAl6qc,1022399449,1rLwZe_wIOt34mqeS6z9qcP9acMw0zXuE_ftJO3ULJwY,1276155166
MiLR_Playoff,6,4,FALSE,1QEK-QT7g0VoDN5nNXZ6TmU6vT9MwHvAAThgu9tAl6qc,1385185285,1rLwZe_wIOt34mqeS6z9qcP9acMw0zXuE_ftJO3ULJwY,107944520
MiLR_Playoff,7,4,FALSE,1QEK-QT7g0VoDN5nNXZ6TmU6vT9MwHvAAThgu9tAl6qc,529613794,1rLwZe_wIOt34mqeS6z9qcP9acMw0zXuE_ftJO3ULJwY,1030059927
MiLR_Playoff,8A,2,FALSE,1QEK-QT7g0VoDN5nNXZ6TmU6vT9MwHvAAThgu9tAl6qc,1218357619,1rLwZe_wIOt34mqeS6z9qcP9acMw0zXuE_ftJO3ULJwY,1908851915
MiLR_Playoff,8B,2,FALSE,1QEK-QT7g0VoDN5nNXZ6TmU6vT9MwHvAAThgu9tAl6qc,1255497718,1rLwZe_wIOt34mqeS6z9qcP9acMw0zXuE_ftJO3ULJwY,1485261281
MiLR_Playoff,9,2,FALSE,1QEK-QT7g0VoDN5nNXZ6TmU6vT9MwHvAAThgu9tAl6qc,176034667,1rLwZe_wIOt34mqeS6z9qcP9acMw0zXuE_ftJO3ULJwY,2077105225
MiLR_Playoff,10,2,FALSE,1QEK-QT7g0VoDN5nNXZ6TmU6vT9MwHvAAThgu9tAl6qc,1858748673,1rLwZe_wIOt34mqeS6z9qcP9acMw0zXuE_ftJO3ULJwY,87186409
MiLR_Playoff,11,2,FALSE,1QEK-QT7g0VoDN5nNXZ6TmU6vT9MwHvAAThgu9tAl6qc,89785563,1rLwZe_wIOt34mqeS6z9qcP9acMw0zXuE_ftJO3ULJwY,1203805575
MiLR_Playoff,12,2,FALSE,1QEK-QT7g0VoDN5nNXZ6TmU6vT9MwHvAAThgu9tAl6qc,242044623,1rLwZe_wIOt34mqeS6z9qcP9acMw0zXuE_ftJO3ULJwY,663423796
FCB,3,2,FALSE,12gKRJ2bzXvaKKvwOhEZtFrIdTbHiM03_Tf0JqwHJzH8,615586151,1XetoFunWxIK8SA659snTGCftNdbumoUH3n2P8WSW4lI,329309803
FCB,4,2,FALSE,12gKRJ2bzXvaKKvwOhEZtFrIdTbHiM03_Tf0JqwHJzH8,507974910,1XetoFunWxIK8SA659snTGCftNdbumoUH3n2P8WSW4lI,1445228392
FCB,5,6,FALSE,12gKRJ2bzXvaKKvwOhEZtFrIdTbHiM03_Tf0JqwHJzH8,1654434986,1XetoFunWxIK8SA659snTGCftNdbumoUH3n2P8WSW4lI,1076619710
FCB,6,4,FALSE,12gKRJ2bzXvaKKvwOhEZtFrIdTbHiM03_Tf0JqwHJzH8,1695983038,1XetoFunWxIK8SA659snTGCftNdbumoUH3n2P8WSW4lI,198190725
FCB,7,5,FALSE,12gKRJ2bzXvaKKvwOhEZtFrIdTbHiM03_Tf0JqwHJzH8,1099523050,1XetoFunWxIK8SA659snTGCftNdbumoUH3n2P8WSW4lI,1402653198
FCB,8,4,FALSE,12gKRJ2bzXvaKKvwOhEZtFrIdTbHiM03_Tf0JqwHJzH8,1887839990,1XetoFunWxIK8SA659snTGCftNdbumoUH3n2P8WSW4lI,609083342
FCB,9,6,FALSE,12gKRJ2bzXvaKKvwOhEZtFrIdTbHiM03_Tf0JqwHJzH8,1717096793,1XetoFunWxIK8SA659snTGCftNdbumoUH3n2P8WSW4lI,1948535562
FCB,10,5,FALSE,12gKRJ2bzXvaKKvwOhEZtFrIdTbHiM03_Tf0JqwHJzH8,1623399131,1XetoFunWxIK8SA659snTGCftNdbumoUH3n2P8WSW4lI,307937934
FCB,11,6,FALSE,12gKRJ2bzXvaKKvwOhEZtFrIdTbHiM03_Tf0JqwHJzH8,525532577,1XetoFunWxIK8SA659snTGCftNdbumoUH3n2P8WSW4lI,386055139
FCB,12,6,FALSE,12gKRJ2bzXvaKKvwOhEZtFrIdTbHiM03_Tf0JqwHJzH8,1351256579,1XetoFunWxIK8SA659snTGCftNdbumoUH3n2P8WSW4lI,0
FCB,13,6,TRUE,1CV3mk6kbVanHU8Hk0zzN0nWbkQYY7n8-XwfcgPMI4dU,710706955,1HQEo-A2Hx5DoSEtMfKmUq0X0i4zap0wTHdmnQiis3Nw,948926183
ECO,1,7,FALSE,1is--bJyqVRi84BFx4NW7aOKhDhoo61YVRpRZb8Hnkjg,2112955090,1jnZA30rRAftxbutkFnLBOAaEgDEG1Z03Oxu8u6e8xCo,0
NPR,1,4,FALSE,1is--bJyqVRi84BFx4NW7aOKhDhoo61YVRpRZb8Hnkjg,615586151,1jnZA30rRAftxbutkFnLBOAaEgDEG1Z03Oxu8u6e8xCo,970956181
WBC,1,8,FALSE,1is--bJyqVRi84BFx4NW7aOKhDhoo61YVRpRZb8Hnkjg,142169334,1jnZA30rRAftxbutkFnLBOAaEgDEG1Z03Oxu8u6e8xCo,19514780
GIB,1,7,FALSE,1is--bJyqVRi84BFx4NW7aOKhDhoo61YVRpRZb8Hnkjg,650002499,1jnZA30rRAftxbutkFnLBOAaEgDEG1Z03Oxu8u6e8xCo,1927419254
GIB,2,10,FALSE,1is--bJyqVRi84BFx4NW7aOKhDhoo61YVRpRZb8Hnkjg,1714109525,1jnZA30rRAftxbutkFnLBOAaEgDEG1Z03Oxu8u6e8xCo,101422055
GIB,3,12,FALSE,1is--bJyqVRi84BFx4NW7aOKhDhoo61YVRpRZb8Hnkjg,2057576548,1jnZA30rRAftxbutkFnLBOAaEgDEG1Z03Oxu8u6e8xCo,993465802
