Line ID,Batting Team's Score:,,,,,"Win Probability, slightly edited",,,,,,,,,,,,,,,,,,,,
,Inning,Top/Bot,OBC,Outs,Inning&OBC&Outs,-10+,-9,-8,-7,-6,-5,-4,-3,-2,-1,0,1,2,3,4,5,6,7,8,9,10+
0,1,1,0,0,1100,SS,SS,SS,SS,SS,SS,SS,SS,SS,SS,50.00%,61.33%,71.66%,79.82%,86.23%,91.05%,93.94%,98.06%,97.04%,98.53%,100.00%
1,1,1,0,1,1101,SS,SS,SS,SS,SS,SS,SS,SS,SS,SS,47.49%,59.24%,69.98%,78.73%,85.48%,90.34%,93.35%,97.08%,97.23%,98.45%,99.19%
2,1,1,0,2,1102,SS,SS,SS,SS,SS,SS,SS,SS,SS,SS,45.31%,57.40%,68.52%,77.47%,84.65%,89.72%,93.18%,96.22%,97.60%,98.77%,99.51%
3,1,1,1,0,1110,SS,SS,SS,SS,SS,SS,SS,SS,SS,SS,52.91%,63.72%,73.69%,81.32%,87.22%,92.20%,93.79%,98.14%,99.00%,99.50%,100.00%
4,1,1,1,1,1111,SS,SS,SS,SS,SS,SS,SS,SS,SS,SS,49.92%,61.41%,71.55%,80.02%,86.40%,91.85%,93.58%,97.55%,97.06%,99.04%,100.00%
5,1,1,1,2,1112,SS,SS,SS,SS,SS,SS,SS,SS,SS,SS,47.29%,59.28%,69.94%,78.62%,85.40%,90.64%,93.62%,95.91%,97.52%,99.04%,99.75%
6,1,1,2,0,1120,SS,SS,SS,SS,SS,SS,SS,SS,SS,SS,56.33%,67.03%,76.40%,83.18%,88.90%,93.64%,93.41%,95.58%,98.00%,100.00%,100.00%
7,1,1,2,1,1121,SS,SS,SS,SS,SS,SS,SS,SS,SS,SS,52.14%,63.27%,73.16%,80.95%,87.34%,92.29%,94.94%,97.04%,97.92%,100.00%,100.00%
8,1,1,2,2,1122,SS,SS,SS,SS,SS,SS,SS,SS,SS,SS,48.36%,60.15%,70.74%,79.18%,86.15%,90.75%,94.03%,96.25%,97.49%,99.34%,99.48%
9,1,1,3,0,1130,SS,SS,SS,SS,SS,SS,SS,SS,SS,SS,59.57%,70.10%,78.91%,85.27%,89.63%,93.71%,96.48%,98.65%,98.50%,100.00%,100.00%
10,1,1,3,1,1131,SS,SS,SS,SS,SS,SS,SS,SS,SS,SS,55.35%,66.48%,75.85%,83.21%,88.08%,92.10%,95.29%,97.71%,98.04%,98.67%,100.00%
11,1,1,3,2,1132,SS,SS,SS,SS,SS,SS,SS,SS,SS,SS,48.47%,60.40%,70.49%,79.45%,85.73%,90.17%,93.67%,96.48%,98.05%,98.60%,100.00%
12,1,1,4,0,1140,SS,SS,SS,SS,SS,SS,SS,SS,SS,SS,58.47%,68.36%,77.48%,84.06%,89.65%,94.35%,96.69%,98.00%,98.25%,99.00%,100.00%
13,1,1,4,1,1141,SS,SS,SS,SS,SS,SS,SS,SS,SS,SS,54.03%,64.92%,74.26%,81.61%,87.37%,92.05%,94.79%,96.00%,97.76%,98.75%,100.00%
14,1,1,4,2,1142,SS,SS,SS,SS,SS,SS,SS,SS,SS,SS,50.10%,61.52%,71.93%,79.87%,86.38%,91.29%,93.99%,97.08%,98.29%,98.82%,100.00%
15,1,1,5,0,1150,SS,SS,SS,SS,SS,SS,SS,SS,SS,SS,62.47%,72.45%,80.76%,86.09%,92.61%,96.12%,99.06%,99.25%,99.50%,99.75%,100.00%
16,1,1,5,1,1151,SS,SS,SS,SS,SS,SS,SS,SS,SS,SS,57.36%,67.60%,77.02%,83.07%,89.13%,92.65%,96.11%,98.33%,98.80%,99.50%,100.00%
17,1,1,5,2,1152,SS,SS,SS,SS,SS,SS,SS,SS,SS,SS,50.12%,61.54%,71.68%,80.19%,86.33%,91.01%,94.15%,96.33%,96.56%,99.17%,100.00%
18,1,1,6,0,1160,SS,SS,SS,SS,SS,SS,SS,SS,SS,SS,65.43%,74.51%,82.00%,88.23%,93.07%,93.44%,98.84%,98.28%,99.50%,99.75%,100.00%
19,1,1,6,1,1161,SS,SS,SS,SS,SS,SS,SS,SS,SS,SS,59.47%,69.71%,78.48%,84.91%,89.61%,92.70%,96.64%,96.99%,99.26%,99.50%,100.00%
20,1,1,6,2,1162,SS,SS,SS,SS,SS,SS,SS,SS,SS,SS,50.89%,62.12%,72.56%,79.26%,86.52%,90.03%,96.54%,96.67%,98.50%,99.25%,100.00%
21,1,1,7,0,1170,SS,SS,SS,SS,SS,SS,SS,SS,SS,SS,67.81%,76.18%,83.44%,89.11%,93.71%,97.16%,98.06%,98.39%,99.50%,99.75%,100.00%
22,1,1,7,1,1171,SS,SS,SS,SS,SS,SS,SS,SS,SS,SS,61.89%,71.47%,79.57%,85.55%,90.50%,93.90%,96.26%,97.81%,99.34%,98.18%,100.00%
23,1,1,7,2,1172,SS,SS,SS,SS,SS,SS,SS,SS,SS,SS,53.42%,64.29%,74.12%,81.29%,87.48%,92.01%,94.85%,96.63%,98.15%,98.15%,100.00%
24,1,2,0,0,1200,0.35%,1.31%,2.75%,4.06%,6.98%,10.59%,16.06%,23.44%,32.72%,44.07%,56.45%,68.24%,77.76%,85.06%,90.36%,93.95%,96.14%,97.09%,99.23%,99.75%,100.00%
25,1,2,0,1,1201,0.40%,0.83%,2.29%,3.32%,5.84%,9.14%,14.11%,21.09%,29.98%,41.28%,53.97%,66.27%,76.39%,84.20%,89.79%,93.64%,96.61%,97.76%,98.45%,99.28%,98.92%
26,1,2,0,2,1202,0.26%,0.76%,1.89%,2.68%,4.86%,7.95%,12.54%,19.11%,27.78%,38.92%,51.80%,64.47%,74.96%,83.17%,89.33%,93.17%,95.90%,97.59%,98.88%,99.58%,99.54%
27,1,2,1,0,1210,0.00%,2.19%,4.10%,5.48%,8.09%,12.61%,19.08%,26.45%,36.19%,47.29%,59.21%,70.47%,79.04%,86.24%,91.56%,94.24%,97.71%,97.14%,99.50%,99.75%,100.00%
28,1,2,1,1,1211,0.33%,0.88%,2.83%,4.23%,7.63%,10.73%,16.16%,23.69%,32.81%,44.04%,56.25%,67.86%,77.59%,84.84%,89.99%,93.54%,97.24%,98.23%,98.57%,98.89%,100.00%
29,1,2,1,2,1212,0.36%,1.40%,1.75%,3.70%,6.34%,9.46%,14.02%,21.01%,29.92%,41.14%,53.70%,66.16%,76.20%,83.72%,89.80%,93.70%,96.03%,97.14%,99.45%,99.54%,100.00%
30,1,2,2,0,1220,0.75%,1.49%,4.69%,5.31%,11.47%,13.45%,20.82%,29.62%,39.94%,51.11%,62.78%,73.00%,81.13%,87.56%,93.38%,94.66%,97.94%,98.00%,98.75%,99.75%,100.00%
31,1,2,2,1,1221,0.50%,1.66%,2.90%,3.91%,8.08%,11.23%,17.79%,24.99%,35.31%,46.25%,58.70%,69.97%,78.82%,86.27%,91.36%,94.70%,96.14%,98.65%,98.19%,99.60%,99.75%
32,1,2,2,2,1222,0.10%,1.50%,2.65%,3.16%,6.26%,8.70%,14.62%,21.46%,30.97%,42.45%,54.93%,67.04%,76.68%,84.62%,89.79%,93.71%,95.79%,97.64%,98.52%,99.58%,99.67%
33,1,2,3,0,1230,0.75%,1.00%,1.90%,7.37%,11.55%,15.68%,23.03%,32.09%,42.53%,54.61%,66.27%,75.93%,84.16%,90.27%,93.23%,96.47%,97.04%,99.00%,99.50%,99.75%,100.00%
34,1,2,3,1,1231,0.50%,1.00%,4.39%,5.02%,9.88%,12.44%,19.15%,28.20%,37.84%,49.58%,61.87%,72.62%,81.33%,87.75%,92.13%,95.56%,97.47%,98.93%,99.12%,99.50%,100.00%
35,1,2,3,2,1232,0.10%,0.95%,1.34%,4.72%,6.10%,9.75%,14.34%,21.54%,30.88%,42.39%,55.05%,66.89%,76.99%,84.85%,90.08%,93.77%,95.76%,97.33%,98.53%,99.33%,100.00%
36,1,2,4,0,1240,0.00%,2.91%,7.73%,7.95%,10.24%,17.06%,24.56%,33.07%,42.86%,53.29%,64.41%,74.75%,82.38%,88.05%,91.74%,96.70%,98.95%,99.25%,99.50%,99.75%,100.00%
37,1,2,4,1,1241,0.98%,1.23%,3.54%,5.41%,9.69%,13.50%,20.16%,28.33%,37.69%,48.54%,60.14%,70.99%,80.23%,86.65%,90.82%,94.19%,97.69%,96.67%,99.00%,99.50%,100.00%
38,1,2,4,2,1242,1.08%,4.03%,1.57%,3.62%,8.58%,11.12%,16.84%,24.04%,33.41%,44.20%,56.50%,68.11%,77.67%,85.06%,90.73%,94.41%,96.06%,97.60%,98.99%,99.34%,100.00%
39,1,2,5,0,1250,1.00%,2.50%,5.00%,7.14%,16.89%,18.01%,26.59%,35.51%,45.92%,58.53%,68.57%,77.63%,85.27%,89.73%,94.43%,96.71%,97.65%,98.00%,99.00%,99.75%,100.00%
40,1,2,5,1,1251,0.25%,1.00%,2.68%,6.27%,11.18%,14.56%,21.75%,30.54%,41.08%,51.95%,63.83%,73.85%,81.60%,88.17%,93.36%,94.58%,96.66%,97.50%,98.61%,99.60%,100.00%
41,1,2,5,2,1252,0.00%,0.00%,2.79%,5.63%,6.59%,11.38%,17.19%,23.86%,33.21%,44.21%,56.52%,68.57%,77.87%,85.11%,90.57%,93.54%,96.00%,97.63%,98.70%,99.55%,100.00%
42,1,2,6,0,1260,1.00%,2.50%,5.00%,12.94%,14.25%,21.75%,29.56%,38.29%,50.20%,60.98%,71.44%,79.58%,86.69%,90.82%,94.73%,96.29%,98.37%,99.00%,99.75%,99.90%,100.00%
43,1,2,6,1,1261,0.25%,1.00%,4.31%,8.77%,9.77%,16.26%,23.51%,33.29%,43.92%,55.39%,65.96%,75.82%,83.46%,88.96%,92.70%,94.27%,97.91%,98.90%,99.50%,99.75%,100.00%
44,1,2,6,2,1262,0.10%,0.50%,3.00%,6.55%,6.12%,11.06%,17.05%,25.21%,34.10%,45.85%,57.63%,69.26%,78.64%,85.51%,90.60%,92.45%,96.94%,98.75%,99.50%,99.75%,100.00%
45,1,2,7,0,1270,1.25%,5.00%,10.00%,13.29%,13.05%,24.66%,33.04%,42.16%,53.61%,63.29%,73.48%,81.76%,87.60%,91.77%,94.48%,97.47%,97.44%,99.00%,99.75%,100.00%,100.00%
46,1,2,7,1,1271,0.75%,1.00%,4.65%,10.75%,12.61%,19.75%,26.86%,36.42%,46.61%,57.37%,67.75%,77.08%,84.73%,89.78%,93.30%,95.12%,96.91%,98.91%,99.50%,100.00%,100.00%
47,1,2,7,2,1272,0.25%,0.75%,3.00%,6.45%,8.64%,13.54%,20.22%,27.72%,37.15%,47.76%,59.36%,70.23%,79.52%,86.32%,90.70%,94.15%,97.07%,97.96%,99.44%,100.00%,100.00%
48,2,1,0,0,2100,0.56%,0.47%,1.30%,2.72%,4.57%,7.16%,11.32%,17.65%,26.16%,36.97%,49.99%,62.96%,73.94%,82.31%,88.57%,92.85%,95.44%,97.55%,98.55%,99.42%,99.88%
49,2,1,0,1,2101,0.39%,0.58%,1.00%,2.30%,3.72%,5.95%,9.65%,15.35%,23.44%,34.02%,47.27%,60.69%,72.24%,81.12%,87.72%,92.37%,95.30%,97.44%,98.47%,99.34%,99.84%
50,2,1,0,2,2102,0.17%,0.54%,0.89%,1.84%,3.03%,5.11%,8.40%,13.56%,21.17%,31.51%,44.87%,58.67%,70.72%,79.97%,86.99%,91.83%,94.96%,97.10%,98.26%,99.21%,99.80%
51,2,1,1,0,2110,0.47%,0.83%,1.32%,3.65%,6.06%,9.05%,13.75%,20.82%,29.84%,40.43%,53.08%,65.36%,75.60%,83.45%,89.25%,93.18%,95.59%,98.02%,98.44%,99.65%,100.00%
52,2,1,1,1,2111,0.44%,0.80%,0.99%,2.99%,5.15%,7.27%,11.45%,17.79%,26.26%,36.86%,49.84%,62.67%,73.60%,82.29%,88.38%,92.53%,95.74%,97.41%,98.54%,99.31%,100.00%
53,2,1,1,2,2112,0.42%,0.60%,0.73%,2.67%,3.51%,6.08%,9.58%,15.32%,23.31%,33.75%,47.02%,60.55%,71.99%,80.89%,87.39%,92.18%,95.21%,97.38%,98.21%,99.37%,99.80%
54,2,1,2,0,2120,1.04%,1.25%,1.60%,3.87%,6.55%,10.35%,15.40%,23.52%,33.17%,44.57%,56.80%,68.54%,78.35%,85.39%,90.64%,94.04%,96.05%,97.48%,98.83%,99.04%,100.00%
55,2,1,2,1,2121,0.00%,0.75%,1.42%,3.27%,5.17%,8.16%,12.56%,19.25%,28.63%,39.45%,52.38%,64.79%,75.51%,83.34%,89.20%,93.18%,95.87%,97.86%,98.75%,99.21%,99.63%
56,2,1,2,2,2122,0.00%,0.00%,0.46%,2.28%,4.29%,6.09%,9.92%,15.78%,24.47%,34.96%,48.23%,61.44%,72.92%,81.61%,88.16%,92.36%,95.37%,97.40%,98.62%,99.25%,99.61%
57,2,1,3,0,2130,0.10%,1.00%,4.12%,3.86%,6.36%,12.32%,16.89%,25.33%,35.82%,48.22%,61.08%,72.15%,80.79%,87.00%,91.56%,95.43%,96.95%,98.61%,99.34%,100.00%,100.00%
58,2,1,3,1,2131,0.00%,0.25%,0.60%,4.00%,4.85%,9.32%,14.60%,22.04%,31.18%,42.81%,55.97%,68.00%,77.99%,85.21%,90.82%,94.29%,95.98%,97.84%,99.18%,98.68%,99.00%
59,2,1,3,2,2132,0.00%,0.00%,0.83%,3.25%,3.63%,5.93%,10.27%,16.02%,24.26%,35.28%,48.43%,61.61%,72.70%,81.57%,88.23%,92.13%,94.99%,97.47%,98.87%,99.20%,99.45%
60,2,1,4,0,2140,0.75%,1.16%,2.96%,4.48%,8.54%,12.20%,18.36%,26.84%,36.89%,47.26%,58.99%,70.11%,79.01%,85.86%,91.36%,94.05%,96.31%,98.14%,98.80%,100.00%,100.00%
61,2,1,4,1,2141,0.25%,1.50%,2.40%,4.33%,6.99%,9.97%,14.67%,22.43%,31.49%,41.91%,54.29%,66.18%,76.44%,84.25%,89.42%,94.07%,96.32%,97.37%,98.19%,99.52%,100.00%
62,2,1,4,2,2142,0.10%,1.89%,0.73%,2.53%,5.31%,7.97%,11.76%,18.31%,26.78%,36.95%,50.19%,62.99%,73.87%,82.33%,87.97%,93.07%,95.52%,97.38%,98.34%,99.74%,99.90%
63,2,1,5,0,2150,1.00%,2.00%,3.00%,7.41%,10.66%,13.55%,18.67%,29.75%,40.01%,52.48%,63.64%,74.24%,82.19%,89.14%,92.60%,96.34%,96.87%,97.50%,99.44%,98.36%,99.50%
64,2,1,5,1,2151,0.50%,1.75%,2.00%,4.61%,7.17%,11.84%,15.62%,24.37%,34.43%,46.01%,57.80%,69.30%,78.87%,85.92%,91.22%,94.66%,95.43%,98.08%,99.35%,98.70%,99.40%
65,2,1,5,2,2152,0.25%,1.72%,1.63%,3.29%,4.39%,8.42%,11.99%,18.63%,26.84%,37.52%,50.21%,63.27%,73.74%,82.24%,88.39%,92.24%,95.18%,97.23%,98.51%,98.87%,99.32%
66,2,1,6,0,2160,0.50%,1.00%,2.00%,6.77%,9.35%,16.79%,24.82%,32.67%,43.78%,55.14%,66.69%,76.45%,84.14%,89.56%,93.46%,96.22%,97.49%,99.32%,100.00%,98.81%,100.00%
67,2,1,6,1,2161,0.25%,0.75%,1.39%,5.58%,9.71%,12.34%,18.00%,25.89%,37.00%,48.80%,60.34%,71.46%,80.30%,87.25%,91.86%,95.05%,97.65%,98.42%,98.29%,98.68%,100.00%
68,2,1,6,2,2162,0.10%,0.50%,1.00%,3.33%,4.58%,10.87%,11.98%,18.12%,28.33%,39.26%,50.80%,63.62%,74.59%,83.09%,88.93%,93.53%,96.32%,97.70%,97.04%,98.01%,100.00%
69,2,1,7,0,2170,0.25%,1.00%,3.92%,4.81%,12.90%,18.64%,25.42%,36.75%,47.07%,58.28%,69.20%,78.27%,85.21%,90.49%,94.36%,96.59%,98.02%,100.00%,100.00%,100.00%,100.00%
70,2,1,7,1,2171,0.10%,0.75%,3.74%,7.17%,9.62%,14.70%,21.73%,30.34%,41.02%,51.97%,62.76%,73.08%,81.31%,87.64%,92.24%,95.09%,97.16%,98.73%,99.36%,99.74%,100.00%
71,2,1,7,2,2172,0.00%,0.50%,2.50%,5.53%,5.87%,9.80%,15.33%,21.70%,30.59%,41.46%,53.61%,65.65%,75.75%,83.53%,89.23%,93.50%,96.02%,98.02%,98.91%,99.32%,100.00%
72,2,2,0,0,2200,0.34%,0.86%,1.82%,3.03%,5.39%,8.66%,13.70%,20.92%,30.65%,43.02%,57.12%,70.45%,80.49%,87.62%,92.55%,95.58%,97.38%,98.38%,99.34%,99.52%,100.00%
73,2,2,0,1,2201,0.27%,0.66%,1.47%,2.36%,4.33%,7.25%,11.72%,18.39%,27.71%,39.91%,54.40%,68.45%,79.07%,86.67%,91.89%,95.26%,97.16%,98.34%,99.31%,99.49%,99.74%
74,2,2,0,2,2202,0.18%,0.46%,1.20%,1.94%,3.49%,6.07%,10.21%,16.36%,25.18%,37.22%,52.02%,66.62%,77.74%,85.78%,91.34%,94.90%,96.95%,98.27%,99.07%,99.54%,99.75%
75,2,2,1,0,2210,0.51%,1.17%,2.49%,3.95%,6.90%,10.67%,16.58%,24.21%,34.25%,46.63%,60.06%,72.47%,82.01%,88.67%,93.02%,95.88%,97.76%,98.21%,99.14%,99.76%,100.00%
76,2,2,1,1,2211,0.48%,1.35%,2.06%,3.03%,5.71%,8.77%,13.77%,20.94%,30.69%,42.94%,56.87%,70.23%,80.32%,87.58%,92.43%,95.58%,97.40%,98.43%,99.17%,99.59%,99.67%
77,2,2,1,2,2212,0.13%,0.70%,1.43%,2.49%,4.40%,7.10%,11.77%,18.37%,27.37%,39.78%,54.09%,68.22%,78.85%,86.53%,91.92%,95.14%,97.08%,98.32%,99.15%,99.13%,99.80%
78,2,2,2,0,2220,0.61%,0.94%,2.33%,4.68%,7.82%,12.32%,18.73%,27.45%,38.15%,50.89%,63.89%,75.35%,84.06%,89.77%,94.06%,96.21%,97.75%,98.87%,99.46%,100.00%,100.00%
79,2,2,2,1,2221,0.34%,0.54%,1.58%,3.27%,6.14%,9.95%,15.11%,22.97%,33.46%,45.79%,59.46%,72.16%,81.67%,88.41%,93.14%,96.08%,97.55%,98.25%,99.36%,99.64%,99.54%
80,2,2,2,2,2222,0.11%,0.45%,1.14%,2.47%,4.42%,7.47%,12.07%,18.87%,28.88%,41.07%,55.42%,69.19%,79.49%,87.15%,92.18%,95.48%,97.23%,98.45%,99.16%,99.57%,99.68%
81,2,2,3,0,2230,0.50%,1.92%,2.75%,5.32%,8.11%,12.89%,20.57%,30.06%,41.42%,54.25%,68.30%,78.46%,86.77%,91.74%,95.56%,97.03%,98.83%,99.48%,99.58%,98.96%,100.00%
82,2,2,3,1,2231,0.37%,0.84%,2.19%,3.52%,6.47%,10.33%,17.05%,25.56%,36.39%,49.52%,63.20%,75.13%,83.74%,90.45%,94.02%,96.62%,98.34%,98.86%,99.14%,99.67%,99.12%
83,2,2,3,2,2232,0.00%,0.63%,1.94%,2.80%,4.58%,7.79%,12.36%,19.47%,28.55%,41.26%,55.50%,69.31%,79.86%,87.37%,92.22%,95.38%,97.31%,98.58%,99.19%,99.30%,99.83%
84,2,2,4,0,2240,0.96%,0.77%,4.02%,6.60%,9.63%,14.84%,22.56%,30.89%,41.39%,53.26%,65.53%,76.31%,84.78%,90.40%,93.92%,96.00%,98.40%,98.81%,98.92%,100.00%,100.00%
85,2,2,4,1,2241,1.26%,1.63%,2.35%,4.47%,7.83%,11.90%,17.65%,26.04%,35.95%,47.95%,60.93%,73.16%,82.45%,88.97%,92.92%,95.92%,97.86%,98.49%,99.73%,99.69%,100.00%
86,2,2,4,2,2242,0.65%,1.53%,1.18%,3.31%,5.97%,9.11%,13.82%,21.74%,31.07%,43.27%,57.00%,70.32%,80.23%,87.51%,92.35%,95.53%,97.12%,98.61%,99.32%,99.15%,99.79%
87,2,2,5,0,2250,1.41%,1.96%,3.54%,7.91%,10.61%,15.88%,24.84%,34.66%,45.34%,58.71%,71.02%,80.64%,87.84%,92.13%,95.47%,97.28%,97.65%,98.99%,99.90%,99.90%,100%
88,2,2,5,1,2251,0.00%,0.50%,3.00%,5.28%,8.99%,14.01%,19.77%,28.38%,39.44%,52.00%,64.77%,75.91%,84.71%,90.53%,94.32%,96.35%,98.46%,98.79%,99.74%,99.75%,99.75%
89,2,2,5,2,2252,0.00%,0.30%,2.96%,3.77%,5.86%,8.86%,13.96%,21.34%,31.13%,43.37%,57.38%,70.42%,80.40%,87.95%,92.68%,95.19%,97.14%,98.35%,99.12%,99.32%,99.69%
90,2,2,6,0,2260,0.00%,3.45%,6.20%,8.10%,13.18%,18.31%,27.26%,37.77%,49.12%,62.80%,73.43%,82.29%,89.27%,93.65%,96.04%,97.56%,98.94%,99.45%,99.30%,99.50%,100.00%
91,2,2,6,1,2261,0.68%,3.24%,4.28%,5.82%,9.33%,14.51%,22.18%,30.81%,42.77%,54.85%,67.13%,77.91%,85.68%,91.43%,94.79%,96.88%,98.44%,98.47%,99.02%,99.51%,99.44%
92,2,2,6,2,2262,1.19%,1.59%,1.22%,2.09%,6.57%,8.80%,15.50%,22.58%,32.45%,44.15%,58.31%,70.92%,80.90%,88.14%,92.85%,95.90%,97.66%,97.65%,99.26%,99.50%,100.00%
93,2,2,7,0,2270,1.15%,3.06%,5.88%,11.98%,15.43%,21.91%,32.15%,41.05%,52.72%,65.11%,75.71%,83.83%,89.83%,93.83%,95.98%,97.28%,98.65%,99.14%,98.90%,100.00%,100.00%
94,2,2,7,1,2271,3.08%,1.64%,3.12%,8.37%,13.43%,18.16%,26.07%,35.14%,45.99%,57.88%,69.27%,79.12%,86.55%,91.71%,94.98%,97.04%,98.47%,99.32%,99.00%,99.65%,99.15%
95,2,2,7,2,2272,0.63%,0.00%,1.26%,4.83%,8.71%,12.43%,18.16%,25.57%,35.26%,47.27%,60.20%,72.54%,81.95%,88.31%,92.84%,96.04%,97.49%,98.54%,99.59%,99.70%,99.66%
96,3,1,0,0,3100,0.23%,0.64%,0.92%,1.82%,3.18%,5.38%,9.08%,14.91%,23.39%,34.94%,50.01%,64.91%,76.74%,85.12%,90.82%,94.54%,96.83%,98.36%,99.00%,99.54%,99.82%
97,3,1,0,1,3101,0.12%,0.44%,0.68%,1.31%,2.38%,4.27%,7.47%,12.63%,20.45%,31.62%,46.98%,62.54%,75.02%,83.98%,90.15%,94.12%,96.63%,98.16%,98.93%,99.51%,99.86%
98,3,1,0,2,3102,0.03%,0.41%,0.61%,1.05%,1.77%,3.36%,6.14%,10.76%,18.09%,28.77%,44.24%,60.51%,73.46%,82.95%,89.52%,93.63%,96.39%,98.01%,98.93%,99.46%,99.85%
99,3,1,1,0,3110,0.63%,1.13%,1.26%,2.41%,4.48%,7.19%,11.37%,18.16%,27.21%,38.90%,53.32%,67.45%,78.48%,86.17%,91.56%,95.00%,97.02%,98.64%,99.26%,99.61%,99.89%
100,3,1,1,1,3111,0.29%,0.77%,0.92%,1.66%,3.42%,5.74%,9.28%,15.21%,23.53%,34.89%,49.75%,64.58%,76.45%,84.91%,90.68%,94.59%,96.90%,98.26%,98.97%,99.49%,99.96%
101,3,1,1,2,3112,0.24%,0.73%,0.79%,1.37%,2.28%,4.32%,7.36%,12.64%,20.31%,31.45%,46.74%,62.26%,74.82%,83.93%,90.12%,94.03%,96.49%,98.12%,98.90%,99.49%,99.82%
102,3,1,2,0,3120,0.20%,1.12%,1.75%,3.40%,5.51%,8.00%,13.15%,20.68%,30.91%,43.46%,57.72%,70.84%,80.92%,87.88%,92.65%,95.55%,97.50%,99.03%,99.22%,99.60%,99.77%
103,3,1,2,1,3121,0.61%,0.34%,0.86%,1.81%,3.75%,6.02%,10.26%,16.75%,25.78%,37.86%,52.56%,67.05%,78.09%,85.91%,91.44%,94.99%,97.09%,98.33%,99.03%,99.65%,99.84%
104,3,1,2,2,3122,0.14%,0.35%,0.67%,1.63%,2.62%,4.44%,7.65%,12.93%,21.25%,32.68%,47.94%,63.48%,75.60%,84.28%,90.36%,94.24%,96.72%,97.99%,99.13%,99.50%,99.83%
105,3,1,3,0,3130,0.76%,0.56%,1.39%,3.42%,6.40%,9.18%,15.18%,22.49%,33.49%,48.06%,62.13%,74.64%,83.69%,89.94%,93.20%,96.74%,97.84%,98.94%,99.37%,99.75%,99.72%
106,3,1,3,1,3131,0.00%,0.35%,1.65%,2.43%,4.65%,5.95%,11.71%,18.23%,29.22%,41.67%,56.72%,70.40%,80.83%,87.95%,92.44%,95.60%,97.47%,98.59%,98.96%,99.40%,99.79%
107,3,1,3,2,3132,0.00%,0.00%,0.90%,1.45%,3.05%,3.92%,7.96%,13.08%,21.28%,33.04%,47.80%,63.58%,75.57%,84.64%,90.23%,94.24%,96.74%,98.02%,99.06%,99.27%,99.76%
108,3,1,4,0,3140,1.59%,1.83%,1.50%,4.11%,6.58%,10.71%,16.78%,24.85%,34.53%,46.24%,59.54%,72.03%,81.87%,88.31%,92.93%,95.76%,97.26%,98.88%,99.80%,99.59%,99.77%
109,3,1,4,1,3141,1.13%,1.94%,1.40%,2.61%,5.42%,8.46%,12.83%,19.99%,29.24%,40.45%,54.50%,68.05%,79.01%,86.30%,91.64%,95.12%,97.18%,98.42%,99.37%,99.61%,99.91%
110,3,1,4,2,3142,0.82%,1.08%,0.96%,1.95%,3.22%,5.70%,9.02%,15.85%,24.19%,35.26%,49.85%,64.60%,76.57%,84.94%,90.62%,94.32%,96.93%,98.01%,99.19%,99.24%,99.73%
111,3,1,5,0,3150,0.00%,2.41%,3.35%,6.49%,8.17%,12.12%,17.08%,27.28%,37.34%,51.99%,65.77%,77.15%,85.20%,91.07%,94.45%,96.54%,98.18%,99.00%,98.53%,99.52%,100.00%
112,3,1,5,1,3151,0.94%,0.00%,1.58%,2.61%,5.31%,8.67%,14.57%,21.96%,31.95%,45.20%,58.53%,71.72%,81.63%,88.19%,93.13%,95.80%,97.70%,98.48%,98.96%,99.44%,99.80%
113,3,1,5,2,3152,0.00%,0.42%,1.23%,1.75%,3.07%,6.02%,10.09%,15.79%,23.79%,35.38%,49.99%,65.01%,76.53%,85.01%,91.00%,94.46%,96.92%,98.36%,98.95%,99.57%,99.72%
114,3,1,6,0,3160,1.39%,1.10%,3.14%,4.88%,9.43%,13.42%,21.36%,30.62%,41.90%,55.65%,68.38%,78.64%,86.92%,92.16%,94.88%,97.21%,98.02%,99.35%,98.52%,100.00%,100.00%
115,3,1,6,1,3161,0.67%,1.34%,2.02%,2.93%,6.89%,10.06%,16.07%,24.39%,34.46%,48.09%,61.49%,73.93%,82.85%,89.47%,93.65%,96.27%,97.88%,99.23%,99.50%,99.58%,100.00%
116,3,1,6,2,3162,0.00%,2.02%,1.08%,2.57%,3.12%,5.94%,10.29%,16.93%,25.07%,36.68%,50.85%,65.90%,77.22%,85.45%,91.10%,94.59%,97.28%,98.61%,98.91%,98.95%,100.00%
117,3,1,7,0,3170,5.00%,1.14%,3.87%,7.31%,10.23%,16.02%,24.71%,35.46%,46.32%,58.37%,70.96%,80.56%,87.69%,92.37%,95.46%,97.37%,98.73%,99.71%,99.15%,99.60%,100.00%
118,3,1,7,1,3171,2.00%,3.55%,3.18%,5.05%,9.36%,12.93%,19.62%,28.81%,39.28%,51.20%,64.02%,75.45%,83.81%,89.67%,93.51%,96.35%,97.78%,99.03%,99.32%,99.67%,100.00%
119,3,1,7,2,3172,0.00%,1.08%,0.89%,3.44%,5.14%,8.12%,12.87%,19.81%,28.14%,39.88%,53.52%,67.67%,78.36%,85.89%,91.18%,94.48%,97.21%,98.54%,99.16%,99.49%,100.00%
120,3,2,0,0,3200,0.17%,0.61%,1.17%,2.15%,3.85%,6.68%,11.12%,17.93%,27.84%,41.31%,58.07%,73.49%,83.74%,90.46%,94.74%,97.11%,98.44%,99.12%,99.57%,99.73%,99.94%
121,3,2,0,1,3201,0.09%,0.40%,0.84%,1.59%,2.99%,5.28%,9.23%,15.23%,24.56%,37.73%,55.00%,71.45%,82.52%,89.65%,94.29%,96.81%,98.27%,99.07%,99.55%,99.76%,99.97%
122,3,2,0,2,3202,0.07%,0.31%,0.67%,1.21%,2.31%,4.31%,7.70%,13.08%,21.78%,34.63%,52.23%,69.65%,81.33%,88.97%,93.85%,96.61%,98.18%,99.06%,99.48%,99.67%,99.95%
123,3,2,1,0,3210,0.32%,1.08%,1.52%,2.91%,5.12%,8.71%,13.83%,21.61%,31.95%,45.43%,61.16%,75.58%,84.89%,91.28%,95.16%,97.40%,98.57%,99.19%,99.56%,99.69%,99.85%
124,3,2,1,1,3211,0.17%,0.58%,1.12%,2.19%,3.94%,6.71%,11.48%,18.10%,27.89%,41.04%,57.70%,73.10%,83.49%,90.24%,94.67%,96.86%,98.41%,99.03%,99.44%,99.71%,100.00%
125,3,2,1,2,3212,0.09%,0.35%,0.91%,1.50%,2.93%,5.40%,9.35%,15.27%,24.49%,37.29%,54.60%,71.19%,82.31%,89.58%,94.23%,96.74%,98.18%,99.02%,99.54%,99.58%,99.98%
126,3,2,2,0,3220,0.49%,0.97%,2.06%,3.55%,6.06%,10.37%,15.86%,25.01%,36.27%,50.65%,65.80%,78.70%,87.14%,92.62%,95.80%,97.76%,98.84%,99.31%,99.65%,99.75%,100.00%
127,3,2,2,1,3221,0.20%,0.85%,1.66%,2.61%,4.52%,7.58%,12.62%,20.25%,30.77%,44.64%,60.79%,75.23%,85.02%,91.10%,95.09%,97.37%,98.36%,99.21%,99.57%,99.88%,100.00%
128,3,2,2,2,3222,0.04%,0.16%,0.96%,1.82%,2.95%,5.56%,9.62%,15.92%,25.67%,39.16%,56.13%,72.18%,83.08%,89.95%,94.45%,96.96%,98.19%,99.10%,99.56%,99.83%,99.91%
129,3,2,3,0,3230,0.00%,0.98%,2.26%,3.79%,6.66%,11.29%,17.56%,27.48%,40.36%,55.41%,70.72%,82.09%,89.11%,93.66%,96.56%,98.34%,99.00%,99.42%,100.00%,100.00%,100.00%
130,3,2,3,1,3231,0.00%,0.78%,1.60%,2.99%,5.45%,8.54%,13.47%,22.59%,34.01%,49.03%,65.35%,77.95%,86.98%,92.12%,95.72%,97.95%,98.68%,99.17%,99.52%,99.76%,100.00%
131,3,2,3,2,3232,0.34%,0.25%,0.72%,1.63%,3.37%,5.79%,9.44%,16.25%,25.53%,39.09%,56.43%,72.16%,82.96%,89.89%,94.43%,97.15%,98.31%,99.01%,99.48%,99.64%,99.88%
132,3,2,4,0,3240,0.86%,2.24%,2.32%,4.80%,7.95%,12.88%,19.77%,28.84%,39.92%,52.70%,67.27%,79.51%,87.29%,92.76%,95.81%,97.90%,98.89%,99.33%,99.75%,99.80%,99.90%
133,3,2,4,1,3241,0.31%,1.13%,2.04%,3.16%,5.97%,9.68%,15.71%,23.46%,34.19%,46.89%,62.26%,76.07%,85.57%,91.40%,94.92%,97.38%,98.63%,99.08%,99.42%,99.79%,99.79%
134,3,2,4,2,3242,0.15%,0.71%,1.09%,1.90%,3.73%,7.00%,11.68%,18.37%,28.61%,41.39%,57.70%,73.17%,83.74%,90.41%,94.60%,97.10%,98.47%,99.12%,99.43%,99.72%,99.86%
135,3,2,5,0,3250,0.40%,1.43%,2.57%,4.61%,8.53%,15.00%,21.51%,32.56%,44.26%,59.80%,73.42%,84.02%,90.49%,94.93%,96.55%,98.50%,99.25%,99.46%,100.00%,100.00%,100.00%
136,3,2,5,1,3251,0.23%,1.59%,2.52%,3.42%,5.93%,10.48%,16.81%,26.23%,38.05%,51.89%,66.99%,79.37%,87.42%,92.67%,95.94%,98.01%,98.65%,99.09%,99.40%,100.00%,100.00%
137,3,2,5,2,3252,0.26%,0.38%,1.54%,2.23%,4.48%,7.44%,12.00%,18.28%,28.65%,41.63%,57.83%,73.44%,83.79%,90.50%,94.72%,97.06%,98.41%,99.22%,99.47%,99.82%,99.89%
138,3,2,6,0,3260,0.70%,2.68%,3.40%,5.07%,10.03%,15.25%,25.02%,35.64%,48.78%,63.38%,76.05%,85.66%,91.25%,95.05%,97.31%,98.34%,99.20%,99.32%,100.00%,100.00%,100.00%
139,3,2,6,1,3261,0.23%,0.44%,2.03%,3.65%,6.95%,11.73%,18.96%,29.01%,40.72%,55.29%,69.51%,81.18%,88.42%,93.44%,96.39%,97.71%,98.94%,99.19%,99.41%,99.66%,99.82%
140,3,2,6,2,3262,0.00%,0.00%,0.86%,2.19%,3.10%,7.58%,11.92%,19.91%,30.00%,43.17%,59.16%,74.29%,83.72%,90.71%,94.48%,96.69%,98.38%,99.03%,99.17%,99.67%,99.75%
141,3,2,7,0,3270,0.78%,6.20%,6.36%,7.66%,14.03%,20.33%,28.73%,40.46%,52.61%,65.63%,77.88%,86.73%,92.08%,95.64%,97.56%,98.66%,99.40%,99.55%,100.00%,100.00%,100.00%
142,3,2,7,1,3271,1.28%,1.49%,3.81%,5.82%,10.48%,15.88%,24.09%,33.33%,45.04%,57.75%,71.03%,82.26%,89.37%,93.65%,96.50%,98.58%,98.98%,99.41%,99.79%,100.00%,100.00%
143,3,2,7,2,3272,0.67%,0.79%,2.68%,3.37%,5.48%,9.83%,15.41%,23.15%,33.22%,45.75%,61.42%,75.43%,85.38%,90.99%,95.01%,97.69%,98.42%,99.13%,99.61%,100.00%,100.00%
144,4,1,0,0,4100,0.09%,0.32%,0.55%,1.06%,1.98%,3.60%,6.56%,11.68%,19.72%,31.97%,50.04%,67.96%,80.29%,88.34%,93.34%,96.34%,98.06%,99.00%,99.49%,99.79%,99.94%
145,4,1,0,1,4101,0.05%,0.22%,0.40%,0.76%,1.38%,2.63%,5.01%,9.34%,16.50%,28.01%,46.46%,65.52%,78.76%,87.36%,92.81%,95.96%,97.87%,98.88%,99.41%,99.75%,99.93%
146,4,1,0,2,4102,0.01%,0.13%,0.27%,0.53%,0.96%,1.98%,3.85%,7.52%,13.85%,24.64%,43.27%,63.39%,77.32%,86.53%,92.26%,95.69%,97.70%,98.78%,99.41%,99.75%,99.95%
147,4,1,1,0,4110,0.17%,0.37%,0.74%,1.56%,3.01%,5.11%,8.91%,15.08%,23.99%,36.65%,53.72%,70.54%,81.76%,89.26%,93.85%,96.81%,98.19%,99.04%,99.57%,99.84%,99.96%
148,4,1,1,1,4111,0.13%,0.50%,0.47%,1.15%,2.08%,3.77%,6.74%,11.89%,20.04%,31.85%,49.65%,67.45%,80.08%,88.05%,93.30%,96.28%,97.98%,98.98%,99.41%,99.65%,99.92%
149,4,1,1,2,4112,0.09%,0.20%,0.34%,0.82%,1.39%,2.58%,4.89%,9.41%,16.43%,27.92%,46.15%,65.24%,78.62%,87.31%,92.64%,95.91%,97.85%,98.94%,99.44%,99.71%,99.91%
150,4,1,2,0,4120,0.07%,0.90%,0.99%,1.69%,3.47%,6.22%,10.51%,17.68%,28.27%,42.07%,58.87%,74.13%,84.06%,90.74%,94.80%,97.38%,98.49%,99.25%,99.54%,99.82%,99.91%
151,4,1,2,1,4121,0.05%,0.39%,0.72%,1.32%,2.27%,4.30%,7.60%,13.53%,22.58%,35.44%,52.92%,70.19%,81.64%,88.90%,93.82%,96.71%,98.18%,99.09%,99.48%,99.80%,99.91%
152,4,1,2,2,4122,0.05%,0.19%,0.35%,0.71%,1.34%,2.90%,5.24%,9.64%,17.43%,29.38%,47.73%,66.45%,79.18%,87.57%,92.93%,96.14%,97.87%,98.92%,99.53%,99.67%,99.90%
153,4,1,3,0,4130,0.25%,0.78%,1.35%,1.41%,3.47%,6.44%,11.16%,19.00%,30.94%,47.47%,64.96%,77.68%,86.69%,92.47%,95.77%,97.59%,98.84%,99.29%,99.87%,100.00%,100.00%
154,4,1,3,1,4131,0.16%,0.57%,1.07%,1.22%,2.43%,4.66%,8.51%,15.21%,25.37%,39.96%,58.56%,73.77%,83.86%,90.80%,94.68%,97.06%,98.55%,99.25%,99.63%,99.89%,99.95%
155,4,1,3,2,4132,0.21%,0.40%,0.32%,0.88%,1.27%,2.70%,5.33%,9.95%,17.39%,29.39%,47.79%,66.47%,79.58%,87.63%,92.97%,96.31%,98.10%,98.97%,99.47%,99.78%,99.93%
156,4,1,4,0,4140,0.27%,0.14%,1.48%,2.84%,5.41%,7.97%,14.17%,21.90%,32.69%,45.03%,60.71%,75.41%,84.67%,91.09%,94.95%,97.51%,98.51%,99.28%,99.65%,99.81%,100.00%
157,4,1,4,1,4141,0.08%,0.72%,1.27%,1.98%,3.75%,6.18%,10.69%,17.12%,26.46%,38.28%,54.90%,71.12%,82.18%,89.22%,93.94%,96.78%,98.38%,99.21%,99.49%,99.88%,99.96%
158,4,1,4,2,4142,0.09%,0.28%,0.49%,1.11%,2.06%,3.75%,7.11%,12.59%,20.74%,32.23%,49.81%,67.96%,80.13%,88.08%,93.05%,96.23%,98.11%,99.08%,99.64%,99.88%,99.95%
159,4,1,5,0,4150,0.48%,1.43%,2.10%,2.61%,5.16%,9.64%,14.95%,24.50%,35.47%,51.35%,68.29%,80.21%,88.09%,92.86%,95.84%,97.80%,99.05%,99.39%,99.63%,99.78%,100.00%
160,4,1,5,1,4151,0.00%,0.51%,1.57%,1.36%,3.02%,7.11%,11.58%,19.24%,29.68%,43.72%,60.06%,75.13%,84.57%,91.13%,94.93%,97.31%,98.61%,99.50%,99.30%,99.82%,99.91%
161,4,1,5,2,4152,0.16%,0.16%,0.59%,1.31%,1.90%,3.74%,6.96%,12.15%,20.73%,32.63%,50.07%,67.86%,80.46%,88.42%,93.09%,96.28%,98.15%,98.95%,99.60%,99.86%,99.90%
162,4,1,6,0,4160,1.33%,1.38%,2.13%,2.76%,6.82%,11.78%,17.02%,28.63%,40.82%,56.61%,71.23%,82.13%,89.64%,94.04%,96.87%,98.23%,98.76%,99.35%,99.71%,100.00%,100.00%
163,4,1,6,1,4161,0.00%,0.53%,1.24%,2.42%,4.11%,7.86%,12.20%,21.65%,32.78%,47.14%,63.65%,76.94%,86.01%,91.84%,95.65%,97.50%,98.26%,99.23%,99.79%,99.84%,100.00%
164,4,1,6,2,4162,0.00%,0.48%,0.95%,1.04%,2.37%,3.79%,7.38%,13.41%,22.18%,33.59%,51.55%,69.05%,80.24%,88.54%,93.55%,96.38%,97.68%,98.84%,99.42%,100.00%,100.00%
165,4,1,7,0,4170,1.25%,1.40%,3.53%,5.75%,9.18%,14.94%,22.57%,33.25%,44.94%,60.21%,73.13%,83.90%,90.15%,94.48%,96.89%,98.53%,99.08%,99.22%,99.79%,99.61%,99.83%
166,4,1,7,1,4171,0.43%,1.89%,2.42%,4.10%,7.34%,12.10%,18.19%,26.84%,37.61%,50.70%,65.45%,77.93%,86.67%,92.38%,95.89%,97.78%,98.65%,99.28%,99.55%,99.62%,100.00%
167,4,1,7,2,4172,0.23%,1.25%,0.61%,2.73%,3.87%,6.13%,10.83%,16.56%,25.92%,37.52%,53.65%,70.26%,81.40%,89.21%,93.88%,96.63%,98.08%,98.97%,99.56%,99.53%,99.90%
168,4,2,0,0,4200,0.09%,0.29%,0.61%,1.29%,2.44%,4.55%,8.22%,14.29%,23.94%,38.54%,59.48%,78.14%,88.04%,93.71%,96.81%,98.41%,99.26%,99.60%,99.78%,99.89%,99.98%
169,4,2,0,1,4201,0.02%,0.21%,0.41%,0.87%,1.75%,3.31%,6.33%,11.53%,20.18%,34.16%,56.05%,76.27%,86.97%,93.17%,96.53%,98.29%,99.20%,99.62%,99.77%,99.87%,99.97%
170,4,2,0,2,4202,0.02%,0.15%,0.28%,0.60%,1.25%,2.49%,4.96%,9.32%,17.09%,30.25%,52.88%,74.53%,86.00%,92.64%,96.23%,98.13%,99.14%,99.57%,99.77%,99.86%,99.96%
171,4,2,1,0,4210,0.19%,0.51%,1.00%,2.01%,3.54%,6.54%,11.17%,18.25%,29.03%,43.27%,62.59%,79.96%,88.98%,94.19%,97.12%,98.48%,99.29%,99.62%,99.78%,99.83%,99.97%
172,4,2,1,1,4211,0.03%,0.34%,0.58%,1.28%,2.50%,4.61%,8.41%,14.68%,24.37%,38.23%,58.71%,77.86%,87.78%,93.51%,96.80%,98.39%,99.18%,99.62%,99.77%,99.84%,99.98%
173,4,2,1,2,4212,0.03%,0.23%,0.50%,0.77%,1.77%,3.19%,6.22%,11.49%,20.19%,33.92%,55.53%,76.07%,86.80%,93.10%,96.51%,98.23%,99.14%,99.60%,99.80%,99.90%,100.00%
174,4,2,2,0,4220,0.29%,0.38%,1.11%,2.30%,4.33%,7.62%,13.23%,21.54%,33.45%,49.80%,68.38%,82.91%,90.85%,95.18%,97.46%,98.83%,99.30%,99.73%,99.97%,99.78%,100.00%
175,4,2,2,1,4221,0.10%,0.22%,0.76%,1.63%,2.77%,5.43%,9.99%,16.68%,27.20%,42.58%,62.42%,79.91%,89.01%,94.20%,97.10%,98.52%,99.24%,99.65%,99.87%,99.91%,99.97%
176,4,2,2,2,4222,0.02%,0.19%,0.47%,0.95%,1.73%,3.51%,6.59%,12.17%,21.24%,35.94%,57.42%,77.18%,87.50%,93.35%,96.66%,98.30%,99.20%,99.66%,99.84%,99.94%,99.99%
177,4,2,3,0,4230,0.20%,0.44%,1.08%,2.86%,3.73%,7.90%,13.61%,23.48%,37.37%,56.13%,74.10%,86.00%,92.57%,96.10%,98.12%,99.04%,99.36%,99.83%,99.92%,100.00%,100.00%
178,4,2,3,1,4231,0.23%,0.45%,0.68%,1.48%,3.01%,6.10%,10.40%,18.32%,30.53%,48.63%,67.98%,82.64%,90.43%,95.02%,97.32%,98.79%,99.43%,99.73%,99.85%,99.93%,100.00%
179,4,2,3,2,4232,0.04%,0.14%,0.32%,0.98%,1.68%,3.35%,6.73%,12.23%,21.34%,36.00%,57.44%,76.94%,87.36%,93.34%,96.51%,98.34%,99.20%,99.69%,99.88%,99.93%,100.00%
180,4,2,4,0,4240,0.37%,0.80%,1.68%,3.68%,6.49%,10.49%,17.03%,26.31%,37.89%,52.35%,69.32%,83.35%,91.05%,95.22%,97.66%,98.61%,99.48%,99.69%,99.94%,99.89%,100.00%
181,4,2,4,1,4241,0.24%,0.60%,0.90%,2.60%,4.20%,7.42%,12.64%,20.92%,31.33%,44.90%,63.64%,80.59%,89.34%,94.17%,97.20%,98.60%,99.32%,99.57%,99.76%,99.91%,99.91%
182,4,2,4,2,4242,0.07%,0.35%,0.55%,1.15%,2.47%,4.80%,8.65%,15.30%,24.89%,38.77%,58.97%,78.11%,87.79%,93.40%,96.77%,98.42%,99.27%,99.49%,99.79%,99.82%,99.97%
183,4,2,5,0,4250,0.59%,0.82%,1.02%,3.21%,6.94%,10.97%,18.47%,28.69%,42.88%,60.41%,77.73%,87.34%,93.49%,96.58%,98.09%,99.24%,99.49%,99.77%,99.85%,99.70%,100.00%
184,4,2,5,1,4251,0.33%,0.61%,0.64%,2.58%,4.77%,8.14%,14.37%,23.11%,35.11%,51.15%,69.00%,83.45%,90.80%,95.44%,97.68%,99.01%,99.34%,99.57%,100.00%,100.00%,100.00%
185,4,2,5,2,4252,0.06%,0.42%,0.49%,1.51%,2.56%,4.80%,8.51%,15.23%,25.06%,38.84%,59.10%,78.09%,88.16%,93.88%,96.72%,98.50%,99.27%,99.66%,99.78%,99.96%,100.00%
186,4,2,6,0,4260,0.38%,1.19%,1.56%,4.27%,8.22%,13.74%,21.99%,33.62%,48.68%,65.03%,79.79%,88.98%,94.27%,97.09%,98.38%,99.13%,99.68%,99.71%,100.00%,100.00%,99.78%
187,4,2,6,1,4261,0.21%,0.35%,1.22%,2.37%,5.63%,9.89%,16.38%,25.91%,39.76%,54.99%,72.06%,85.26%,91.74%,95.83%,97.94%,98.91%,99.48%,99.67%,99.90%,100.00%,100.00%
188,4,2,6,2,4262,0.00%,0.00%,0.34%,1.13%,2.42%,5.24%,9.28%,16.60%,27.52%,40.57%,60.09%,78.47%,88.16%,93.26%,96.91%,98.21%,99.41%,99.55%,99.90%,100.00%,99.83%
189,4,2,7,0,4270,0.78%,1.81%,3.57%,5.73%,11.25%,17.24%,26.81%,38.31%,51.39%,67.34%,81.71%,89.67%,94.67%,97.25%,98.86%,99.33%,99.83%,99.78%,99.74%,99.73%,99.75%
190,4,2,7,1,4271,0.44%,0.88%,1.73%,4.79%,7.95%,13.08%,21.47%,31.27%,43.39%,57.48%,73.65%,85.92%,92.14%,96.19%,98.19%,98.99%,99.47%,99.85%,99.79%,99.93%,99.93%
191,4,2,7,2,4272,0.09%,0.23%,0.42%,2.51%,3.80%,7.54%,12.83%,20.42%,30.55%,43.54%,62.31%,79.89%,88.79%,94.17%,97.13%,98.43%,99.20%,99.74%,99.64%,99.93%,99.94%
192,5,1,0,0,5100,0.04%,0.15%,0.25%,0.44%,0.93%,2.01%,3.99%,7.88%,14.86%,26.96%,49.99%,72.99%,85.17%,92.14%,95.93%,97.98%,99.04%,99.56%,99.77%,99.89%,99.98%
193,5,1,0,1,5101,0.02%,0.09%,0.14%,0.25%,0.57%,1.27%,2.65%,5.58%,11.29%,21.98%,45.68%,70.70%,83.86%,91.38%,95.56%,97.80%,98.96%,99.50%,99.76%,99.88%,99.98%
194,5,1,0,2,5102,0.00%,0.02%,0.08%,0.13%,0.33%,0.79%,1.73%,3.91%,8.47%,17.66%,41.78%,68.62%,82.67%,90.72%,95.22%,97.61%,98.88%,99.46%,99.72%,99.90%,99.97%
195,5,1,1,0,5110,0.10%,0.23%,0.50%,0.83%,1.64%,3.41%,6.19%,11.57%,20.22%,32.68%,54.11%,75.07%,86.34%,92.87%,96.26%,98.11%,99.08%,99.58%,99.78%,99.90%,99.96%
196,5,1,1,1,5111,0.04%,0.19%,0.24%,0.49%,1.02%,2.14%,4.27%,8.34%,15.54%,26.85%,49.15%,72.51%,84.75%,92.03%,95.88%,97.91%,99.01%,99.45%,99.82%,99.88%,99.95%
197,5,1,1,2,5112,0.00%,0.06%,0.13%,0.21%,0.54%,1.18%,2.58%,5.55%,11.38%,21.85%,45.14%,70.49%,83.63%,91.40%,95.56%,97.78%,98.93%,99.45%,99.74%,99.90%,99.94%
198,5,1,2,0,5120,0.00%,0.29%,0.42%,1.02%,1.84%,3.83%,7.49%,13.75%,24.06%,39.63%,60.67%,78.78%,88.49%,93.95%,96.92%,98.44%,99.23%,99.73%,99.86%,99.95%,100.00%
199,5,1,2,1,5121,0.05%,0.39%,0.26%,0.55%,1.15%,2.31%,4.79%,9.64%,17.97%,31.39%,53.65%,74.90%,86.27%,92.83%,96.25%,98.12%,99.11%,99.60%,99.81%,99.88%,99.99%
200,5,1,2,2,5122,0.02%,0.05%,0.10%,0.23%,0.54%,1.26%,2.60%,5.84%,12.15%,23.76%,47.31%,71.51%,84.32%,91.65%,95.76%,97.92%,98.98%,99.54%,99.86%,99.87%,99.98%
201,5,1,3,0,5130,0.00%,0.27%,0.84%,0.95%,1.85%,4.17%,8.14%,14.87%,26.55%,46.13%,68.45%,82.83%,90.55%,95.11%,97.68%,98.89%,99.42%,99.72%,99.96%,100.00%,100.00%
202,5,1,3,1,5131,0.00%,0.00%,0.32%,0.63%,0.92%,2.61%,5.48%,10.42%,20.19%,37.32%,60.72%,78.67%,88.57%,94.00%,96.90%,98.52%,99.17%,99.61%,99.86%,99.90%,100.00%
203,5,1,3,2,5132,0.00%,0.00%,0.09%,0.24%,0.47%,1.33%,2.79%,5.83%,12.12%,23.86%,47.74%,71.56%,84.35%,91.78%,95.73%,97.92%,99.00%,99.53%,99.79%,99.85%,99.97%
204,5,1,4,0,5140,0.07%,0.45%,1.39%,1.40%,3.37%,6.72%,11.17%,19.55%,29.89%,42.58%,61.98%,79.34%,88.81%,94.15%,96.94%,98.57%,99.37%,99.69%,99.90%,100.00%,100.00%
205,5,1,4,1,5141,0.12%,0.31%,0.66%,1.06%,1.96%,4.06%,7.92%,14.19%,23.07%,34.50%,55.23%,75.67%,86.66%,92.93%,96.50%,98.20%,99.13%,99.60%,99.87%,99.98%,100.00%
206,5,1,4,2,5142,0.04%,0.00%,0.32%,0.51%,1.05%,2.03%,4.40%,9.01%,16.35%,27.22%,49.45%,72.72%,85.14%,92.12%,95.99%,97.96%,99.08%,99.57%,99.86%,99.90%,100.00%
207,5,1,5,0,5150,0.00%,0.52%,0.92%,1.98%,3.59%,5.74%,12.13%,20.29%,31.80%,50.67%,71.84%,84.77%,91.99%,95.59%,97.76%,98.97%,99.24%,99.72%,99.75%,100.00%,100.00%
208,5,1,5,1,5151,0.00%,0.61%,0.58%,1.36%,2.22%,4.25%,8.48%,15.74%,25.11%,40.94%,61.88%,79.38%,88.70%,93.76%,96.99%,98.64%,99.13%,99.57%,99.78%,99.88%,100.00%
209,5,1,5,2,5152,0.00%,0.08%,0.18%,0.39%,1.00%,2.16%,4.64%,8.86%,16.64%,27.61%,49.60%,72.94%,84.90%,92.06%,96.01%,98.07%,99.04%,99.54%,99.69%,99.96%,99.97%
210,5,1,6,0,5160,0.70%,0.53%,0.87%,3.25%,3.72%,8.03%,13.94%,23.79%,39.29%,57.71%,74.06%,86.49%,92.54%,96.48%,98.04%,98.99%,99.42%,99.84%,99.86%,99.88%,100.00%
211,5,1,6,1,5161,0.13%,0.43%,0.50%,1.19%,2.95%,5.09%,9.96%,17.51%,29.82%,46.31%,65.23%,81.56%,89.83%,94.74%,97.27%,98.60%,99.39%,99.84%,99.70%,99.95%,99.96%
212,5,1,6,2,5162,0.00%,0.26%,0.00%,0.68%,1.23%,2.43%,4.65%,9.74%,17.65%,29.86%,50.39%,73.89%,85.41%,92.30%,95.87%,97.97%,99.02%,99.52%,99.61%,99.81%,99.93%
213,5,1,7,0,5170,0.00%,1.36%,1.53%,3.18%,6.58%,11.97%,19.33%,30.23%,43.31%,59.67%,76.70%,87.12%,93.21%,96.96%,98.39%,99.26%,99.63%,99.96%,99.93%,99.88%,100.00%
214,5,1,7,1,5171,0.32%,1.18%,1.79%,2.49%,3.92%,8.25%,15.26%,24.10%,34.97%,49.29%,67.81%,82.50%,90.52%,94.64%,97.47%,98.83%,99.35%,99.64%,99.88%,99.96%,100.00%
215,5,1,7,2,5172,0.00%,0.41%,0.87%,1.09%,1.97%,4.05%,8.34%,14.13%,22.75%,33.27%,53.84%,75.10%,86.29%,92.32%,96.30%,98.15%,99.18%,99.57%,99.73%,99.88%,100.00%
216,5,2,0,0,5200,0.03%,0.11%,0.28%,0.58%,1.19%,2.52%,5.08%,9.86%,18.46%,33.29%,61.73%,85.95%,93.46%,97.07%,98.74%,99.47%,99.79%,99.91%,99.96%,99.99%,99.99%
217,5,2,0,1,5201,0.01%,0.05%,0.16%,0.37%,0.72%,1.61%,3.43%,7.11%,14.19%,27.52%,57.61%,84.58%,92.79%,96.77%,98.60%,99.42%,99.77%,99.90%,99.96%,99.99%,100.00%
218,5,2,0,2,5202,0.01%,0.03%,0.10%,0.20%,0.42%,0.99%,2.27%,4.99%,10.74%,22.36%,53.72%,83.28%,92.15%,96.46%,98.47%,99.36%,99.74%,99.88%,99.95%,99.98%,100.00%
219,5,2,1,0,5210,0.09%,0.27%,0.49%,1.05%,1.95%,4.04%,7.88%,14.22%,24.57%,39.42%,65.06%,87.18%,94.07%,97.38%,98.86%,99.49%,99.77%,99.89%,99.97%,99.98%,100.00%
220,5,2,1,1,5211,0.02%,0.09%,0.30%,0.64%,1.20%,2.61%,5.29%,10.49%,19.36%,32.85%,60.39%,85.72%,93.34%,96.99%,98.72%,99.47%,99.75%,99.90%,99.97%,100.00%,100.00%
221,5,2,1,2,5212,0.01%,0.06%,0.19%,0.29%,0.67%,1.50%,3.31%,7.10%,14.52%,27.11%,56.90%,84.34%,92.76%,96.68%,98.59%,99.39%,99.80%,99.88%,99.93%,99.98%,100.00%
222,5,2,2,0,5220,0.06%,0.25%,0.64%,1.08%,2.53%,4.89%,9.23%,16.99%,29.92%,48.18%,72.10%,89.38%,95.07%,97.87%,99.06%,99.58%,99.86%,99.95%,99.96%,99.97%,99.97%
223,5,2,2,1,5221,0.02%,0.10%,0.21%,0.77%,1.53%,3.22%,6.09%,12.03%,22.43%,38.60%,65.23%,87.11%,94.05%,97.45%,98.87%,99.52%,99.82%,99.92%,99.96%,99.98%,100.00%
224,5,2,2,2,5222,0.01%,0.04%,0.11%,0.33%,0.76%,1.62%,3.35%,7.37%,15.44%,29.87%,59.52%,85.16%,93.12%,96.91%,98.68%,99.47%,99.76%,99.90%,99.96%,99.99%,99.99%
225,5,2,3,0,5230,0.00%,0.21%,0.69%,1.04%,2.63%,5.07%,9.71%,18.51%,32.58%,56.73%,80.55%,91.79%,96.29%,98.35%,99.23%,99.66%,99.89%,99.97%,100.00%,100.00%,100.00%
226,5,2,3,1,5231,0.00%,0.08%,0.30%,0.69%,1.55%,3.21%,6.77%,13.64%,25.10%,46.76%,73.18%,89.43%,95.14%,97.90%,99.14%,99.55%,99.88%,99.93%,100.00%,100.00%,100.00%
227,5,2,3,2,5232,0.00%,0.00%,0.17%,0.34%,0.66%,1.54%,3.56%,7.47%,15.32%,30.07%,59.42%,85.20%,93.08%,96.96%,98.66%,99.44%,99.82%,99.89%,99.99%,100.00%,100.00%
228,5,2,4,0,5240,0.18%,0.67%,1.05%,2.00%,3.94%,7.78%,14.14%,23.14%,35.39%,49.99%,72.18%,89.55%,95.21%,97.93%,99.10%,99.57%,99.87%,99.93%,100.00%,100.00%,100.00%
229,5,2,4,1,5241,0.09%,0.18%,0.67%,1.32%,2.40%,5.07%,9.76%,17.40%,27.58%,40.98%,65.83%,87.43%,94.20%,97.41%,98.88%,99.50%,99.80%,99.91%,100.00%,99.97%,100.00%
230,5,2,4,2,5242,0.02%,0.08%,0.35%,0.49%,1.26%,2.78%,5.47%,11.40%,20.13%,33.21%,60.59%,85.75%,93.46%,97.05%,98.74%,99.45%,99.73%,99.89%,99.97%,99.98%,100.00%
231,5,2,5,0,5250,0.11%,0.81%,1.13%,2.04%,4.41%,7.92%,14.30%,25.63%,39.22%,61.06%,83.10%,92.59%,96.70%,98.38%,99.40%,99.71%,99.90%,100.00%,100.00%,100.00%,99.86%
232,5,2,5,1,5251,0.00%,0.32%,0.47%,1.39%,2.81%,5.94%,10.70%,19.38%,31.71%,49.64%,72.91%,89.53%,95.25%,97.80%,99.12%,99.62%,99.82%,99.97%,100.00%,100.00%,99.95%
233,5,2,5,2,5252,0.00%,0.00%,0.19%,0.40%,1.22%,2.82%,5.45%,11.34%,20.68%,33.45%,60.74%,85.75%,93.40%,97.05%,98.74%,99.50%,99.80%,99.87%,99.97%,100.00%,100.00%
234,5,2,6,0,5260,0.30%,0.61%,1.08%,2.49%,4.77%,9.14%,17.43%,29.84%,46.83%,67.45%,84.58%,93.56%,97.27%,98.64%,99.49%,99.71%,99.76%,100.00%,100.00%,100.00%,100.00%
235,5,2,6,1,5261,0.06%,0.30%,0.58%,1.85%,2.80%,6.47%,11.86%,22.24%,36.53%,55.38%,76.37%,90.94%,95.67%,98.17%,99.16%,99.63%,99.86%,99.98%,100.00%,100.00%,100.00%
236,5,2,6,2,5262,0.00%,0.28%,0.41%,0.57%,1.47%,2.97%,5.90%,12.16%,22.41%,35.97%,61.49%,85.74%,93.17%,97.06%,98.56%,99.47%,99.74%,99.92%,100.00%,100.00%,99.91%
237,5,2,7,0,5270,0.31%,1.58%,2.25%,3.97%,7.75%,13.94%,23.10%,34.80%,50.49%,69.79%,86.85%,94.21%,97.42%,98.78%,99.56%,99.76%,99.81%,99.95%,100.00%,100.00%,100.00%
238,5,2,7,1,5271,0.19%,0.62%,1.28%,3.07%,5.04%,9.75%,18.22%,28.65%,40.72%,57.65%,77.41%,91.23%,95.93%,98.21%,99.22%,99.64%,99.90%,99.95%,100.00%,99.95%,100.00%
239,5,2,7,2,5272,0.00%,0.00%,0.63%,1.12%,2.46%,4.58%,9.34%,17.40%,26.45%,39.64%,64.24%,86.92%,94.05%,97.22%,98.74%,99.40%,99.86%,99.89%,99.94%,99.95%,100.00%
240,6,1,0,0,6100,0.00%,0.02%,0.05%,0.13%,0.27%,0.68%,1.64%,3.76%,8.36%,17.86%,49.96%,82.09%,91.68%,96.23%,98.36%,99.29%,99.70%,99.87%,99.94%,99.98%,100.00%
241,6,1,0,1,6101,0.00%,0.01%,0.01%,0.05%,0.11%,0.28%,0.72%,1.82%,4.55%,11.13%,44.52%,80.38%,90.86%,95.86%,98.18%,99.21%,99.68%,99.87%,99.95%,99.99%,100.00%
242,6,1,0,2,6102,0.00%,0.00%,0.00%,0.01%,0.02%,0.06%,0.18%,0.54%,1.67%,5.13%,39.44%,78.76%,90.06%,95.49%,98.03%,99.14%,99.64%,99.86%,99.95%,99.98%,100.00%
243,6,1,1,0,6110,0.00%,0.01%,0.13%,0.25%,0.63%,1.45%,3.33%,7.24%,14.97%,25.34%,54.34%,83.58%,92.35%,96.52%,98.54%,99.34%,99.72%,99.86%,99.92%,99.97%,99.99%
244,6,1,1,1,6111,0.01%,0.02%,0.08%,0.11%,0.26%,0.73%,1.75%,4.22%,9.83%,17.62%,48.27%,81.69%,91.54%,96.14%,98.35%,99.27%,99.69%,99.88%,99.92%,99.98%,100.00%
245,6,1,1,2,6112,0.00%,0.00%,0.00%,0.02%,0.08%,0.20%,0.53%,1.64%,5.06%,10.88%,43.46%,80.12%,90.72%,95.77%,98.22%,99.17%,99.64%,99.88%,99.93%,99.99%,99.99%
246,6,1,2,0,6120,0.00%,0.02%,0.14%,0.40%,0.62%,1.65%,3.91%,8.75%,18.46%,35.25%,63.39%,86.26%,93.78%,97.18%,98.78%,99.52%,99.79%,99.93%,99.92%,100.00%,100.00%
247,6,1,2,1,6121,0.00%,0.02%,0.04%,0.16%,0.26%,0.78%,1.98%,4.96%,11.79%,24.17%,54.35%,83.63%,92.38%,96.58%,98.52%,99.39%,99.73%,99.90%,99.91%,99.99%,100.00%
248,6,1,2,2,6122,0.00%,0.00%,0.01%,0.02%,0.06%,0.16%,0.55%,1.61%,5.16%,13.81%,47.04%,81.23%,91.19%,95.98%,98.23%,99.27%,99.65%,99.89%,99.93%,99.98%,100.00%
249,6,1,3,0,6130,0.00%,0.28%,0.11%,0.38%,0.78%,1.48%,4.34%,8.69%,19.07%,44.74%,74.65%,89.81%,95.26%,97.75%,99.25%,99.49%,99.81%,99.90%,99.97%,100.00%,100.00%
250,6,1,3,1,6131,0.04%,0.00%,0.16%,0.06%,0.30%,0.80%,2.11%,5.04%,12.31%,32.43%,64.94%,86.32%,93.82%,97.12%,98.84%,99.47%,99.82%,99.94%,99.97%,99.95%,100.00%
251,6,1,3,2,6132,0.00%,0.00%,0.00%,0.01%,0.05%,0.20%,0.61%,1.71%,5.29%,13.57%,46.67%,80.87%,91.03%,95.98%,98.27%,99.20%,99.72%,99.90%,99.93%,99.96%,100.00%
252,6,1,4,0,6140,0.00%,0.05%,0.28%,0.68%,1.69%,3.41%,7.96%,15.92%,26.15%,38.01%,63.57%,86.67%,93.84%,97.20%,98.75%,99.46%,99.70%,99.79%,99.95%,99.96%,100.00%
253,6,1,4,1,6141,0.02%,0.03%,0.16%,0.34%,0.75%,1.87%,4.56%,10.86%,18.61%,27.10%,54.95%,84.04%,92.63%,96.65%,98.54%,99.33%,99.73%,99.83%,99.97%,99.97%,100.00%
254,6,1,4,2,6142,0.00%,0.00%,0.00%,0.07%,0.17%,0.52%,1.65%,5.16%,10.96%,17.90%,48.42%,82.08%,91.60%,96.12%,98.29%,99.23%,99.67%,99.85%,99.94%,99.99%,100.00%
255,6,1,5,0,6150,0.00%,0.54%,0.40%,0.64%,1.53%,3.27%,7.40%,15.58%,26.17%,50.74%,78.39%,90.93%,96.05%,98.03%,99.32%,99.61%,99.95%,99.85%,99.94%,100.00%,100.00%
256,6,1,5,1,6151,0.00%,0.00%,0.24%,0.35%,0.61%,1.88%,4.99%,11.56%,20.80%,36.97%,64.67%,86.61%,93.75%,97.32%,98.96%,99.47%,99.79%,99.91%,99.94%,99.95%,100.00%
257,6,1,5,2,6152,0.00%,0.00%,0.00%,0.13%,0.18%,0.59%,1.81%,5.07%,11.10%,18.01%,48.67%,81.71%,91.60%,96.20%,98.38%,99.27%,99.66%,99.89%,99.95%,99.95%,99.98%
258,6,1,6,0,6160,0.00%,0.00%,0.20%,0.77%,1.77%,3.94%,8.64%,19.18%,36.42%,58.44%,79.69%,92.26%,96.18%,98.25%,99.27%,99.71%,99.85%,99.87%,100.00%,100.00%,100.00%
259,6,1,6,1,6161,0.00%,0.00%,0.17%,0.13%,0.79%,2.13%,5.70%,12.27%,25.71%,43.61%,69.20%,88.22%,94.71%,97.63%,98.92%,99.61%,99.78%,99.88%,99.98%,99.96%,100.00%
260,6,1,6,2,6162,0.00%,0.00%,0.00%,0.00%,0.18%,0.52%,1.97%,4.64%,13.98%,21.44%,49.56%,82.15%,92.05%,96.34%,98.18%,99.42%,99.63%,99.89%,99.96%,99.93%,100.00%
261,6,1,7,0,6170,0.00%,0.34%,0.68%,1.98%,4.33%,7.94%,16.69%,27.02%,39.48%,61.75%,82.62%,92.54%,96.73%,98.51%,99.46%,99.75%,99.91%,99.97%,100.00%,100.00%,100.00%
262,6,1,7,1,6171,0.00%,0.16%,0.54%,1.19%,2.42%,5.28%,12.04%,21.00%,31.61%,46.75%,70.49%,88.79%,94.81%,97.71%,99.01%,99.57%,99.82%,99.93%,99.98%,100.00%,100.00%
263,6,1,7,2,6172,0.00%,0.17%,0.10%,0.21%,0.64%,1.68%,5.38%,11.18%,18.24%,25.16%,52.99%,83.48%,92.45%,96.56%,98.45%,99.36%,99.73%,99.90%,99.93%,99.97%,100.00%
264,6,2,0,0,6200,0.00%,0.03%,0.06%,0.15%,0.40%,0.92%,2.11%,4.84%,10.63%,22.74%,65.47%,100.00%,100.00%,100.00%,100.00%,100.00%,100.00%,100.00%,100.00%,100.00%,100.00%
265,6,2,0,1,6201,0.00%,0.01%,0.02%,0.04%,0.14%,0.36%,0.92%,2.36%,5.87%,14.41%,60.20%,100.00%,100.00%,100.00%,100.00%,100.00%,100.00%,100.00%,100.00%,100.00%,100.00%
266,6,2,0,2,6202,0.00%,0.00%,0.00%,0.01%,0.03%,0.09%,0.22%,0.71%,2.16%,6.82%,55.11%,100.00%,100.00%,100.00%,100.00%,100.00%,100.00%,100.00%,100.00%,100.00%,100.00%
267,6,2,1,0,6210,0.01%,0.05%,0.13%,0.32%,0.91%,1.97%,4.31%,9.30%,18.85%,31.07%,68.71%,100.00%,100.00%,100.00%,100.00%,100.00%,100.00%,100.00%,100.00%,100.00%,100.00%
268,6,2,1,1,6211,0.00%,0.02%,0.07%,0.14%,0.36%,0.94%,2.25%,5.49%,12.79%,21.80%,63.13%,100.00%,100.00%,100.00%,100.00%,100.00%,100.00%,100.00%,100.00%,100.00%,100.00%
269,6,2,1,2,6212,0.00%,0.00%,0.01%,0.02%,0.08%,0.27%,0.68%,2.22%,6.69%,13.92%,58.84%,100.00%,100.00%,100.00%,100.00%,100.00%,100.00%,100.00%,100.00%,100.00%,100.00%
270,6,2,2,0,6220,0.00%,0.10%,0.20%,0.39%,0.96%,2.21%,5.08%,11.29%,23.40%,44.01%,78.21%,100.00%,100.00%,100.00%,100.00%,100.00%,100.00%,100.00%,100.00%,100.00%,100.00%
271,6,2,2,1,6221,0.00%,0.02%,0.08%,0.09%,0.40%,1.01%,2.62%,6.59%,15.30%,30.54%,69.78%,100.00%,100.00%,100.00%,100.00%,100.00%,100.00%,100.00%,100.00%,100.00%,100.00%
272,6,2,2,2,6222,0.00%,0.00%,0.02%,0.02%,0.08%,0.25%,0.72%,2.24%,6.82%,17.90%,62.86%,100.00%,100.00%,100.00%,100.00%,100.00%,100.00%,100.00%,100.00%,100.00%,100.00%
273,6,2,3,0,6230,0.04%,0.00%,0.03%,0.50%,0.99%,2.30%,5.23%,11.77%,23.78%,57.23%,91.59%,100.00%,100.00%,100.00%,100.00%,100.00%,100.00%,100.00%,100.00%,100.00%,100.00%
274,6,2,3,1,6231,0.00%,0.00%,0.08%,0.23%,0.39%,1.04%,2.72%,6.95%,15.56%,43.12%,82.05%,100.00%,100.00%,100.00%,100.00%,100.00%,100.00%,100.00%,100.00%,100.00%,100.00%
275,6,2,3,2,6232,0.00%,0.00%,0.00%,0.02%,0.09%,0.25%,0.63%,2.26%,6.81%,18.22%,62.82%,100.00%,100.00%,100.00%,100.00%,100.00%,100.00%,100.00%,100.00%,100.00%,100.00%
276,6,2,4,0,6240,0.00%,0.20%,0.44%,0.89%,2.49%,4.52%,10.22%,19.94%,31.35%,44.63%,76.62%,100.00%,100.00%,100.00%,100.00%,100.00%,100.00%,100.00%,100.00%,100.00%,100.00%
277,6,2,4,1,6241,0.01%,0.06%,0.19%,0.37%,1.12%,2.50%,6.09%,13.89%,23.01%,31.94%,68.94%,100.00%,100.00%,100.00%,100.00%,100.00%,100.00%,100.00%,100.00%,100.00%,100.00%
278,6,2,4,2,6242,0.00%,0.00%,0.03%,0.05%,0.27%,0.77%,2.26%,6.90%,14.10%,21.71%,63.06%,100.00%,100.00%,100.00%,100.00%,100.00%,100.00%,100.00%,100.00%,100.00%,100.00%
279,6,2,5,0,6250,0.00%,0.21%,0.18%,0.86%,2.12%,4.78%,9.68%,19.52%,31.89%,63.09%,93.41%,100.00%,100.00%,100.00%,100.00%,100.00%,100.00%,100.00%,100.00%,100.00%,100.00%
280,6,2,5,1,6251,0.00%,0.06%,0.21%,0.49%,1.09%,2.55%,6.17%,14.37%,25.83%,45.57%,79.37%,100.00%,100.00%,100.00%,100.00%,100.00%,100.00%,100.00%,100.00%,100.00%,100.00%
281,6,2,5,2,6252,0.00%,0.00%,0.00%,0.09%,0.18%,0.78%,2.08%,6.84%,14.15%,22.31%,63.60%,100.00%,100.00%,100.00%,100.00%,100.00%,100.00%,100.00%,100.00%,100.00%,100.00%
282,6,2,6,0,6260,0.07%,0.19%,0.29%,0.77%,2.51%,5.70%,11.59%,24.44%,44.59%,70.48%,92.23%,100.00%,100.00%,100.00%,100.00%,100.00%,100.00%,100.00%,100.00%,100.00%,100.00%
283,6,2,6,1,6261,0.04%,0.12%,0.13%,0.59%,1.16%,3.09%,6.98%,16.33%,31.72%,53.58%,82.77%,100.00%,100.00%,100.00%,100.00%,100.00%,100.00%,100.00%,100.00%,100.00%,100.00%
284,6,2,6,2,6262,0.00%,0.11%,0.06%,0.12%,0.17%,0.65%,1.96%,7.00%,18.22%,26.11%,63.07%,100.00%,100.00%,100.00%,100.00%,100.00%,100.00%,100.00%,100.00%,100.00%,100.00%
285,6,2,7,0,6270,0.00%,0.29%,0.98%,2.15%,5.42%,10.25%,20.31%,32.36%,46.50%,72.43%,94.86%,100.00%,100.00%,100.00%,100.00%,100.00%,100.00%,100.00%,100.00%,100.00%,100.00%
286,6,2,7,1,6271,0.06%,0.23%,0.44%,1.08%,2.79%,6.84%,15.28%,26.23%,37.11%,54.68%,83.04%,100.00%,100.00%,100.00%,100.00%,100.00%,100.00%,100.00%,100.00%,100.00%,100.00%
287,6,2,7,2,6272,0.00%,0.05%,0.00%,0.31%,0.86%,2.13%,6.81%,14.19%,22.05%,29.59%,66.28%,100.00%,100.00%,100.00%,100.00%,100.00%,100.00%,100.00%,100.00%,100.00%,100.00%
288,7,1,0,0,7100,SS,SS,SS,SS,SS,SS,SS,SS,SS,SS,49.96%,82.09%,91.68%,96.23%,98.36%,99.29%,99.70%,99.87%,99.94%,99.98%,100.00%
289,7,1,0,1,7101,SS,SS,SS,SS,SS,SS,SS,SS,SS,SS,44.52%,80.38%,90.86%,95.86%,98.18%,99.21%,99.68%,99.87%,99.95%,99.99%,100.00%
290,7,1,0,2,7102,SS,SS,SS,SS,SS,SS,SS,SS,SS,SS,39.44%,78.76%,90.06%,95.49%,98.03%,99.14%,99.64%,99.86%,99.95%,99.98%,100.00%
291,7,1,1,0,7110,SS,SS,SS,SS,SS,SS,SS,SS,SS,SS,54.34%,83.58%,92.35%,96.52%,98.54%,99.34%,99.72%,99.86%,99.92%,99.97%,99.99%
292,7,1,1,1,7111,SS,SS,SS,SS,SS,SS,SS,SS,SS,SS,48.27%,81.69%,91.54%,96.14%,98.35%,99.27%,99.69%,99.88%,99.92%,99.98%,100.00%
293,7,1,1,2,7112,SS,SS,SS,SS,SS,SS,SS,SS,SS,SS,43.46%,80.12%,90.72%,95.77%,98.22%,99.17%,99.64%,99.88%,99.93%,99.99%,99.99%
294,7,1,2,0,7120,SS,SS,SS,SS,SS,SS,SS,SS,SS,SS,63.39%,86.26%,93.78%,97.18%,98.78%,99.52%,99.79%,99.93%,99.92%,100.00%,100.00%
295,7,1,2,1,7121,SS,SS,SS,SS,SS,SS,SS,SS,SS,SS,54.35%,83.63%,92.38%,96.58%,98.52%,99.39%,99.73%,99.90%,99.91%,99.99%,100.00%
296,7,1,2,2,7122,SS,SS,SS,SS,SS,SS,SS,SS,SS,SS,47.04%,81.23%,91.19%,95.98%,98.23%,99.27%,99.65%,99.89%,99.93%,99.98%,100.00%
297,7,1,3,0,7130,SS,SS,SS,SS,SS,SS,SS,SS,SS,SS,74.65%,89.81%,95.26%,97.75%,99.25%,99.49%,99.81%,99.90%,99.97%,100.00%,100.00%
298,7,1,3,1,7131,SS,SS,SS,SS,SS,SS,SS,SS,SS,SS,64.94%,86.32%,93.82%,97.12%,98.84%,99.47%,99.82%,99.94%,99.97%,99.95%,100.00%
299,7,1,3,2,7132,SS,SS,SS,SS,SS,SS,SS,SS,SS,SS,46.67%,80.87%,91.03%,95.98%,98.27%,99.20%,99.72%,99.90%,99.93%,99.96%,100.00%
300,7,1,4,0,7140,SS,SS,SS,SS,SS,SS,SS,SS,SS,SS,63.57%,86.67%,93.84%,97.20%,98.75%,99.46%,99.70%,99.79%,99.95%,99.96%,100.00%
301,7,1,4,1,7141,SS,SS,SS,SS,SS,SS,SS,SS,SS,SS,54.95%,84.04%,92.63%,96.65%,98.54%,99.33%,99.73%,99.83%,99.97%,99.97%,100.00%
302,7,1,4,2,7142,SS,SS,SS,SS,SS,SS,SS,SS,SS,SS,48.42%,82.08%,91.60%,96.12%,98.29%,99.23%,99.67%,99.85%,99.94%,99.99%,100.00%
303,7,1,5,0,7150,SS,SS,SS,SS,SS,SS,SS,SS,SS,SS,78.39%,90.93%,96.05%,98.03%,99.32%,99.61%,99.95%,99.85%,99.94%,100.00%,100.00%
304,7,1,5,1,7151,SS,SS,SS,SS,SS,SS,SS,SS,SS,SS,64.67%,86.61%,93.75%,97.32%,98.96%,99.47%,99.79%,99.91%,99.94%,99.95%,100.00%
305,7,1,5,2,7152,SS,SS,SS,SS,SS,SS,SS,SS,SS,SS,48.67%,81.71%,91.60%,96.20%,98.38%,99.27%,99.66%,99.89%,99.95%,99.95%,99.98%
306,7,1,6,0,7160,SS,SS,SS,SS,SS,SS,SS,SS,SS,SS,79.69%,92.26%,96.18%,98.25%,99.27%,99.71%,99.85%,99.87%,100.00%,100.00%,100.00%
307,7,1,6,1,7161,SS,SS,SS,SS,SS,SS,SS,SS,SS,SS,69.20%,88.22%,94.71%,97.63%,98.92%,99.61%,99.78%,99.88%,99.98%,99.96%,100.00%
308,7,1,6,2,7162,SS,SS,SS,SS,SS,SS,SS,SS,SS,SS,49.56%,82.15%,92.05%,96.34%,98.18%,99.42%,99.63%,99.89%,99.96%,99.93%,100.00%
309,7,1,7,0,7170,SS,SS,SS,SS,SS,SS,SS,SS,SS,SS,82.62%,92.54%,96.73%,98.51%,99.46%,99.75%,99.91%,99.97%,100.00%,100.00%,100.00%
310,7,1,7,1,7171,SS,SS,SS,SS,SS,SS,SS,SS,SS,SS,70.49%,88.79%,94.81%,97.71%,99.01%,99.57%,99.82%,99.93%,99.98%,100.00%,100.00%
311,7,1,7,2,7172,SS,SS,SS,SS,SS,SS,SS,SS,SS,SS,52.99%,83.48%,92.45%,96.56%,98.45%,99.36%,99.73%,99.90%,99.93%,99.97%,100.00%
312,7,2,0,0,7200,0.00%,0.03%,0.06%,0.15%,0.40%,0.92%,2.11%,4.84%,10.63%,22.74%,65.47%,100.00%,100.00%,100.00%,100.00%,100.00%,100.00%,100.00%,100.00%,100.00%,100.00%
313,7,2,0,1,7201,0.00%,0.01%,0.02%,0.04%,0.14%,0.36%,0.92%,2.36%,5.87%,14.41%,60.20%,100.00%,100.00%,100.00%,100.00%,100.00%,100.00%,100.00%,100.00%,100.00%,100.00%
314,7,2,0,2,7202,0.00%,0.00%,0.00%,0.01%,0.03%,0.09%,0.22%,0.71%,2.16%,6.82%,55.11%,100.00%,100.00%,100.00%,100.00%,100.00%,100.00%,100.00%,100.00%,100.00%,100.00%
315,7,2,1,0,7210,0.01%,0.05%,0.13%,0.32%,0.91%,1.97%,4.31%,9.30%,18.85%,31.07%,68.71%,100.00%,100.00%,100.00%,100.00%,100.00%,100.00%,100.00%,100.00%,100.00%,100.00%
316,7,2,1,1,7211,0.00%,0.02%,0.07%,0.14%,0.36%,0.94%,2.25%,5.49%,12.79%,21.80%,63.13%,100.00%,100.00%,100.00%,100.00%,100.00%,100.00%,100.00%,100.00%,100.00%,100.00%
317,7,2,1,2,7212,0.00%,0.00%,0.01%,0.02%,0.08%,0.27%,0.68%,2.22%,6.69%,13.92%,58.84%,100.00%,100.00%,100.00%,100.00%,100.00%,100.00%,100.00%,100.00%,100.00%,100.00%
318,7,2,2,0,7220,0.00%,0.10%,0.20%,0.39%,0.96%,2.21%,5.08%,11.29%,23.40%,44.01%,78.21%,100.00%,100.00%,100.00%,100.00%,100.00%,100.00%,100.00%,100.00%,100.00%,100.00%
319,7,2,2,1,7221,0.00%,0.02%,0.08%,0.09%,0.40%,1.01%,2.62%,6.59%,15.30%,30.54%,69.78%,100.00%,100.00%,100.00%,100.00%,100.00%,100.00%,100.00%,100.00%,100.00%,100.00%
320,7,2,2,2,7222,0.00%,0.00%,0.02%,0.02%,0.08%,0.25%,0.72%,2.24%,6.82%,17.90%,62.86%,100.00%,100.00%,100.00%,100.00%,100.00%,100.00%,100.00%,100.00%,100.00%,100.00%
321,7,2,3,0,7230,0.04%,0.00%,0.03%,0.50%,0.99%,2.30%,5.23%,11.77%,23.78%,57.23%,91.59%,100.00%,100.00%,100.00%,100.00%,100.00%,100.00%,100.00%,100.00%,100.00%,100.00%
322,7,2,3,1,7231,0.00%,0.00%,0.08%,0.23%,0.39%,1.04%,2.72%,6.95%,15.56%,43.12%,82.05%,100.00%,100.00%,100.00%,100.00%,100.00%,100.00%,100.00%,100.00%,100.00%,100.00%
323,7,2,3,2,7232,0.00%,0.00%,0.00%,0.02%,0.09%,0.25%,0.63%,2.26%,6.81%,18.22%,62.82%,100.00%,100.00%,100.00%,100.00%,100.00%,100.00%,100.00%,100.00%,100.00%,100.00%
324,7,2,4,0,7240,0.00%,0.20%,0.44%,0.89%,2.49%,4.52%,10.22%,19.94%,31.35%,44.63%,76.62%,100.00%,100.00%,100.00%,100.00%,100.00%,100.00%,100.00%,100.00%,100.00%,100.00%
325,7,2,4,1,7241,0.01%,0.06%,0.19%,0.37%,1.12%,2.50%,6.09%,13.89%,23.01%,31.94%,68.94%,100.00%,100.00%,100.00%,100.00%,100.00%,100.00%,100.00%,100.00%,100.00%,100.00%
326,7,2,4,2,7242,0.00%,0.00%,0.03%,0.05%,0.27%,0.77%,2.26%,6.90%,14.10%,21.71%,63.06%,100.00%,100.00%,100.00%,100.00%,100.00%,100.00%,100.00%,100.00%,100.00%,100.00%
327,7,2,5,0,7250,0.00%,0.21%,0.18%,0.86%,2.12%,4.78%,9.68%,19.52%,31.89%,63.09%,93.41%,100.00%,100.00%,100.00%,100.00%,100.00%,100.00%,100.00%,100.00%,100.00%,100.00%
328,7,2,5,1,7251,0.00%,0.06%,0.21%,0.49%,1.09%,2.55%,6.17%,14.37%,25.83%,45.57%,79.37%,100.00%,100.00%,100.00%,100.00%,100.00%,100.00%,100.00%,100.00%,100.00%,100.00%
329,7,2,5,2,7252,0.00%,0.00%,0.00%,0.09%,0.18%,0.78%,2.08%,6.84%,14.15%,22.31%,63.60%,100.00%,100.00%,100.00%,100.00%,100.00%,100.00%,100.00%,100.00%,100.00%,100.00%
330,7,2,6,0,7260,0.07%,0.19%,0.29%,0.77%,2.51%,5.70%,11.59%,24.44%,44.59%,70.48%,92.23%,100.00%,100.00%,100.00%,100.00%,100.00%,100.00%,100.00%,100.00%,100.00%,100.00%
331,7,2,6,1,7261,0.04%,0.12%,0.13%,0.59%,1.16%,3.09%,6.98%,16.33%,31.72%,53.58%,82.77%,100.00%,100.00%,100.00%,100.00%,100.00%,100.00%,100.00%,100.00%,100.00%,100.00%
332,7,2,6,2,7262,0.00%,0.11%,0.06%,0.12%,0.17%,0.65%,1.96%,7.00%,18.22%,26.11%,63.07%,100.00%,100.00%,100.00%,100.00%,100.00%,100.00%,100.00%,100.00%,100.00%,100.00%
333,7,2,7,0,7270,0.00%,0.29%,0.98%,2.15%,5.42%,10.25%,20.31%,32.36%,46.50%,72.43%,94.86%,100.00%,100.00%,100.00%,100.00%,100.00%,100.00%,100.00%,100.00%,100.00%,100.00%
334,7,2,7,1,7271,0.06%,0.23%,0.44%,1.08%,2.79%,6.84%,15.28%,26.23%,37.11%,54.68%,83.04%,100.00%,100.00%,100.00%,100.00%,100.00%,100.00%,100.00%,100.00%,100.00%,100.00%
335,7,2,7,2,7272,0.00%,0.05%,0.00%,0.31%,0.86%,2.13%,6.81%,14.19%,22.05%,29.59%,66.28%,100.00%,100.00%,100.00%,100.00%,100.00%,100.00%,100.00%,100.00%,100.00%,100.00%
336,8,1,0,0,8100,SS,SS,SS,SS,SS,SS,SS,SS,SS,SS,49.96%,82.09%,91.68%,96.23%,98.36%,99.29%,99.70%,99.87%,99.94%,99.98%,100.00%
337,8,1,0,1,8101,SS,SS,SS,SS,SS,SS,SS,SS,SS,SS,44.52%,80.38%,90.86%,95.86%,98.18%,99.21%,99.68%,99.87%,99.95%,99.99%,100.00%
338,8,1,0,2,8102,SS,SS,SS,SS,SS,SS,SS,SS,SS,SS,39.44%,78.76%,90.06%,95.49%,98.03%,99.14%,99.64%,99.86%,99.95%,99.98%,100.00%
339,8,1,1,0,8110,SS,SS,SS,SS,SS,SS,SS,SS,SS,SS,54.34%,83.58%,92.35%,96.52%,98.54%,99.34%,99.72%,99.86%,99.92%,99.97%,99.99%
340,8,1,1,1,8111,SS,SS,SS,SS,SS,SS,SS,SS,SS,SS,48.27%,81.69%,91.54%,96.14%,98.35%,99.27%,99.69%,99.88%,99.92%,99.98%,100.00%
341,8,1,1,2,8112,SS,SS,SS,SS,SS,SS,SS,SS,SS,SS,43.46%,80.12%,90.72%,95.77%,98.22%,99.17%,99.64%,99.88%,99.93%,99.99%,99.99%
342,8,1,2,0,8120,SS,SS,SS,SS,SS,SS,SS,SS,SS,SS,63.39%,86.26%,93.78%,97.18%,98.78%,99.52%,99.79%,99.93%,99.92%,100.00%,100.00%
343,8,1,2,1,8121,SS,SS,SS,SS,SS,SS,SS,SS,SS,SS,54.35%,83.63%,92.38%,96.58%,98.52%,99.39%,99.73%,99.90%,99.91%,99.99%,100.00%
344,8,1,2,2,8122,SS,SS,SS,SS,SS,SS,SS,SS,SS,SS,47.04%,81.23%,91.19%,95.98%,98.23%,99.27%,99.65%,99.89%,99.93%,99.98%,100.00%
345,8,1,3,0,8130,SS,SS,SS,SS,SS,SS,SS,SS,SS,SS,74.65%,89.81%,95.26%,97.75%,99.25%,99.49%,99.81%,99.90%,99.97%,100.00%,100.00%
346,8,1,3,1,8131,SS,SS,SS,SS,SS,SS,SS,SS,SS,SS,64.94%,86.32%,93.82%,97.12%,98.84%,99.47%,99.82%,99.94%,99.97%,99.95%,100.00%
347,8,1,3,2,8132,SS,SS,SS,SS,SS,SS,SS,SS,SS,SS,46.67%,80.87%,91.03%,95.98%,98.27%,99.20%,99.72%,99.90%,99.93%,99.96%,100.00%
348,8,1,4,0,8140,SS,SS,SS,SS,SS,SS,SS,SS,SS,SS,63.57%,86.67%,93.84%,97.20%,98.75%,99.46%,99.70%,99.79%,99.95%,99.96%,100.00%
349,8,1,4,1,8141,SS,SS,SS,SS,SS,SS,SS,SS,SS,SS,54.95%,84.04%,92.63%,96.65%,98.54%,99.33%,99.73%,99.83%,99.97%,99.97%,100.00%
350,8,1,4,2,8142,SS,SS,SS,SS,SS,SS,SS,SS,SS,SS,48.42%,82.08%,91.60%,96.12%,98.29%,99.23%,99.67%,99.85%,99.94%,99.99%,100.00%
351,8,1,5,0,8150,SS,SS,SS,SS,SS,SS,SS,SS,SS,SS,78.39%,90.93%,96.05%,98.03%,99.32%,99.61%,99.95%,99.85%,99.94%,100.00%,100.00%
352,8,1,5,1,8151,SS,SS,SS,SS,SS,SS,SS,SS,SS,SS,64.67%,86.61%,93.75%,97.32%,98.96%,99.47%,99.79%,99.91%,99.94%,99.95%,100.00%
353,8,1,5,2,8152,SS,SS,SS,SS,SS,SS,SS,SS,SS,SS,48.67%,81.71%,91.60%,96.20%,98.38%,99.27%,99.66%,99.89%,99.95%,99.95%,99.98%
354,8,1,6,0,8160,SS,SS,SS,SS,SS,SS,SS,SS,SS,SS,79.69%,92.26%,96.18%,98.25%,99.27%,99.71%,99.85%,99.87%,100.00%,100.00%,100.00%
355,8,1,6,1,8161,SS,SS,SS,SS,SS,SS,SS,SS,SS,SS,69.20%,88.22%,94.71%,97.63%,98.92%,99.61%,99.78%,99.88%,99.98%,99.96%,100.00%
356,8,1,6,2,8162,SS,SS,SS,SS,SS,SS,SS,SS,SS,SS,49.56%,82.15%,92.05%,96.34%,98.18%,99.42%,99.63%,99.89%,99.96%,99.93%,100.00%
357,8,1,7,0,8170,SS,SS,SS,SS,SS,SS,SS,SS,SS,SS,82.62%,92.54%,96.73%,98.51%,99.46%,99.75%,99.91%,99.97%,100.00%,100.00%,100.00%
358,8,1,7,1,8171,SS,SS,SS,SS,SS,SS,SS,SS,SS,SS,70.49%,88.79%,94.81%,97.71%,99.01%,99.57%,99.82%,99.93%,99.98%,100.00%,100.00%
359,8,1,7,2,8172,SS,SS,SS,SS,SS,SS,SS,SS,SS,SS,52.99%,83.48%,92.45%,96.56%,98.45%,99.36%,99.73%,99.90%,99.93%,99.97%,100.00%
360,8,2,0,0,8200,0.00%,0.03%,0.06%,0.15%,0.40%,0.92%,2.11%,4.84%,10.63%,22.74%,65.47%,100.00%,100.00%,100.00%,100.00%,100.00%,100.00%,100.00%,100.00%,100.00%,100.00%
361,8,2,0,1,8201,0.00%,0.01%,0.02%,0.04%,0.14%,0.36%,0.92%,2.36%,5.87%,14.41%,60.20%,100.00%,100.00%,100.00%,100.00%,100.00%,100.00%,100.00%,100.00%,100.00%,100.00%
362,8,2,0,2,8202,0.00%,0.00%,0.00%,0.01%,0.03%,0.09%,0.22%,0.71%,2.16%,6.82%,55.11%,100.00%,100.00%,100.00%,100.00%,100.00%,100.00%,100.00%,100.00%,100.00%,100.00%
363,8,2,1,0,8210,0.01%,0.05%,0.13%,0.32%,0.91%,1.97%,4.31%,9.30%,18.85%,31.07%,68.71%,100.00%,100.00%,100.00%,100.00%,100.00%,100.00%,100.00%,100.00%,100.00%,100.00%
364,8,2,1,1,8211,0.00%,0.02%,0.07%,0.14%,0.36%,0.94%,2.25%,5.49%,12.79%,21.80%,63.13%,100.00%,100.00%,100.00%,100.00%,100.00%,100.00%,100.00%,100.00%,100.00%,100.00%
365,8,2,1,2,8212,0.00%,0.00%,0.01%,0.02%,0.08%,0.27%,0.68%,2.22%,6.69%,13.92%,58.84%,100.00%,100.00%,100.00%,100.00%,100.00%,100.00%,100.00%,100.00%,100.00%,100.00%
366,8,2,2,0,8220,0.00%,0.10%,0.20%,0.39%,0.96%,2.21%,5.08%,11.29%,23.40%,44.01%,78.21%,100.00%,100.00%,100.00%,100.00%,100.00%,100.00%,100.00%,100.00%,100.00%,100.00%
367,8,2,2,1,8221,0.00%,0.02%,0.08%,0.09%,0.40%,1.01%,2.62%,6.59%,15.30%,30.54%,69.78%,100.00%,100.00%,100.00%,100.00%,100.00%,100.00%,100.00%,100.00%,100.00%,100.00%
368,8,2,2,2,8222,0.00%,0.00%,0.02%,0.02%,0.08%,0.25%,0.72%,2.24%,6.82%,17.90%,62.86%,100.00%,100.00%,100.00%,100.00%,100.00%,100.00%,100.00%,100.00%,100.00%,100.00%
369,8,2,3,0,8230,0.04%,0.00%,0.03%,0.50%,0.99%,2.30%,5.23%,11.77%,23.78%,57.23%,91.59%,100.00%,100.00%,100.00%,100.00%,100.00%,100.00%,100.00%,100.00%,100.00%,100.00%
370,8,2,3,1,8231,0.00%,0.00%,0.08%,0.23%,0.39%,1.04%,2.72%,6.95%,15.56%,43.12%,82.05%,100.00%,100.00%,100.00%,100.00%,100.00%,100.00%,100.00%,100.00%,100.00%,100.00%
371,8,2,3,2,8232,0.00%,0.00%,0.00%,0.02%,0.09%,0.25%,0.63%,2.26%,6.81%,18.22%,62.82%,100.00%,100.00%,100.00%,100.00%,100.00%,100.00%,100.00%,100.00%,100.00%,100.00%
372,8,2,4,0,8240,0.00%,0.20%,0.44%,0.89%,2.49%,4.52%,10.22%,19.94%,31.35%,44.63%,76.62%,100.00%,100.00%,100.00%,100.00%,100.00%,100.00%,100.00%,100.00%,100.00%,100.00%
373,8,2,4,1,8241,0.01%,0.06%,0.19%,0.37%,1.12%,2.50%,6.09%,13.89%,23.01%,31.94%,68.94%,100.00%,100.00%,100.00%,100.00%,100.00%,100.00%,100.00%,100.00%,100.00%,100.00%
374,8,2,4,2,8242,0.00%,0.00%,0.03%,0.05%,0.27%,0.77%,2.26%,6.90%,14.10%,21.71%,63.06%,100.00%,100.00%,100.00%,100.00%,100.00%,100.00%,100.00%,100.00%,100.00%,100.00%
375,8,2,5,0,8250,0.00%,0.21%,0.18%,0.86%,2.12%,4.78%,9.68%,19.52%,31.89%,63.09%,93.41%,100.00%,100.00%,100.00%,100.00%,100.00%,100.00%,100.00%,100.00%,100.00%,100.00%
376,8,2,5,1,8251,0.00%,0.06%,0.21%,0.49%,1.09%,2.55%,6.17%,14.37%,25.83%,45.57%,79.37%,100.00%,100.00%,100.00%,100.00%,100.00%,100.00%,100.00%,100.00%,100.00%,100.00%
377,8,2,5,2,8252,0.00%,0.00%,0.00%,0.09%,0.18%,0.78%,2.08%,6.84%,14.15%,22.31%,63.60%,100.00%,100.00%,100.00%,100.00%,100.00%,100.00%,100.00%,100.00%,100.00%,100.00%
378,8,2,6,0,8260,0.07%,0.19%,0.29%,0.77%,2.51%,5.70%,11.59%,24.44%,44.59%,70.48%,92.23%,100.00%,100.00%,100.00%,100.00%,100.00%,100.00%,100.00%,100.00%,100.00%,100.00%
379,8,2,6,1,8261,0.04%,0.12%,0.13%,0.59%,1.16%,3.09%,6.98%,16.33%,31.72%,53.58%,82.77%,100.00%,100.00%,100.00%,100.00%,100.00%,100.00%,100.00%,100.00%,100.00%,100.00%
380,8,2,6,2,8262,0.00%,0.11%,0.06%,0.12%,0.17%,0.65%,1.96%,7.00%,18.22%,26.11%,63.07%,100.00%,100.00%,100.00%,100.00%,100.00%,100.00%,100.00%,100.00%,100.00%,100.00%
381,8,2,7,0,8270,0.00%,0.29%,0.98%,2.15%,5.42%,10.25%,20.31%,32.36%,46.50%,72.43%,94.86%,100.00%,100.00%,100.00%,100.00%,100.00%,100.00%,100.00%,100.00%,100.00%,100.00%
382,8,2,7,1,8271,0.06%,0.23%,0.44%,1.08%,2.79%,6.84%,15.28%,26.23%,37.11%,54.68%,83.04%,100.00%,100.00%,100.00%,100.00%,100.00%,100.00%,100.00%,100.00%,100.00%,100.00%
383,8,2,7,2,8272,0.00%,0.05%,0.00%,0.31%,0.86%,2.13%,6.81%,14.19%,22.05%,29.59%,66.28%,100.00%,100.00%,100.00%,100.00%,100.00%,100.00%,100.00%,100.00%,100.00%,100.00%
384,9,1,0,0,9100,SS,SS,SS,SS,SS,SS,SS,SS,SS,SS,49.96%,82.09%,91.68%,96.23%,98.36%,99.29%,99.70%,99.87%,99.94%,99.98%,100.00%
385,9,1,0,1,9101,SS,SS,SS,SS,SS,SS,SS,SS,SS,SS,44.52%,80.38%,90.86%,95.86%,98.18%,99.21%,99.68%,99.87%,99.95%,99.99%,100.00%
386,9,1,0,2,9102,SS,SS,SS,SS,SS,SS,SS,SS,SS,SS,39.44%,78.76%,90.06%,95.49%,98.03%,99.14%,99.64%,99.86%,99.95%,99.98%,100.00%
387,9,1,1,0,9110,SS,SS,SS,SS,SS,SS,SS,SS,SS,SS,54.34%,83.58%,92.35%,96.52%,98.54%,99.34%,99.72%,99.86%,99.92%,99.97%,99.99%
388,9,1,1,1,9111,SS,SS,SS,SS,SS,SS,SS,SS,SS,SS,48.27%,81.69%,91.54%,96.14%,98.35%,99.27%,99.69%,99.88%,99.92%,99.98%,100.00%
389,9,1,1,2,9112,SS,SS,SS,SS,SS,SS,SS,SS,SS,SS,43.46%,80.12%,90.72%,95.77%,98.22%,99.17%,99.64%,99.88%,99.93%,99.99%,99.99%
390,9,1,2,0,9120,SS,SS,SS,SS,SS,SS,SS,SS,SS,SS,63.39%,86.26%,93.78%,97.18%,98.78%,99.52%,99.79%,99.93%,99.92%,100.00%,100.00%
391,9,1,2,1,9121,SS,SS,SS,SS,SS,SS,SS,SS,SS,SS,54.35%,83.63%,92.38%,96.58%,98.52%,99.39%,99.73%,99.90%,99.91%,99.99%,100.00%
392,9,1,2,2,9122,SS,SS,SS,SS,SS,SS,SS,SS,SS,SS,47.04%,81.23%,91.19%,95.98%,98.23%,99.27%,99.65%,99.89%,99.93%,99.98%,100.00%
393,9,1,3,0,9130,SS,SS,SS,SS,SS,SS,SS,SS,SS,SS,74.65%,89.81%,95.26%,97.75%,99.25%,99.49%,99.81%,99.90%,99.97%,100.00%,100.00%
394,9,1,3,1,9131,SS,SS,SS,SS,SS,SS,SS,SS,SS,SS,64.94%,86.32%,93.82%,97.12%,98.84%,99.47%,99.82%,99.94%,99.97%,99.95%,100.00%
395,9,1,3,2,9132,SS,SS,SS,SS,SS,SS,SS,SS,SS,SS,46.67%,80.87%,91.03%,95.98%,98.27%,99.20%,99.72%,99.90%,99.93%,99.96%,100.00%
396,9,1,4,0,9140,SS,SS,SS,SS,SS,SS,SS,SS,SS,SS,63.57%,86.67%,93.84%,97.20%,98.75%,99.46%,99.70%,99.79%,99.95%,99.96%,100.00%
397,9,1,4,1,9141,SS,SS,SS,SS,SS,SS,SS,SS,SS,SS,54.95%,84.04%,92.63%,96.65%,98.54%,99.33%,99.73%,99.83%,99.97%,99.97%,100.00%
398,9,1,4,2,9142,SS,SS,SS,SS,SS,SS,SS,SS,SS,SS,48.42%,82.08%,91.60%,96.12%,98.29%,99.23%,99.67%,99.85%,99.94%,99.99%,100.00%
399,9,1,5,0,9150,SS,SS,SS,SS,SS,SS,SS,SS,SS,SS,78.39%,90.93%,96.05%,98.03%,99.32%,99.61%,99.95%,99.85%,99.94%,100.00%,100.00%
400,9,1,5,1,9151,SS,SS,SS,SS,SS,SS,SS,SS,SS,SS,64.67%,86.61%,93.75%,97.32%,98.96%,99.47%,99.79%,99.91%,99.94%,99.95%,100.00%
401,9,1,5,2,9152,SS,SS,SS,SS,SS,SS,SS,SS,SS,SS,48.67%,81.71%,91.60%,96.20%,98.38%,99.27%,99.66%,99.89%,99.95%,99.95%,99.98%
402,9,1,6,0,9160,SS,SS,SS,SS,SS,SS,SS,SS,SS,SS,79.69%,92.26%,96.18%,98.25%,99.27%,99.71%,99.85%,99.87%,100.00%,100.00%,100.00%
403,9,1,6,1,9161,SS,SS,SS,SS,SS,SS,SS,SS,SS,SS,69.20%,88.22%,94.71%,97.63%,98.92%,99.61%,99.78%,99.88%,99.98%,99.96%,100.00%
404,9,1,6,2,9162,SS,SS,SS,SS,SS,SS,SS,SS,SS,SS,49.56%,82.15%,92.05%,96.34%,98.18%,99.42%,99.63%,99.89%,99.96%,99.93%,100.00%
405,9,1,7,0,9170,SS,SS,SS,SS,SS,SS,SS,SS,SS,SS,82.62%,92.54%,96.73%,98.51%,99.46%,99.75%,99.91%,99.97%,100.00%,100.00%,100.00%
406,9,1,7,1,9171,SS,SS,SS,SS,SS,SS,SS,SS,SS,SS,70.49%,88.79%,94.81%,97.71%,99.01%,99.57%,99.82%,99.93%,99.98%,100.00%,100.00%
407,9,1,7,2,9172,SS,SS,SS,SS,SS,SS,SS,SS,SS,SS,52.99%,83.48%,92.45%,96.56%,98.45%,99.36%,99.73%,99.90%,99.93%,99.97%,100.00%
408,9,2,0,0,9200,0.00%,0.03%,0.06%,0.15%,0.40%,0.92%,2.11%,4.84%,10.63%,22.74%,65.47%,100.00%,100.00%,100.00%,100.00%,100.00%,100.00%,100.00%,100.00%,100.00%,100.00%
409,9,2,0,1,9201,0.00%,0.01%,0.02%,0.04%,0.14%,0.36%,0.92%,2.36%,5.87%,14.41%,60.20%,100.00%,100.00%,100.00%,100.00%,100.00%,100.00%,100.00%,100.00%,100.00%,100.00%
410,9,2,0,2,9202,0.00%,0.00%,0.00%,0.01%,0.03%,0.09%,0.22%,0.71%,2.16%,6.82%,55.11%,100.00%,100.00%,100.00%,100.00%,100.00%,100.00%,100.00%,100.00%,100.00%,100.00%
411,9,2,1,0,9210,0.01%,0.05%,0.13%,0.32%,0.91%,1.97%,4.31%,9.30%,18.85%,31.07%,68.71%,100.00%,100.00%,100.00%,100.00%,100.00%,100.00%,100.00%,100.00%,100.00%,100.00%
412,9,2,1,1,9211,0.00%,0.02%,0.07%,0.14%,0.36%,0.94%,2.25%,5.49%,12.79%,21.80%,63.13%,100.00%,100.00%,100.00%,100.00%,100.00%,100.00%,100.00%,100.00%,100.00%,100.00%
413,9,2,1,2,9212,0.00%,0.00%,0.01%,0.02%,0.08%,0.27%,0.68%,2.22%,6.69%,13.92%,58.84%,100.00%,100.00%,100.00%,100.00%,100.00%,100.00%,100.00%,100.00%,100.00%,100.00%
414,9,2,2,0,9220,0.00%,0.10%,0.20%,0.39%,0.96%,2.21%,5.08%,11.29%,23.40%,44.01%,78.21%,100.00%,100.00%,100.00%,100.00%,100.00%,100.00%,100.00%,100.00%,100.00%,100.00%
415,9,2,2,1,9221,0.00%,0.02%,0.08%,0.09%,0.40%,1.01%,2.62%,6.59%,15.30%,30.54%,69.78%,100.00%,100.00%,100.00%,100.00%,100.00%,100.00%,100.00%,100.00%,100.00%,100.00%
416,9,2,2,2,9222,0.00%,0.00%,0.02%,0.02%,0.08%,0.25%,0.72%,2.24%,6.82%,17.90%,62.86%,100.00%,100.00%,100.00%,100.00%,100.00%,100.00%,100.00%,100.00%,100.00%,100.00%
417,9,2,3,0,9230,0.04%,0.00%,0.03%,0.50%,0.99%,2.30%,5.23%,11.77%,23.78%,57.23%,91.59%,100.00%,100.00%,100.00%,100.00%,100.00%,100.00%,100.00%,100.00%,100.00%,100.00%
418,9,2,3,1,9231,0.00%,0.00%,0.08%,0.23%,0.39%,1.04%,2.72%,6.95%,15.56%,43.12%,82.05%,100.00%,100.00%,100.00%,100.00%,100.00%,100.00%,100.00%,100.00%,100.00%,100.00%
419,9,2,3,2,9232,0.00%,0.00%,0.00%,0.02%,0.09%,0.25%,0.63%,2.26%,6.81%,18.22%,62.82%,100.00%,100.00%,100.00%,100.00%,100.00%,100.00%,100.00%,100.00%,100.00%,100.00%
420,9,2,4,0,9240,0.00%,0.20%,0.44%,0.89%,2.49%,4.52%,10.22%,19.94%,31.35%,44.63%,76.62%,100.00%,100.00%,100.00%,100.00%,100.00%,100.00%,100.00%,100.00%,100.00%,100.00%
421,9,2,4,1,9241,0.01%,0.06%,0.19%,0.37%,1.12%,2.50%,6.09%,13.89%,23.01%,31.94%,68.94%,100.00%,100.00%,100.00%,100.00%,100.00%,100.00%,100.00%,100.00%,100.00%,100.00%
422,9,2,4,2,9242,0.00%,0.00%,0.03%,0.05%,0.27%,0.77%,2.26%,6.90%,14.10%,21.71%,63.06%,100.00%,100.00%,100.00%,100.00%,100.00%,100.00%,100.00%,100.00%,100.00%,100.00%
423,9,2,5,0,9250,0.00%,0.21%,0.18%,0.86%,2.12%,4.78%,9.68%,19.52%,31.89%,63.09%,93.41%,100.00%,100.00%,100.00%,100.00%,100.00%,100.00%,100.00%,100.00%,100.00%,100.00%
424,9,2,5,1,9251,0.00%,0.06%,0.21%,0.49%,1.09%,2.55%,6.17%,14.37%,25.83%,45.57%,79.37%,100.00%,100.00%,100.00%,100.00%,100.00%,100.00%,100.00%,100.00%,100.00%,100.00%
425,9,2,5,2,9252,0.00%,0.00%,0.00%,0.09%,0.18%,0.78%,2.08%,6.84%,14.15%,22.31%,63.60%,100.00%,100.00%,100.00%,100.00%,100.00%,100.00%,100.00%,100.00%,100.00%,100.00%
426,9,2,6,0,9260,0.07%,0.19%,0.29%,0.77%,2.51%,5.70%,11.59%,24.44%,44.59%,70.48%,92.23%,100.00%,100.00%,100.00%,100.00%,100.00%,100.00%,100.00%,100.00%,100.00%,100.00%
427,9,2,6,1,9261,0.04%,0.12%,0.13%,0.59%,1.16%,3.09%,6.98%,16.33%,31.72%,53.58%,82.77%,100.00%,100.00%,100.00%,100.00%,100.00%,100.00%,100.00%,100.00%,100.00%,100.00%
428,9,2,6,2,9262,0.00%,0.11%,0.06%,0.12%,0.17%,0.65%,1.96%,7.00%,18.22%,26.11%,63.07%,100.00%,100.00%,100.00%,100.00%,100.00%,100.00%,100.00%,100.00%,100.00%,100.00%
429,9,2,7,0,9270,0.00%,0.29%,0.98%,2.15%,5.42%,10.25%,20.31%,32.36%,46.50%,72.43%,94.86%,100.00%,100.00%,100.00%,100.00%,100.00%,100.00%,100.00%,100.00%,100.00%,100.00%
430,9,2,7,1,9271,0.06%,0.23%,0.44%,1.08%,2.79%,6.84%,15.28%,26.23%,37.11%,54.68%,83.04%,100.00%,100.00%,100.00%,100.00%,100.00%,100.00%,100.00%,100.00%,100.00%,100.00%
431,9,2,7,2,9272,0.00%,0.05%,0.00%,0.31%,0.86%,2.13%,6.81%,14.19%,22.05%,29.59%,66.28%,100.00%,100.00%,100.00%,100.00%,100.00%,100.00%,100.00%,100.00%,100.00%,100.00%
432,10,1,0,0,10100,SS,SS,SS,SS,SS,SS,SS,SS,SS,SS,49.96%,82.09%,91.68%,96.23%,98.36%,99.29%,99.70%,99.87%,99.94%,99.98%,100.00%
433,10,1,0,1,10101,SS,SS,SS,SS,SS,SS,SS,SS,SS,SS,44.52%,80.38%,90.86%,95.86%,98.18%,99.21%,99.68%,99.87%,99.95%,99.99%,100.00%
434,10,1,0,2,10102,SS,SS,SS,SS,SS,SS,SS,SS,SS,SS,39.44%,78.76%,90.06%,95.49%,98.03%,99.14%,99.64%,99.86%,99.95%,99.98%,100.00%
435,10,1,1,0,10110,SS,SS,SS,SS,SS,SS,SS,SS,SS,SS,54.34%,83.58%,92.35%,96.52%,98.54%,99.34%,99.72%,99.86%,99.92%,99.97%,99.99%
436,10,1,1,1,10111,SS,SS,SS,SS,SS,SS,SS,SS,SS,SS,48.27%,81.69%,91.54%,96.14%,98.35%,99.27%,99.69%,99.88%,99.92%,99.98%,100.00%
437,10,1,1,2,10112,SS,SS,SS,SS,SS,SS,SS,SS,SS,SS,43.46%,80.12%,90.72%,95.77%,98.22%,99.17%,99.64%,99.88%,99.93%,99.99%,99.99%
438,10,1,2,0,10120,SS,SS,SS,SS,SS,SS,SS,SS,SS,SS,63.39%,86.26%,93.78%,97.18%,98.78%,99.52%,99.79%,99.93%,99.92%,100.00%,100.00%
439,10,1,2,1,10121,SS,SS,SS,SS,SS,SS,SS,SS,SS,SS,54.35%,83.63%,92.38%,96.58%,98.52%,99.39%,99.73%,99.90%,99.91%,99.99%,100.00%
440,10,1,2,2,10122,SS,SS,SS,SS,SS,SS,SS,SS,SS,SS,47.04%,81.23%,91.19%,95.98%,98.23%,99.27%,99.65%,99.89%,99.93%,99.98%,100.00%
441,10,1,3,0,10130,SS,SS,SS,SS,SS,SS,SS,SS,SS,SS,74.65%,89.81%,95.26%,97.75%,99.25%,99.49%,99.81%,99.90%,99.97%,100.00%,100.00%
442,10,1,3,1,10131,SS,SS,SS,SS,SS,SS,SS,SS,SS,SS,64.94%,86.32%,93.82%,97.12%,98.84%,99.47%,99.82%,99.94%,99.97%,99.95%,100.00%
443,10,1,3,2,10132,SS,SS,SS,SS,SS,SS,SS,SS,SS,SS,46.67%,80.87%,91.03%,95.98%,98.27%,99.20%,99.72%,99.90%,99.93%,99.96%,100.00%
444,10,1,4,0,10140,SS,SS,SS,SS,SS,SS,SS,SS,SS,SS,63.57%,86.67%,93.84%,97.20%,98.75%,99.46%,99.70%,99.79%,99.95%,99.96%,100.00%
445,10,1,4,1,10141,SS,SS,SS,SS,SS,SS,SS,SS,SS,SS,54.95%,84.04%,92.63%,96.65%,98.54%,99.33%,99.73%,99.83%,99.97%,99.97%,100.00%
446,10,1,4,2,10142,SS,SS,SS,SS,SS,SS,SS,SS,SS,SS,48.42%,82.08%,91.60%,96.12%,98.29%,99.23%,99.67%,99.85%,99.94%,99.99%,100.00%
447,10,1,5,0,10150,SS,SS,SS,SS,SS,SS,SS,SS,SS,SS,78.39%,90.93%,96.05%,98.03%,99.32%,99.61%,99.95%,99.85%,99.94%,100.00%,100.00%
448,10,1,5,1,10151,SS,SS,SS,SS,SS,SS,SS,SS,SS,SS,64.67%,86.61%,93.75%,97.32%,98.96%,99.47%,99.79%,99.91%,99.94%,99.95%,100.00%
449,10,1,5,2,10152,SS,SS,SS,SS,SS,SS,SS,SS,SS,SS,48.67%,81.71%,91.60%,96.20%,98.38%,99.27%,99.66%,99.89%,99.95%,99.95%,99.98%
450,10,1,6,0,10160,SS,SS,SS,SS,SS,SS,SS,SS,SS,SS,79.69%,92.26%,96.18%,98.25%,99.27%,99.71%,99.85%,99.87%,100.00%,100.00%,100.00%
451,10,1,6,1,10161,SS,SS,SS,SS,SS,SS,SS,SS,SS,SS,69.20%,88.22%,94.71%,97.63%,98.92%,99.61%,99.78%,99.88%,99.98%,99.96%,100.00%
452,10,1,6,2,10162,SS,SS,SS,SS,SS,SS,SS,SS,SS,SS,49.56%,82.15%,92.05%,96.34%,98.18%,99.42%,99.63%,99.89%,99.96%,99.93%,100.00%
453,10,1,7,0,10170,SS,SS,SS,SS,SS,SS,SS,SS,SS,SS,82.62%,92.54%,96.73%,98.51%,99.46%,99.75%,99.91%,99.97%,100.00%,100.00%,100.00%
454,10,1,7,1,10171,SS,SS,SS,SS,SS,SS,SS,SS,SS,SS,70.49%,88.79%,94.81%,97.71%,99.01%,99.57%,99.82%,99.93%,99.98%,100.00%,100.00%
455,10,1,7,2,10172,SS,SS,SS,SS,SS,SS,SS,SS,SS,SS,52.99%,83.48%,92.45%,96.56%,98.45%,99.36%,99.73%,99.90%,99.93%,99.97%,100.00%
456,10,2,0,0,10200,0.00%,0.03%,0.06%,0.15%,0.40%,0.92%,2.11%,4.84%,10.63%,22.74%,65.47%,100.00%,100.00%,100.00%,100.00%,100.00%,100.00%,100.00%,100.00%,100.00%,100.00%
457,10,2,0,1,10201,0.00%,0.01%,0.02%,0.04%,0.14%,0.36%,0.92%,2.36%,5.87%,14.41%,60.20%,100.00%,100.00%,100.00%,100.00%,100.00%,100.00%,100.00%,100.00%,100.00%,100.00%
458,10,2,0,2,10202,0.00%,0.00%,0.00%,0.01%,0.03%,0.09%,0.22%,0.71%,2.16%,6.82%,55.11%,100.00%,100.00%,100.00%,100.00%,100.00%,100.00%,100.00%,100.00%,100.00%,100.00%
459,10,2,1,0,10210,0.01%,0.05%,0.13%,0.32%,0.91%,1.97%,4.31%,9.30%,18.85%,31.07%,68.71%,100.00%,100.00%,100.00%,100.00%,100.00%,100.00%,100.00%,100.00%,100.00%,100.00%
460,10,2,1,1,10211,0.00%,0.02%,0.07%,0.14%,0.36%,0.94%,2.25%,5.49%,12.79%,21.80%,63.13%,100.00%,100.00%,100.00%,100.00%,100.00%,100.00%,100.00%,100.00%,100.00%,100.00%
461,10,2,1,2,10212,0.00%,0.00%,0.01%,0.02%,0.08%,0.27%,0.68%,2.22%,6.69%,13.92%,58.84%,100.00%,100.00%,100.00%,100.00%,100.00%,100.00%,100.00%,100.00%,100.00%,100.00%
462,10,2,2,0,10220,0.00%,0.10%,0.20%,0.39%,0.96%,2.21%,5.08%,11.29%,23.40%,44.01%,78.21%,100.00%,100.00%,100.00%,100.00%,100.00%,100.00%,100.00%,100.00%,100.00%,100.00%
463,10,2,2,1,10221,0.00%,0.02%,0.08%,0.09%,0.40%,1.01%,2.62%,6.59%,15.30%,30.54%,69.78%,100.00%,100.00%,100.00%,100.00%,100.00%,100.00%,100.00%,100.00%,100.00%,100.00%
464,10,2,2,2,10222,0.00%,0.00%,0.02%,0.02%,0.08%,0.25%,0.72%,2.24%,6.82%,17.90%,62.86%,100.00%,100.00%,100.00%,100.00%,100.00%,100.00%,100.00%,100.00%,100.00%,100.00%
465,10,2,3,0,10230,0.04%,0.00%,0.03%,0.50%,0.99%,2.30%,5.23%,11.77%,23.78%,57.23%,91.59%,100.00%,100.00%,100.00%,100.00%,100.00%,100.00%,100.00%,100.00%,100.00%,100.00%
466,10,2,3,1,10231,0.00%,0.00%,0.08%,0.23%,0.39%,1.04%,2.72%,6.95%,15.56%,43.12%,82.05%,100.00%,100.00%,100.00%,100.00%,100.00%,100.00%,100.00%,100.00%,100.00%,100.00%
467,10,2,3,2,10232,0.00%,0.00%,0.00%,0.02%,0.09%,0.25%,0.63%,2.26%,6.81%,18.22%,62.82%,100.00%,100.00%,100.00%,100.00%,100.00%,100.00%,100.00%,100.00%,100.00%,100.00%
468,10,2,4,0,10240,0.00%,0.20%,0.44%,0.89%,2.49%,4.52%,10.22%,19.94%,31.35%,44.63%,76.62%,100.00%,100.00%,100.00%,100.00%,100.00%,100.00%,100.00%,100.00%,100.00%,100.00%
469,10,2,4,1,10241,0.01%,0.06%,0.19%,0.37%,1.12%,2.50%,6.09%,13.89%,23.01%,31.94%,68.94%,100.00%,100.00%,100.00%,100.00%,100.00%,100.00%,100.00%,100.00%,100.00%,100.00%
470,10,2,4,2,10242,0.00%,0.00%,0.03%,0.05%,0.27%,0.77%,2.26%,6.90%,14.10%,21.71%,63.06%,100.00%,100.00%,100.00%,100.00%,100.00%,100.00%,100.00%,100.00%,100.00%,100.00%
471,10,2,5,0,10250,0.00%,0.21%,0.18%,0.86%,2.12%,4.78%,9.68%,19.52%,31.89%,63.09%,93.41%,100.00%,100.00%,100.00%,100.00%,100.00%,100.00%,100.00%,100.00%,100.00%,100.00%
472,10,2,5,1,10251,0.00%,0.06%,0.21%,0.49%,1.09%,2.55%,6.17%,14.37%,25.83%,45.57%,79.37%,100.00%,100.00%,100.00%,100.00%,100.00%,100.00%,100.00%,100.00%,100.00%,100.00%
473,10,2,5,2,10252,0.00%,0.00%,0.00%,0.09%,0.18%,0.78%,2.08%,6.84%,14.15%,22.31%,63.60%,100.00%,100.00%,100.00%,100.00%,100.00%,100.00%,100.00%,100.00%,100.00%,100.00%
474,10,2,6,0,10260,0.07%,0.19%,0.29%,0.77%,2.51%,5.70%,11.59%,24.44%,44.59%,70.48%,92.23%,100.00%,100.00%,100.00%,100.00%,100.00%,100.00%,100.00%,100.00%,100.00%,100.00%
475,10,2,6,1,10261,0.04%,0.12%,0.13%,0.59%,1.16%,3.09%,6.98%,16.33%,31.72%,53.58%,82.77%,100.00%,100.00%,100.00%,100.00%,100.00%,100.00%,100.00%,100.00%,100.00%,100.00%
476,10,2,6,2,10262,0.00%,0.11%,0.06%,0.12%,0.17%,0.65%,1.96%,7.00%,18.22%,26.11%,63.07%,100.00%,100.00%,100.00%,100.00%,100.00%,100.00%,100.00%,100.00%,100.00%,100.00%
477,10,2,7,0,10270,0.00%,0.29%,0.98%,2.15%,5.42%,10.25%,20.31%,32.36%,46.50%,72.43%,94.86%,100.00%,100.00%,100.00%,100.00%,100.00%,100.00%,100.00%,100.00%,100.00%,100.00%
478,10,2,7,1,10271,0.06%,0.23%,0.44%,1.08%,2.79%,6.84%,15.28%,26.23%,37.11%,54.68%,83.04%,100.00%,100.00%,100.00%,100.00%,100.00%,100.00%,100.00%,100.00%,100.00%,100.00%
479,10,2,7,2,10272,0.00%,0.05%,0.00%,0.31%,0.86%,2.13%,6.81%,14.19%,22.05%,29.59%,66.28%,100.00%,100.00%,100.00%,100.00%,100.00%,100.00%,100.00%,100.00%,100.00%,100.00%
480,11,1,0,0,11100,SS,SS,SS,SS,SS,SS,SS,SS,SS,SS,49.96%,82.09%,91.68%,96.23%,98.36%,99.29%,99.70%,99.87%,99.94%,99.98%,100.00%
481,11,1,0,1,11101,SS,SS,SS,SS,SS,SS,SS,SS,SS,SS,44.52%,80.38%,90.86%,95.86%,98.18%,99.21%,99.68%,99.87%,99.95%,99.99%,100.00%
482,11,1,0,2,11102,SS,SS,SS,SS,SS,SS,SS,SS,SS,SS,39.44%,78.76%,90.06%,95.49%,98.03%,99.14%,99.64%,99.86%,99.95%,99.98%,100.00%
483,11,1,1,0,11110,SS,SS,SS,SS,SS,SS,SS,SS,SS,SS,54.34%,83.58%,92.35%,96.52%,98.54%,99.34%,99.72%,99.86%,99.92%,99.97%,99.99%
484,11,1,1,1,11111,SS,SS,SS,SS,SS,SS,SS,SS,SS,SS,48.27%,81.69%,91.54%,96.14%,98.35%,99.27%,99.69%,99.88%,99.92%,99.98%,100.00%
485,11,1,1,2,11112,SS,SS,SS,SS,SS,SS,SS,SS,SS,SS,43.46%,80.12%,90.72%,95.77%,98.22%,99.17%,99.64%,99.88%,99.93%,99.99%,99.99%
486,11,1,2,0,11120,SS,SS,SS,SS,SS,SS,SS,SS,SS,SS,63.39%,86.26%,93.78%,97.18%,98.78%,99.52%,99.79%,99.93%,99.92%,100.00%,100.00%
487,11,1,2,1,11121,SS,SS,SS,SS,SS,SS,SS,SS,SS,SS,54.35%,83.63%,92.38%,96.58%,98.52%,99.39%,99.73%,99.90%,99.91%,99.99%,100.00%
488,11,1,2,2,11122,SS,SS,SS,SS,SS,SS,SS,SS,SS,SS,47.04%,81.23%,91.19%,95.98%,98.23%,99.27%,99.65%,99.89%,99.93%,99.98%,100.00%
489,11,1,3,0,11130,SS,SS,SS,SS,SS,SS,SS,SS,SS,SS,74.65%,89.81%,95.26%,97.75%,99.25%,99.49%,99.81%,99.90%,99.97%,100.00%,100.00%
490,11,1,3,1,11131,SS,SS,SS,SS,SS,SS,SS,SS,SS,SS,64.94%,86.32%,93.82%,97.12%,98.84%,99.47%,99.82%,99.94%,99.97%,99.95%,100.00%
491,11,1,3,2,11132,SS,SS,SS,SS,SS,SS,SS,SS,SS,SS,46.67%,80.87%,91.03%,95.98%,98.27%,99.20%,99.72%,99.90%,99.93%,99.96%,100.00%
492,11,1,4,0,11140,SS,SS,SS,SS,SS,SS,SS,SS,SS,SS,63.57%,86.67%,93.84%,97.20%,98.75%,99.46%,99.70%,99.79%,99.95%,99.96%,100.00%
493,11,1,4,1,11141,SS,SS,SS,SS,SS,SS,SS,SS,SS,SS,54.95%,84.04%,92.63%,96.65%,98.54%,99.33%,99.73%,99.83%,99.97%,99.97%,100.00%
494,11,1,4,2,11142,SS,SS,SS,SS,SS,SS,SS,SS,SS,SS,48.42%,82.08%,91.60%,96.12%,98.29%,99.23%,99.67%,99.85%,99.94%,99.99%,100.00%
495,11,1,5,0,11150,SS,SS,SS,SS,SS,SS,SS,SS,SS,SS,78.39%,90.93%,96.05%,98.03%,99.32%,99.61%,99.95%,99.85%,99.94%,100.00%,100.00%
496,11,1,5,1,11151,SS,SS,SS,SS,SS,SS,SS,SS,SS,SS,64.67%,86.61%,93.75%,97.32%,98.96%,99.47%,99.79%,99.91%,99.94%,99.95%,100.00%
497,11,1,5,2,11152,SS,SS,SS,SS,SS,SS,SS,SS,SS,SS,48.67%,81.71%,91.60%,96.20%,98.38%,99.27%,99.66%,99.89%,99.95%,99.95%,99.98%
498,11,1,6,0,11160,SS,SS,SS,SS,SS,SS,SS,SS,SS,SS,79.69%,92.26%,96.18%,98.25%,99.27%,99.71%,99.85%,99.87%,100.00%,100.00%,100.00%
499,11,1,6,1,11161,SS,SS,SS,SS,SS,SS,SS,SS,SS,SS,69.20%,88.22%,94.71%,97.63%,98.92%,99.61%,99.78%,99.88%,99.98%,99.96%,100.00%
500,11,1,6,2,11162,SS,SS,SS,SS,SS,SS,SS,SS,SS,SS,49.56%,82.15%,92.05%,96.34%,98.18%,99.42%,99.63%,99.89%,99.96%,99.93%,100.00%
501,11,1,7,0,11170,SS,SS,SS,SS,SS,SS,SS,SS,SS,SS,82.62%,92.54%,96.73%,98.51%,99.46%,99.75%,99.91%,99.97%,100.00%,100.00%,100.00%
502,11,1,7,1,11171,SS,SS,SS,SS,SS,SS,SS,SS,SS,SS,70.49%,88.79%,94.81%,97.71%,99.01%,99.57%,99.82%,99.93%,99.98%,100.00%,100.00%
503,11,1,7,2,11172,SS,SS,SS,SS,SS,SS,SS,SS,SS,SS,52.99%,83.48%,92.45%,96.56%,98.45%,99.36%,99.73%,99.90%,99.93%,99.97%,100.00%
504,11,2,0,0,11200,0.00%,0.03%,0.06%,0.15%,0.40%,0.92%,2.11%,4.84%,10.63%,22.74%,65.47%,100.00%,100.00%,100.00%,100.00%,100.00%,100.00%,100.00%,100.00%,100.00%,100.00%
505,11,2,0,1,11201,0.00%,0.01%,0.02%,0.04%,0.14%,0.36%,0.92%,2.36%,5.87%,14.41%,60.20%,100.00%,100.00%,100.00%,100.00%,100.00%,100.00%,100.00%,100.00%,100.00%,100.00%
506,11,2,0,2,11202,0.00%,0.00%,0.00%,0.01%,0.03%,0.09%,0.22%,0.71%,2.16%,6.82%,55.11%,100.00%,100.00%,100.00%,100.00%,100.00%,100.00%,100.00%,100.00%,100.00%,100.00%
507,11,2,1,0,11210,0.01%,0.05%,0.13%,0.32%,0.91%,1.97%,4.31%,9.30%,18.85%,31.07%,68.71%,100.00%,100.00%,100.00%,100.00%,100.00%,100.00%,100.00%,100.00%,100.00%,100.00%
508,11,2,1,1,11211,0.00%,0.02%,0.07%,0.14%,0.36%,0.94%,2.25%,5.49%,12.79%,21.80%,63.13%,100.00%,100.00%,100.00%,100.00%,100.00%,100.00%,100.00%,100.00%,100.00%,100.00%
509,11,2,1,2,11212,0.00%,0.00%,0.01%,0.02%,0.08%,0.27%,0.68%,2.22%,6.69%,13.92%,58.84%,100.00%,100.00%,100.00%,100.00%,100.00%,100.00%,100.00%,100.00%,100.00%,100.00%
510,11,2,2,0,11220,0.00%,0.10%,0.20%,0.39%,0.96%,2.21%,5.08%,11.29%,23.40%,44.01%,78.21%,100.00%,100.00%,100.00%,100.00%,100.00%,100.00%,100.00%,100.00%,100.00%,100.00%
511,11,2,2,1,11221,0.00%,0.02%,0.08%,0.09%,0.40%,1.01%,2.62%,6.59%,15.30%,30.54%,69.78%,100.00%,100.00%,100.00%,100.00%,100.00%,100.00%,100.00%,100.00%,100.00%,100.00%
512,11,2,2,2,11222,0.00%,0.00%,0.02%,0.02%,0.08%,0.25%,0.72%,2.24%,6.82%,17.90%,62.86%,100.00%,100.00%,100.00%,100.00%,100.00%,100.00%,100.00%,100.00%,100.00%,100.00%
513,11,2,3,0,11230,0.04%,0.00%,0.03%,0.50%,0.99%,2.30%,5.23%,11.77%,23.78%,57.23%,91.59%,100.00%,100.00%,100.00%,100.00%,100.00%,100.00%,100.00%,100.00%,100.00%,100.00%
514,11,2,3,1,11231,0.00%,0.00%,0.08%,0.23%,0.39%,1.04%,2.72%,6.95%,15.56%,43.12%,82.05%,100.00%,100.00%,100.00%,100.00%,100.00%,100.00%,100.00%,100.00%,100.00%,100.00%
515,11,2,3,2,11232,0.00%,0.00%,0.00%,0.02%,0.09%,0.25%,0.63%,2.26%,6.81%,18.22%,62.82%,100.00%,100.00%,100.00%,100.00%,100.00%,100.00%,100.00%,100.00%,100.00%,100.00%
516,11,2,4,0,11240,0.00%,0.20%,0.44%,0.89%,2.49%,4.52%,10.22%,19.94%,31.35%,44.63%,76.62%,100.00%,100.00%,100.00%,100.00%,100.00%,100.00%,100.00%,100.00%,100.00%,100.00%
517,11,2,4,1,11241,0.01%,0.06%,0.19%,0.37%,1.12%,2.50%,6.09%,13.89%,23.01%,31.94%,68.94%,100.00%,100.00%,100.00%,100.00%,100.00%,100.00%,100.00%,100.00%,100.00%,100.00%
518,11,2,4,2,11242,0.00%,0.00%,0.03%,0.05%,0.27%,0.77%,2.26%,6.90%,14.10%,21.71%,63.06%,100.00%,100.00%,100.00%,100.00%,100.00%,100.00%,100.00%,100.00%,100.00%,100.00%
519,11,2,5,0,11250,0.00%,0.21%,0.18%,0.86%,2.12%,4.78%,9.68%,19.52%,31.89%,63.09%,93.41%,100.00%,100.00%,100.00%,100.00%,100.00%,100.00%,100.00%,100.00%,100.00%,100.00%
520,11,2,5,1,11251,0.00%,0.06%,0.21%,0.49%,1.09%,2.55%,6.17%,14.37%,25.83%,45.57%,79.37%,100.00%,100.00%,100.00%,100.00%,100.00%,100.00%,100.00%,100.00%,100.00%,100.00%
521,11,2,5,2,11252,0.00%,0.00%,0.00%,0.09%,0.18%,0.78%,2.08%,6.84%,14.15%,22.31%,63.60%,100.00%,100.00%,100.00%,100.00%,100.00%,100.00%,100.00%,100.00%,100.00%,100.00%
522,11,2,6,0,11260,0.07%,0.19%,0.29%,0.77%,2.51%,5.70%,11.59%,24.44%,44.59%,70.48%,92.23%,100.00%,100.00%,100.00%,100.00%,100.00%,100.00%,100.00%,100.00%,100.00%,100.00%
523,11,2,6,1,11261,0.04%,0.12%,0.13%,0.59%,1.16%,3.09%,6.98%,16.33%,31.72%,53.58%,82.77%,100.00%,100.00%,100.00%,100.00%,100.00%,100.00%,100.00%,100.00%,100.00%,100.00%
524,11,2,6,2,11262,0.00%,0.11%,0.06%,0.12%,0.17%,0.65%,1.96%,7.00%,18.22%,26.11%,63.07%,100.00%,100.00%,100.00%,100.00%,100.00%,100.00%,100.00%,100.00%,100.00%,100.00%
525,11,2,7,0,11270,0.00%,0.29%,0.98%,2.15%,5.42%,10.25%,20.31%,32.36%,46.50%,72.43%,94.86%,100.00%,100.00%,100.00%,100.00%,100.00%,100.00%,100.00%,100.00%,100.00%,100.00%
526,11,2,7,1,11271,0.06%,0.23%,0.44%,1.08%,2.79%,6.84%,15.28%,26.23%,37.11%,54.68%,83.04%,100.00%,100.00%,100.00%,100.00%,100.00%,100.00%,100.00%,100.00%,100.00%,100.00%
527,11,2,7,2,11272,0.00%,0.05%,0.00%,0.31%,0.86%,2.13%,6.81%,14.19%,22.05%,29.59%,66.28%,100.00%,100.00%,100.00%,100.00%,100.00%,100.00%,100.00%,100.00%,100.00%,100.00%
,,,,,,,,,,,,,,,,,,,,,,,,,,
,,,,,,,,,,,,,,,,,,,,,,,,,,
,,,,,,,,,,,,,,,,,,,,,,,,,,
,,,,,,,,,,,,,,,,,,,,,,,,,,
,,,,,,,,,,,,,,,,,,,,,,,,,,
,9,9,9,9,9999,100.00%,100.00%,100.00%,100.00%,100.00%,100.00%,100.00%,100.00%,100.00%,100.00%,100.00%,100.00%,100.00%,100.00%,100.00%,100.00%,100.00%,100.00%,100.00%,100.00%,100.00%